date,symbol,series,isin,open,high,low,close,volume,turnover
2010-01-04,ASIANPAINT,,,1791,1799.9,1780,1788.65,8035,14383711.3
2010-01-05,ASIANPAINT,,,1798,1804.95,1785,1794.3,84910,152394376.3
2010-01-06,ASIANPAINT,,,1814.75,1814.75,1781,1788.9,7345,13170055.4
2010-01-07,ASIANPAINT,,,1798.75,1798.75,1769,1770.65,24032,42704570.35
2010-01-08,ASIANPAINT,,,1774.5,1834,1770.65,1799.9,71131,128388310.4
2010-01-11,ASIANPAINT,,,1780,1819.9,1775.05,1796.85,17342,31076168.6
2010-01-12,ASIANPAINT,,,1790,1879,1790,1843.75,114801,211994183.25
2010-01-13,ASIANPAINT,,,1770,1877,1711.6,1858.25,43205,80203293.95
2010-01-14,ASIANPAINT,,,1873,1928,1865.2,1881.7,23089,43536025.05
2010-01-15,ASIANPAINT,,,1871.25,1927,1865.2,1871.95,37218,70384775.35
2010-01-18,ASIANPAINT,,,1888.9,1911,1860,1866.6,12579,23735287.9
2010-01-19,ASIANPAINT,,,1894.75,1894.75,1825,1844.8,19922,37034793.85
2010-01-20,ASIANPAINT,,,1838.05,1862.55,1821,1826.95,12036,22078180.55
2010-01-21,ASIANPAINT,,,1826.95,1837.95,1796.1,1812.05,10887,19765141.65
2010-01-22,ASIANPAINT,,,1790,1810,1745,1765.05,33469,59343531.75
2010-01-25,ASIANPAINT,,,1775,1815,1767,1776.4,26383,46986747.55
2010-01-27,ASIANPAINT,,,1765,1819,1749.35,1764.6,37284,66402299.65
2010-01-28,ASIANPAINT,,,1780,1823.9,1771.05,1802.8,37329,67278422.35
2010-01-29,ASIANPAINT,,,1798,1865,1775,1852.2,27539,50273261.2
2010-02-01,ASIANPAINT,,,1869.95,1935,1830,1917.55,36722,69606709.4
2010-02-02,ASIANPAINT,,,1925,1930.55,1870,1875.65,30269,57116809.25
2010-02-03,ASIANPAINT,,,1893.9,1925,1879.9,1914.6,41924,79776408.75
2010-02-04,ASIANPAINT,,,1914,1925.5,1885,1918.2,14869,28390236.55
2010-02-05,ASIANPAINT,,,1865,1995,1865,1936.25,187249,366825139.05
2010-02-08,ASIANPAINT,,,1960,1985,1945,1947.75,40737,79675625.6
2010-02-09,ASIANPAINT,,,1944.05,1983,1944.05,1962.7,50888,100167043.6
2010-02-10,ASIANPAINT,,,1980,2025,1945,1979.6,51411,102493725.25
2010-02-11,ASIANPAINT,,,1993.7,1999,1930,1944.75,37162,72827410.25
2010-02-15,ASIANPAINT,,,1989.75,1989.75,1905,1934.5,38557,74535833.9
2010-02-16,ASIANPAINT,,,2031,2031,1892.65,1912,23910,45709160.25
2010-02-17,ASIANPAINT,,,1920,1927,1878,1889.7,41459,78633228.3
2010-02-18,ASIANPAINT,,,1899.7,1899.7,1851,1857.85,88421,165807738.8
2010-02-19,ASIANPAINT,,,1850.05,1868,1840.1,1859.1,7279,13485989
2010-02-22,ASIANPAINT,,,1875,1879.8,1820,1825.5,11995,22074770
2010-02-23,ASIANPAINT,,,1851,1851,1760,1785.2,62141,110921087.8
2010-02-24,ASIANPAINT,,,1825,1825,1742.5,1761.45,72266,127653723.5
2010-02-25,ASIANPAINT,,,1751,1774.95,1712.15,1765.35,181235,318334464.4
2010-02-26,ASIANPAINT,,,1746,1825,1742,1809.95,24372,43573518.55
2010-03-02,ASIANPAINT,,,1756,1883.05,1756,1869.95,28784,53524706
2010-03-03,ASIANPAINT,,,1879.95,2000.45,1865,1981.2,121308,233444898.8
2010-03-04,ASIANPAINT,,,1988,1995.55,1925.5,1968.2,49800,98280159.5
2010-03-05,ASIANPAINT,,,1974,1990,1951.5,1962.05,15445,30393779.8
2010-03-08,ASIANPAINT,,,1980,1980,1937,1942.7,10828,21139717.7
2010-03-09,ASIANPAINT,,,1935,1959.95,1935,1944.7,10608,20670723.4
2010-03-10,ASIANPAINT,,,1932.35,1959.45,1925,1939.85,34447,66905013.9
2010-03-11,ASIANPAINT,,,1853.7,1958,1853.7,1942,9563,18491772.5
2010-03-12,ASIANPAINT,,,1945,1959,1902.05,1918.15,12579,24272158.15
2010-03-15,ASIANPAINT,,,1920,1929,1885,1897.35,15489,29546593.95
2010-03-16,ASIANPAINT,,,1897,1990.35,1875,1905.1,98759,187407258.55
2010-03-17,ASIANPAINT,,,1911.1,1978,1910.15,1969.4,112478,220299244.35
2010-03-18,ASIANPAINT,,,1984.9,2001,1955,1994.6,205009,408336157.25
2010-03-19,ASIANPAINT,,,2000.95,2023.85,1985,1994.4,21883,43755224.3
2010-03-22,ASIANPAINT,,,1994.4,2014.5,1961.05,1968.55,15696,31253755.45
2010-03-23,ASIANPAINT,,,1985,1995.5,1961.4,1968.1,24609,48522803.55
2010-03-25,ASIANPAINT,,,1960,1985,1960,1962.15,64809,127329589.35
2010-03-26,ASIANPAINT,,,1975,2059.9,1962.15,2005.85,143357,285430714.7
2010-03-29,ASIANPAINT,,,2009,2096,1994.85,2034.9,156656,317424629.95
2010-03-30,ASIANPAINT,,,2021,2080,2020.9,2070.15,81778,169167778.25
2010-03-31,ASIANPAINT,,,2050,2090,2026.1,2038.85,45362,93695738.7
2010-04-01,ASIANPAINT,,,2069,2069,2006.05,2021.25,34010,69446643.25
2010-04-05,ASIANPAINT,,,2042,2091,2020,2057.1,17786,36569451.6
2010-04-06,ASIANPAINT,,,2060,2065,2025,2042.9,7526,15366915.9
2010-04-07,ASIANPAINT,,,2068.8,2068.8,2040,2044.6,24043,49184981.05
2010-04-08,ASIANPAINT,,,2050,2059,2008,2033.4,36729,74834356.45
2010-04-09,ASIANPAINT,,,2008,2050,2008,2044.55,37718,77095532.55
2010-04-12,ASIANPAINT,,,2043,2049.9,2015.9,2045.4,133136,271386273.15
2010-04-13,ASIANPAINT,,,2030.1,2075,2012,2059.3,15076,31060855.15
2010-04-15,ASIANPAINT,,,2039,2075,2025,2048.7,22329,45992865.15
2010-04-16,ASIANPAINT,,,2058,2075,2025,2051.85,11749,24166836.4
2010-04-19,ASIANPAINT,,,2026.2,2058.7,2012.25,2042.35,19648,40017902.4
2010-04-20,ASIANPAINT,,,2057,2099.8,2045.15,2081.75,54105,112526750.1
2010-04-21,ASIANPAINT,,,2090,2118,2036,2050,29294,61058498.95
2010-04-22,ASIANPAINT,,,2060,2084.65,2040,2075.1,15435,31896533.75
2010-04-23,ASIANPAINT,,,2065,2099,2065,2096,18513,38627831.35
2010-04-26,ASIANPAINT,,,2091.5,2105,2058.1,2067.85,14288,29710671.15
2010-04-27,ASIANPAINT,,,2068,2094.85,2052,2063.15,13019,27072572.3
2010-04-28,ASIANPAINT,,,2051,2099.95,2051,2089.55,124514,258416508.65
2010-04-29,ASIANPAINT,,,2098.9,2098.9,2070.05,2075.25,75947,157691547.3
2010-04-30,ASIANPAINT,,,2076,2099.5,2074,2078.8,8867,18468953.95
2010-05-03,ASIANPAINT,,,2070,2095,2063.6,2084.25,5680,11841950.5
2010-05-04,ASIANPAINT,,,2097.8,2099.9,2076,2088.1,6247,13041593.7
2010-05-05,ASIANPAINT,,,2054,2074.9,2047.9,2060.6,10359,21310494.75
2010-05-06,ASIANPAINT,,,2052.15,2069.5,2012,2033.7,64462,130778999.2
2010-05-07,ASIANPAINT,,,2010.3,2094.8,2010.3,2086.25,34613,71752863.85
2010-05-10,ASIANPAINT,,,2092,2139.6,2092,2117.85,36846,78084019.1
2010-05-11,ASIANPAINT,,,2111.2,2123.1,2065,2068.5,10468,21875617
2010-05-12,ASIANPAINT,,,2213,2213,2042,2054.5,16487,34181365.6
2010-05-13,ASIANPAINT,,,2051.15,2120,2051.15,2112.95,31546,66089806.35
2010-05-14,ASIANPAINT,,,2115,2150,2105,2141,39976,85441046.25
2010-05-17,ASIANPAINT,,,2120,2137.95,2100.15,2124.5,13378,28372848.9
2010-05-18,ASIANPAINT,,,2159,2172.9,2119,2156.85,37783,80899875.85
2010-05-19,ASIANPAINT,,,2147,2175,2101,2109.75,44646,95349182.2
2010-05-20,ASIANPAINT,,,2120.15,2139.9,2048,2068.6,80983,167915118.95
2010-05-21,ASIANPAINT,,,2023,2076,2012.2,2021.6,26363,53597350.9
2010-05-24,ASIANPAINT,,,2044.9,2088,2011.65,2068.9,26096,53596682.4
2010-05-25,ASIANPAINT,,,2063.2,2090,2026.6,2074,17973,36967179.2
2010-05-26,ASIANPAINT,,,2113,2114.75,2060.25,2085.85,16417,34349630.4
2010-05-27,ASIANPAINT,,,2075.05,2135,2033,2106.45,11686,24369901
2010-05-28,ASIANPAINT,,,2149,2149,2093.5,2100.3,17927,37768281.85
2010-05-31,ASIANPAINT,,,2105,2135,2075,2086.1,31183,65370380.95
2010-06-01,ASIANPAINT,,,2095,2097.8,2045,2077.25,70547,147369332.3
2010-06-02,ASIANPAINT,,,2061.45,2098,2023,2079.85,55547,114400179.9
2010-06-03,ASIANPAINT,,,2131.5,2131.5,2091.05,2114.9,55130,116205293.6
2010-06-04,ASIANPAINT,,,2114.9,2156,2095.5,2146.75,29302,62863302.8
2010-06-07,ASIANPAINT,,,2132.35,2209,2112,2185.25,78919,172084258.6
2010-06-08,ASIANPAINT,,,2189,2244,2189,2238,47997,106702103.9
2010-06-09,ASIANPAINT,,,2238,2294,2227,2283.7,89974,203731741
2010-06-10,ASIANPAINT,,,2298,2327,2265,2311.55,32461,74342942.95
2010-06-11,ASIANPAINT,,,2311,2321,2276,2291.7,33989,77804631
2010-06-14,ASIANPAINT,,,2311,2314.75,2280.05,2296.25,87431,200623424.75
2010-06-15,ASIANPAINT,,,2292,2319,2285,2294.7,15584,35887698.3
2010-06-16,ASIANPAINT,,,2306,2338,2294,2317.65,23142,53494163.9
2010-06-17,ASIANPAINT,,,2335,2398,2305,2368.35,75269,178570546.15
2010-06-18,ASIANPAINT,,,2368,2398,2342,2383.75,32649,77444818.5
2010-06-21,ASIANPAINT,,,2389,2457,2380,2429.65,48717,118203415.25
2010-06-22,ASIANPAINT,,,2405.05,2442,2360.25,2370.7,65367,155895419.2
2010-06-23,ASIANPAINT,,,2372,2423.5,2360,2408.75,77748,186726950.95
2010-06-24,ASIANPAINT,,,2415,2468.8,2414.5,2459.95,43884,107328967.3
2010-06-25,ASIANPAINT,,,2439,2454.9,2383.9,2399.45,218037,524716586
2010-06-28,ASIANPAINT,,,2402,2402,2357,2366.05,45873,108747038.65
2010-06-29,ASIANPAINT,,,2366.05,2400,2342,2360.55,68628,163450460.2
2010-06-30,ASIANPAINT,,,2370,2388,2295.05,2301.8,72380,167104003.25
2010-07-01,ASIANPAINT,,,2329.95,2338,2275.3,2329.75,46511,107601071.25
2010-07-02,ASIANPAINT,,,2339.95,2357.8,2312,2320.8,29444,68954887.9
2010-07-05,ASIANPAINT,,,2330,2349.7,2317,2329.55,10412,24344127.45
2010-07-06,ASIANPAINT,,,2330,2352,2325.55,2345.2,19320,45296633.15
2010-07-07,ASIANPAINT,,,2345.2,2364,2321.2,2336.75,37979,89039984.35
2010-07-08,ASIANPAINT,,,2345.25,2360,2333,2350.4,78569,184604684.05
2010-07-09,ASIANPAINT,,,2360,2398,2340,2384.25,190851,450502994.7
2010-07-12,ASIANPAINT,,,2379,2420,2345,2359.5,251179,601985837.35
2010-07-13,ASIANPAINT,,,2372,2405,2360,2369.7,194656,461493290.55
2010-07-14,ASIANPAINT,,,2375.55,2425,2302.7,2415,79564,191593696.3
2010-07-15,ASIANPAINT,,,2418,2457.8,2407.85,2440.15,134568,327910654.8
2010-07-16,ASIANPAINT,,,2448.5,2560,2441.5,2474,141736,348930652.05
2010-07-19,ASIANPAINT,,,2485.15,2485.15,2430,2474.05,11533,28441179.75
2010-07-20,ASIANPAINT,,,2475,2484.1,2450,2478.7,19545,48281839.7
2010-07-21,ASIANPAINT,,,2475,2500,2459,2479.55,636958,1579696587.25
2010-07-22,ASIANPAINT,,,2478,2528.9,2445,2521.9,26045,65070285.1
2010-07-23,ASIANPAINT,,,2521.9,2548,2510,2520.55,46269,117181562.55
2010-07-26,ASIANPAINT,,,2517,2544,2516,2524.2,144431,365159930
2010-07-27,ASIANPAINT,,,2535.15,2548,2420.25,2438.35,59640,146148525.55
2010-07-28,ASIANPAINT,,,2460,2609,2460,2586.15,128644,327614295.4
2010-07-29,ASIANPAINT,,,2586.15,2704,2580,2613.8,167534,444803655.85
2010-07-30,ASIANPAINT,,,2621.95,2678.85,2575,2603.35,51413,135035313.55
2010-08-02,ASIANPAINT,,,2606,2639,2590.85,2623.35,25180,66035057.15
2010-08-03,ASIANPAINT,,,2623.1,2669.95,2592.1,2598.25,20756,54059336.6
2010-08-04,ASIANPAINT,,,2629.95,2629.95,2580.1,2591.95,21357,55404748.15
2010-08-05,ASIANPAINT,,,2592,2662,2592,2600.8,183846,481916229.95
2010-08-06,ASIANPAINT,,,2608,2638.9,2596,2607.15,24631,64576796.2
2010-08-09,ASIANPAINT,,,2648,2680,2613,2661.7,62200,165029230.1
2010-08-10,ASIANPAINT,,,2670,2682.95,2630,2666.95,35909,95642525.15
2010-08-11,ASIANPAINT,,,2666.95,2710,2660,2680.55,27281,73366583.65
2010-08-12,ASIANPAINT,,,2674.95,2695,2627.6,2675.9,28191,74857041.95
2010-08-13,ASIANPAINT,,,2680,2710,2645.2,2654.55,20322,54381013.75
2010-08-16,ASIANPAINT,,,2650,2684,2633,2641.05,8816,23390940.3
2010-08-17,ASIANPAINT,,,2671,2678,2605,2631.1,466828,1216945125.4
2010-08-18,ASIANPAINT,,,2615,2685,2615,2651.1,21454,57093053.4
2010-08-19,ASIANPAINT,,,2651.1,2827.3,2651.1,2704.1,131052,360396600.95
2010-08-20,ASIANPAINT,,,2749,2818.95,2702,2767.3,105159,291958383.1
2010-08-23,ASIANPAINT,,,2778,2818,2750.1,2758.35,31905,88552316
2010-08-24,ASIANPAINT,,,2762,2809.9,2725,2769.2,148025,411348204.1
2010-08-25,ASIANPAINT,,,2765,2822.9,2738,2750.3,124738,346699364.3
2010-08-26,ASIANPAINT,,,2760,2785.5,2730,2742.9,111755,306769156.4
2010-08-27,ASIANPAINT,,,2769.95,2770,2704,2727.1,165216,450400990.85
2010-08-30,ASIANPAINT,,,2759.5,2759.5,2685,2712.9,32073,86793141.05
2010-08-31,ASIANPAINT,,,2685.25,2792,2685.25,2762.65,226538,624779377.6
2010-09-01,ASIANPAINT,,,2793.1,2793.1,2728,2738.75,51933,142735502.3
2010-09-02,ASIANPAINT,,,2769,2815,2746,2797.5,99066,276669673.2
2010-09-03,ASIANPAINT,,,2810,2831,2782,2809.7,226947,637898673
2010-09-06,ASIANPAINT,,,2832,2864,2814.05,2849.7,171333,488137239.15
2010-09-07,ASIANPAINT,,,2864,2891.5,2835.25,2853.95,436678,1260770575.75
2010-09-08,ASIANPAINT,,,2853.35,2878,2830,2836,31832,90863644.4
2010-09-09,ASIANPAINT,,,2855.9,2870,2800,2808.75,40537,114352925.75
2010-09-13,ASIANPAINT,,,2834.4,2850,2788.85,2797.75,43525,121954667
2010-09-14,ASIANPAINT,,,2900,2900,2788,2860.55,421152,1201438677.35
2010-09-15,ASIANPAINT,,,2848.8,2914.9,2835.3,2855.6,169609,489031275.75
2010-09-16,ASIANPAINT,,,2855.6,2877.25,2791,2800.7,78438,222985226.8
2010-09-17,ASIANPAINT,,,2820,2858.15,2808,2847.05,80877,229457467.9
2010-09-20,ASIANPAINT,,,2847.05,2878.5,2831.5,2853.6,63487,181439841
2010-09-21,ASIANPAINT,,,2825.25,2873.55,2800,2816.1,41355,116848379.45
2010-09-22,ASIANPAINT,,,2821,2841,2755.1,2768.85,48404,134704041.15
2010-09-23,ASIANPAINT,,,2771.7,2783.5,2726.6,2743.1,73366,202262079.8
2010-09-24,ASIANPAINT,,,2755,2814,2735,2789.35,422728,1182322603.45
2010-09-27,ASIANPAINT,,,2805,2824.4,2769,2778.4,51104,142885227.3
2010-09-28,ASIANPAINT,,,2790,2805,2757,2777.85,117027,325174889.4
2010-09-29,ASIANPAINT,,,2787,2799.5,2733.5,2749.35,288617,803577338.35
2010-09-30,ASIANPAINT,,,2725,2769.9,2650,2663.2,102030,274468605.45
2010-10-01,ASIANPAINT,,,2698,2718,2655,2664.5,107499,288900843.85
2010-10-04,ASIANPAINT,,,2699,2709.9,2640.1,2646.3,83721,223936673.75
2010-10-05,ASIANPAINT,,,2650.1,2689.8,2650,2654.4,100537,268138214.3
2010-10-06,ASIANPAINT,,,2955,2955,2671,2703.95,150156,403763334.55
2010-10-07,ASIANPAINT,,,2705,2748,2670,2700.65,100254,273249649.05
2010-10-08,ASIANPAINT,,,2734,2734,2670,2675.75,52865,142201440.4
2010-10-11,ASIANPAINT,,,2650,2709,2650,2661.25,56019,149571448.35
2010-10-12,ASIANPAINT,,,2682.95,2682.95,2645,2660.65,51631,137306153.95
2010-10-13,ASIANPAINT,,,2688,2688,2655,2662.5,56702,151026635.85
2010-10-14,ASIANPAINT,,,2665.2,2721.9,2665.2,2699.05,68844,186237799.75
2010-10-15,ASIANPAINT,,,2700,2725,2655,2657.8,204676,548643070.5
2010-10-18,ASIANPAINT,,,2665.8,2715,2630,2658.95,62932,166455566.15
2010-10-19,ASIANPAINT,,,2720,2720,2628,2635.7,55090,147131669.05
2010-10-20,ASIANPAINT,,,2630,2634,2595,2604.4,37765,98546442.95
2010-10-21,ASIANPAINT,,,2612.2,2643.65,2610.25,2635.35,24889,65384705
2010-10-22,ASIANPAINT,,,2643.3,2659.9,2617.25,2623.6,50567,133235012.8
2010-10-25,ASIANPAINT,,,2623,2648,2613,2620.7,20831,54698976.3
2010-10-26,ASIANPAINT,,,2625.1,2640,2589.9,2591.95,78817,205755327.4
2010-10-27,ASIANPAINT,,,2620,2620,2490,2502.6,304854,767542053.25
2010-10-28,ASIANPAINT,,,2612,2698,2502.65,2648.45,259531,685583548.1
2010-10-29,ASIANPAINT,,,2650,2709.9,2650,2687.75,92133,247692903.15
2010-11-01,ASIANPAINT,,,2701,2712,2678,2705.05,40385,108972000.15
2010-11-02,ASIANPAINT,,,2710.05,2799,2695,2792.8,101988,283075312.15
2010-11-03,ASIANPAINT,,,2822,2822,2681.95,2694.9,111949,305259630.85
2010-11-04,ASIANPAINT,,,2699.05,2730,2650,2663.05,101606,271274087.85
2010-11-05,ASIANPAINT,,,2700,2724,2671,2688.95,9119,24506514.85
2010-11-08,ASIANPAINT,,,2687,2752.7,2687,2740.85,57562,156912101.35
2010-11-09,ASIANPAINT,,,2743.2,2759.85,2688,2755.4,37802,103639961.3
2010-11-10,ASIANPAINT,,,2755,2775,2733.85,2747.45,46077,127030389.9
2010-11-11,ASIANPAINT,,,2747.45,2747.45,2620,2650.85,118727,319581324.55
2010-11-12,ASIANPAINT,,,2665,2699,2620,2639.3,73552,195814410.3
2010-11-15,ASIANPAINT,,,2660,2689,2620,2663.6,152025,405100885.95
2010-11-16,ASIANPAINT,,,2663.55,2675,2625.95,2658.45,75101,199407496.05
2010-11-18,ASIANPAINT,,,2660,2695,2585,2652.3,54441,144203067.05
2010-11-19,ASIANPAINT,,,2674,2680.1,2610.1,2636.6,40959,108093958.5
2010-11-22,ASIANPAINT,,,2651.15,2685,2611,2659.35,94039,250035341.95
2010-11-23,ASIANPAINT,,,2649,2649,2601,2639.35,112961,298069327.3
2010-11-24,ASIANPAINT,,,2640,2669,2588,2604.1,47427,124943641.85
2010-11-25,ASIANPAINT,,,2634.45,2634.45,2450,2520.4,84247,214479908.25
2010-11-26,ASIANPAINT,,,2575,2621.2,2470,2547.7,131864,335022680.2
2010-11-29,ASIANPAINT,,,2551.1,2616.55,2551.1,2585.75,139580,359442688.25
2010-11-30,ASIANPAINT,,,2559.95,2659.95,2559.95,2648.9,49859,130278088.2
2010-12-01,ASIANPAINT,,,2635.35,2724,2635.35,2680.4,76963,207212821.55
2010-12-02,ASIANPAINT,,,2680.4,2720,2642,2651.85,17715,47147394.25
2010-12-03,ASIANPAINT,,,2690,2690,2639,2670.05,23901,63770883.9
2010-12-06,ASIANPAINT,,,2670.65,2692.5,2670.65,2682.1,15511,41606236.15
2010-12-07,ASIANPAINT,,,2682.1,2718.85,2664,2707.65,37824,101858834.45
2010-12-08,ASIANPAINT,,,2686.2,2717.9,2651.05,2658.05,29560,79566355
2010-12-09,ASIANPAINT,,,2625.05,2685,2610.5,2643.6,38044,100342756.35
2010-12-10,ASIANPAINT,,,2641.05,2674,2635,2664.65,30664,81321827.3
2010-12-13,ASIANPAINT,,,2660.1,2706.5,2660.1,2697.25,15123,40692434.65
2010-12-14,ASIANPAINT,,,2698.25,2747.3,2698.25,2740.95,25423,69361662.85
2010-12-15,ASIANPAINT,,,2741,2749,2700,2711.2,10244,27820534.35
2010-12-16,ASIANPAINT,,,2729.95,2733.35,2684,2706.15,87130,234566571.15
2010-12-20,ASIANPAINT,,,2700,2774.95,2700,2764.8,47977,132418627.25
2010-12-21,ASIANPAINT,,,2764.8,2936,2730.25,2916.2,172333,496663642.35
2010-12-22,ASIANPAINT,,,2930,2974,2921,2941.5,103122,304441868.9
2010-12-23,ASIANPAINT,,,2903,3027.3,2872.5,2963.9,166163,496442792.75
2010-12-24,ASIANPAINT,,,2960,2965,2875.1,2887.75,64927,189053538.05
2010-12-27,ASIANPAINT,,,2866.5,2899.6,2823,2839.7,37980,108328007.6
2010-12-28,ASIANPAINT,,,2835.45,2846.5,2802,2812.5,25059,70576344.65
2010-12-29,ASIANPAINT,,,2813.15,2855,2810.05,2817.75,39975,113245474.2
2010-12-30,ASIANPAINT,,,2823.4,2844,2806.75,2822.9,57418,161984806.4
2010-12-31,ASIANPAINT,,,2811,2893,2811,2878.7,48039,137867644.6
2011-01-03,ASIANPAINT,,,2898,2937.4,2860.05,2874.55,45430,132046928.35
2011-01-04,ASIANPAINT,,,2899,2899,2826,2836.2,24922,71264234.9
2011-01-05,ASIANPAINT,,,2880,2895,2830.25,2880.5,71035,204461483.7
2011-01-06,ASIANPAINT,,,2882,2894,2842.5,2849.5,14928,42739054.45
2011-01-07,ASIANPAINT,,,2849.55,2867.9,2761.35,2775.75,49871,139753368.9
2011-01-10,ASIANPAINT,,,2785.05,2785.05,2648,2677.75,44316,119808154.9
2011-01-11,ASIANPAINT,,,2677.75,2729,2613,2703.35,48138,128531637.35
2011-01-12,ASIANPAINT,,,2720,2744,2676,2726.3,21311,57937351.75
2011-01-13,ASIANPAINT,,,2739,2764.9,2700.1,2713.75,17933,48971710.65
2011-01-14,ASIANPAINT,,,2685.05,2734.5,2684.85,2725.9,21548,58566900.2
2011-01-17,ASIANPAINT,,,2695.55,2695.55,2655,2662.85,208830,557758615.2
2011-01-18,ASIANPAINT,,,2690,2690,2636,2654.75,262421,695487887.7
2011-01-19,ASIANPAINT,,,2660,2698.5,2656,2668.35,17021,45503540.85
2011-01-20,ASIANPAINT,,,2657,2684.9,2640.2,2674.3,92710,246714781.55
2011-01-21,ASIANPAINT,,,2636,2689,2636,2663.5,76956,204697301.45
2011-01-24,ASIANPAINT,,,2663.5,2709.9,2601.15,2620.95,150487,397015847.65
2011-01-25,ASIANPAINT,,,2620.95,2643.9,2595,2599.85,160118,417089109.5
2011-01-27,ASIANPAINT,,,2595,2664.1,2595,2600.05,74971,194992550.15
2011-01-28,ASIANPAINT,,,2646.9,2646.9,2550,2579.1,273420,702976146.25
2011-01-31,ASIANPAINT,,,2565,2599,2482.05,2577.5,224985,577404883.1
2011-02-01,ASIANPAINT,,,2574.95,2580.05,2445,2487.9,173854,437371914.4
2011-02-02,ASIANPAINT,,,2483,2525.05,2445.65,2485.45,75125,186494234.65
2011-02-03,ASIANPAINT,,,2450.05,2534,2439.95,2471.6,73738,182392259.35
2011-02-04,ASIANPAINT,,,2450.05,2506.9,2450.05,2486.25,161739,402907840.65
2011-02-07,ASIANPAINT,,,2487.05,2531,2481,2501.55,52616,132027310.95
2011-02-08,ASIANPAINT,,,2507,2565,2471.1,2479.6,72210,181657736.3
2011-02-09,ASIANPAINT,,,2477.5,2492.8,2428.05,2475.2,99489,244838209.15
2011-02-10,ASIANPAINT,,,2460.05,2514,2455.1,2483.75,64916,161760741.35
2011-02-11,ASIANPAINT,,,2499.35,2521.05,2456,2498.55,227719,567295297.65
2011-02-14,ASIANPAINT,,,2481.6,2623.8,2445.5,2600,94621,239524918.85
2011-02-15,ASIANPAINT,,,2582,2625.05,2575,2587.9,34078,88554457
2011-02-16,ASIANPAINT,,,2585,2617.5,2550,2564.45,33774,87498592.35
2011-02-17,ASIANPAINT,,,2596.95,2600.2,2546,2594.8,32620,84201148.1
2011-02-18,ASIANPAINT,,,2585,2612.7,2585,2599.1,148659,386508461.8
2011-02-21,ASIANPAINT,,,2600,2624,2505.2,2570.8,39994,102364400.25
2011-02-22,ASIANPAINT,,,2562.05,2562.05,2500,2510.1,35037,88481333.55
2011-02-23,ASIANPAINT,,,2480.05,2499,2452.2,2478.05,113620,281772746.55
2011-02-24,ASIANPAINT,,,2467,2485,2398,2411.35,185023,448512065.3
2011-02-25,ASIANPAINT,,,2405,2470,2395.3,2406.5,180378,433799708.05
2011-02-28,ASIANPAINT,,,2364,2450,2364,2400.7,114958,276498501.15
2011-03-01,ASIANPAINT,,,2424.75,2547.9,2410,2532.8,51276,128089709.5
2011-03-03,ASIANPAINT,,,2501.1,2563.65,2485,2537.95,61885,157035630.65
2011-03-04,ASIANPAINT,,,2574.95,2597,2491.1,2508.25,132235,335509163.55
2011-03-07,ASIANPAINT,,,2500.05,2526.95,2442.2,2505.2,41494,103400986.6
2011-03-08,ASIANPAINT,,,2524,2525.6,2500,2500.1,63251,158299259.95
2011-03-09,ASIANPAINT,,,2521.95,2526.9,2500,2501,81296,203362992.7
2011-03-10,ASIANPAINT,,,2495.1,2514,2490,2500.05,69936,174906660.1
2011-03-11,ASIANPAINT,,,2499,2539.7,2485,2529.65,51512,130073280.15
2011-03-14,ASIANPAINT,,,2522,2555,2506.35,2528.15,31481,79587151.85
2011-03-15,ASIANPAINT,,,2501,2550,2500,2531.2,36020,91084398.8
2011-03-16,ASIANPAINT,,,2587.95,2587.95,2535.7,2553.2,21881,55948122.1
2011-03-17,ASIANPAINT,,,2524,2595,2505,2579.2,113455,290991299.5
2011-03-18,ASIANPAINT,,,2588,2605.05,2501,2546.3,190509,490412279.1
2011-03-21,ASIANPAINT,,,2530.15,2530.15,2509.05,2523.65,42313,106655718.55
2011-03-22,ASIANPAINT,,,2534.25,2553.7,2506,2509.8,12329,31231828.7
2011-03-23,ASIANPAINT,,,2507.9,2555,2507.9,2545.75,34343,87328485.85
2011-03-24,ASIANPAINT,,,2540,2558.15,2500,2502.85,58051,146251182.2
2011-03-25,ASIANPAINT,,,2511.55,2643,2511.55,2529.25,38999,99304402.7
2011-03-28,ASIANPAINT,,,2531,2556.95,2515,2527.4,35453,90120618.65
2011-03-29,ASIANPAINT,,,2522.05,2544.35,2511.15,2515.85,21275,53692192.6
2011-03-30,ASIANPAINT,,,2515.85,2574.95,2485.25,2536.2,129943,331461383.5
2011-03-31,ASIANPAINT,,,2529,2568.9,2511.05,2525.8,64887,165151021.5
2011-04-01,ASIANPAINT,,,2568.95,2568.95,2511,2520.55,57384,145086596.8
2011-04-04,ASIANPAINT,,,2550,2550,2522.2,2529.65,102120,258488028.85
2011-04-05,ASIANPAINT,,,2533.05,2599,2533.05,2566.8,66606,171151782.75
2011-04-06,ASIANPAINT,,,2565,2592,2542.4,2549.7,67537,172586751.25
2011-04-07,ASIANPAINT,,,2579,2579,2545.9,2551.7,59832,152731821.5
2011-04-08,ASIANPAINT,,,2569.9,2612.85,2550.25,2560.35,107760,276362188.15
2011-04-11,ASIANPAINT,,,2555,2579.05,2540.25,2566.5,37072,95044373
2011-04-13,ASIANPAINT,,,2565,2633.95,2551.3,2617.75,173542,453017449.9
2011-04-15,ASIANPAINT,,,2617,2634.9,2576.15,2620.85,37229,97298228
2011-04-18,ASIANPAINT,,,2637.65,2637.65,2565.05,2581.65,24202,63209981.25
2011-04-19,ASIANPAINT,,,2587.75,2587.75,2550,2569.15,18015,46074341.45
2011-04-20,ASIANPAINT,,,2599.95,2620,2555.15,2568.8,13705,35322407.55
2011-04-21,ASIANPAINT,,,2594.5,2599,2571.3,2591.3,9827,25416554.2
2011-04-25,ASIANPAINT,,,2597,2674.8,2590.1,2662.1,58708,155280925.9
2011-04-26,ASIANPAINT,,,2665,2692,2646.1,2655.9,36295,96941060.85
2011-04-27,ASIANPAINT,,,2677.95,2679,2651.1,2667.85,77053,205303736
2011-04-28,ASIANPAINT,,,2675,2723.15,2652.25,2690.85,89377,241004082.4
2011-04-29,ASIANPAINT,,,2690.85,2780,2690.4,2774.6,203523,559419549.85
2011-05-02,ASIANPAINT,,,2775,2819,2725,2743.1,40033,110346824.3
2011-05-03,ASIANPAINT,,,2749.9,2799,2710.5,2773,104007,287969156.5
2011-05-04,ASIANPAINT,,,2814.4,2814.4,2680.2,2698.1,46629,126979949.8
2011-05-05,ASIANPAINT,,,2698.15,2720,2660,2667.8,17110,46019670.75
2011-05-06,ASIANPAINT,,,2675.1,2712,2651.6,2700.15,92547,249835971.2
2011-05-09,ASIANPAINT,,,2722.45,2768,2717,2743,36752,100913685.6
2011-05-10,ASIANPAINT,,,2721.25,2779.9,2656,2691.05,32750,89029792.5
2011-05-11,ASIANPAINT,,,2691,2725,2637.1,2672.1,218287,584405022
2011-05-12,ASIANPAINT,,,2690,2765,2675,2750.5,141954,388201735.15
2011-05-13,ASIANPAINT,,,2745,2798.5,2745,2768.4,86283,239724903.25
2011-05-16,ASIANPAINT,,,2774.95,2820,2759.9,2793.5,134602,375994573.9
2011-05-17,ASIANPAINT,,,2805,2892.95,2802,2848.85,256016,733946871.6
2011-05-18,ASIANPAINT,,,2850.55,2888,2837.45,2864.55,145740,417627126.15
2011-05-19,ASIANPAINT,,,2879,2887.95,2828,2847.7,53873,153996151.05
2011-05-20,ASIANPAINT,,,2816,2920.2,2811,2909.75,96307,277209640.6
2011-05-23,ASIANPAINT,,,2912,2949,2894,2914.15,141252,411853681.65
2011-05-24,ASIANPAINT,,,2930,2992,2903.35,2963.45,241431,716692482.55
2011-05-25,ASIANPAINT,,,2950.1,3024.9,2950.1,3006.5,377310,1128813599.95
2011-05-26,ASIANPAINT,,,3018.9,3045,2962.5,2993.25,369341,1107732932.3
2011-05-27,ASIANPAINT,,,2956,3020,2956,3006.35,139746,417709750.5
2011-05-30,ASIANPAINT,,,3001.35,3109,3001.35,3082.25,430499,1328239701.1
2011-05-31,ASIANPAINT,,,3092,3387,3050,3133.4,1871721,5883493464.15
2011-06-01,ASIANPAINT,,,3145.1,3194,3061.5,3169.35,192349,607094434.15
2011-06-02,ASIANPAINT,,,3159,3171.8,3087,3105.05,211697,663300164.1
2011-06-03,ASIANPAINT,,,3105.05,3190,3099.95,3167.8,83355,262882121.05
2011-06-06,ASIANPAINT,,,3160.2,3188.85,3141.25,3170.05,46291,146453851.35
2011-06-07,ASIANPAINT,,,3170.1,3229.8,3155,3206.15,82014,262623216.5
2011-06-08,ASIANPAINT,,,3190,3230,3133.35,3204.3,79199,253908062.6
2011-06-09,ASIANPAINT,,,3199,3199,3086.2,3095.95,127337,400062295.95
2011-06-10,ASIANPAINT,,,3100,3135,3060.5,3100.85,64143,198308524.4
2011-06-13,ASIANPAINT,,,3096.95,3119,3053.1,3065.15,118150,362197613.15
2011-06-14,ASIANPAINT,,,3096.95,3096.95,3055,3068.95,64246,197206408.9
2011-06-15,ASIANPAINT,,,3078.95,3089.85,3060,3064.6,56191,172693087.75
2011-06-16,ASIANPAINT,,,3053.95,3062,3015,3019.25,125044,379413791.15
2011-06-17,ASIANPAINT,,,3026.15,3040,2994,3002.8,43233,130271149.65
2011-06-20,ASIANPAINT,,,3005.05,3013.85,2905,2947.5,57240,169165447.95
2011-06-21,ASIANPAINT,,,2950.15,2979.9,2927,2951.45,34200,101085004.5
2011-06-22,ASIANPAINT,,,2989,2989,2917,2932.4,32689,96193570.25
2011-06-23,ASIANPAINT,,,2901,2974.9,2901,2956.7,30763,90158212.55
2011-06-24,ASIANPAINT,,,2964,3024.95,2962.15,2979.8,94801,282913232.15
2011-06-27,ASIANPAINT,,,2968.7,3126.05,2930.5,3114.2,104335,319016769.2
2011-06-28,ASIANPAINT,,,3119,3181.9,3091.25,3160.9,116189,366143239.8
2011-06-29,ASIANPAINT,,,3170.15,3187.75,3111.05,3141.95,49955,157175844.45
2011-06-30,ASIANPAINT,,,3152,3227,3132.1,3185.1,146943,468303718.7
2011-07-01,ASIANPAINT,,,3185,3350,3175.35,3313.95,160555,525710193.45
2011-07-04,ASIANPAINT,,,3341.15,3368.8,3283.55,3296.65,94565,314347117.5
2011-07-05,ASIANPAINT,,,3250,3312,3234.1,3240,48987,159530154.8
2011-07-06,ASIANPAINT,,,3235,3288.4,3211,3239.3,53723,175018076.95
2011-07-07,ASIANPAINT,,,3258,3265,3171.1,3201.1,124029,399469010.6
2011-07-08,ASIANPAINT,,,3205.8,3244,3150.15,3158.6,66354,212703039.7
2011-07-11,ASIANPAINT,,,3158,3185,3141,3155.6,51182,162084598.75
2011-07-12,ASIANPAINT,,,3148.75,3148.75,3082.5,3094.75,51469,160290565.95
2011-07-13,ASIANPAINT,,,3119.9,3156,3090,3124.45,146967,457010369.7
2011-07-14,ASIANPAINT,,,3125,3171.7,3091.6,3130.2,78891,248404138.55
2011-07-15,ASIANPAINT,,,3140,3194.8,3115.5,3180.55,67630,213982174.85
2011-07-18,ASIANPAINT,,,3190.05,3197.65,3157.15,3168.1,22113,70172687.6
2011-07-19,ASIANPAINT,,,3177,3189.7,3136.05,3141.15,28670,90352290.3
2011-07-20,ASIANPAINT,,,3170.95,3170.95,3095.15,3123.5,52547,164369006.9
2011-07-21,ASIANPAINT,,,3112.95,3130.5,3095.5,3112.45,23107,71877246.05
2011-07-22,ASIANPAINT,,,3118.05,3144.55,3100,3110.9,34866,108931982.45
2011-07-25,ASIANPAINT,,,3137,3137,3092.1,3113.95,39141,121718645.7
2011-07-26,ASIANPAINT,,,3095.45,3159,3060,3139.1,202017,631103606.45
2011-07-27,ASIANPAINT,,,3145,3167.5,3118.05,3143,163524,512858190.95
2011-07-28,ASIANPAINT,,,3105.85,3143,3105.85,3120.85,155200,484530789.85
2011-07-29,ASIANPAINT,,,3122.4,3140.05,3115,3134,28578,89427530.35
2011-08-01,ASIANPAINT,,,3141.95,3163,3053.5,3067.85,36332,112631666.85
2011-08-02,ASIANPAINT,,,3067.85,3069,3001.1,3052.15,177189,539964619.55
2011-08-03,ASIANPAINT,,,3015,3068.6,3010,3023.2,66841,202986036.65
2011-08-04,ASIANPAINT,,,3011.15,3119.95,3011.15,3091.65,53783,165596160.6
2011-08-05,ASIANPAINT,,,3091.65,3095,3012,3058.9,129372,396085246.05
2011-08-08,ASIANPAINT,,,3015.05,3109,3010,3080.7,46725,143403184.55
2011-08-09,ASIANPAINT,,,3070,3164,2988,3148,88749,276350295.05
2011-08-10,ASIANPAINT,,,3125,3195,3125,3154.85,52720,167143029.65
2011-08-11,ASIANPAINT,,,3155,3186.95,3130.35,3148.65,25513,80728911.8
2011-08-12,ASIANPAINT,,,3179.65,3244.7,3153.6,3229.1,141862,456519298.75
2011-08-16,ASIANPAINT,,,3240,3289,3203,3260.1,69959,228466680.5
2011-08-17,ASIANPAINT,,,3265.05,3288.95,3219.35,3244.5,118529,386612794.75
2011-08-18,ASIANPAINT,,,3259.95,3259.95,3193.95,3216.75,35720,114981305.25
2011-08-19,ASIANPAINT,,,3200,3224.95,3159.45,3175.35,52792,167943847.1
2011-08-22,ASIANPAINT,,,3173.15,3310,3155.95,3291.25,48466,157346026.65
2011-08-23,ASIANPAINT,,,3300.05,3333,3259,3274.35,47592,156626941.65
2011-08-24,ASIANPAINT,,,3275,3292,3211,3228.4,51509,166885321.35
2011-08-25,ASIANPAINT,,,3240.05,3285,3191.7,3264.8,36518,118678865.1
2011-08-26,ASIANPAINT,,,3247.95,3307.65,3247.95,3263.2,22595,74162160.05
2011-08-29,ASIANPAINT,,,3265.8,3310,3231,3296.8,35257,115713812.8
2011-08-30,ASIANPAINT,,,3318.9,3324.9,3251,3286.05,38886,127438962.65
2011-09-02,ASIANPAINT,,,3260,3327.9,3245,3260.15,88939,291363946.85
2011-09-05,ASIANPAINT,,,3245.05,3321.85,3245,3271.55,143155,470615283.1
2011-09-06,ASIANPAINT,,,3275,3280,3210.1,3258.3,85908,279283685
2011-09-07,ASIANPAINT,,,3258.25,3278.95,3211.25,3221.25,35007,113189564.1
2011-09-08,ASIANPAINT,,,3221,3231.95,3156,3181.7,65383,208724675.7
2011-09-09,ASIANPAINT,,,3191,3227,3162.2,3188.65,32649,104445050.25
2011-09-12,ASIANPAINT,,,3179.95,3217,3156.05,3175.95,38966,124406116.5
2011-09-13,ASIANPAINT,,,3180.05,3200,3132,3146.85,49386,156874717.25
2011-09-14,ASIANPAINT,,,3157.85,3157.85,3112,3128.35,31893,99907626.05
2011-09-15,ASIANPAINT,,,3137.4,3145,3108.55,3126.35,27601,86275106.8
2011-09-16,ASIANPAINT,,,3130,3151,3001.3,3038.85,78525,242052010.6
2011-09-19,ASIANPAINT,,,3040.05,3068,3028.1,3050.8,36737,111930037.9
2011-09-20,ASIANPAINT,,,3031.6,3105,3031.6,3077.9,38563,118788326
2011-09-21,ASIANPAINT,,,3087.95,3108.95,3070.15,3093.5,22810,70500733.1
2011-09-22,ASIANPAINT,,,3050.15,3130,3050.15,3101.4,42871,133067095.5
2011-09-23,ASIANPAINT,,,3099.95,3150,3075,3090.4,73185,228383650.85
2011-09-26,ASIANPAINT,,,3090.05,3122.85,3041,3081.3,26840,82356187.8
2011-09-27,ASIANPAINT,,,3125,3125,3075,3096.9,25485,78828968.45
2011-09-28,ASIANPAINT,,,3119.8,3145,3091.2,3134.1,41672,130420975.7
2011-09-29,ASIANPAINT,,,3126.05,3170,3105,3154.3,103790,327012580.3
2011-09-30,ASIANPAINT,,,3159.95,3165,3127.05,3157.55,80540,253422096.95
2011-10-03,ASIANPAINT,,,3133.45,3159,3075.1,3129.4,50900,158465805.45
2011-10-04,ASIANPAINT,,,3111.15,3174,3062,3078.5,44576,139513695.5
2011-10-05,ASIANPAINT,,,3082,3098.95,2994.9,3028.4,69000,208588811.35
2011-10-07,ASIANPAINT,,,3084.8,3154.9,3030.05,3128.85,72131,223339319.55
2011-10-10,ASIANPAINT,,,3127.95,3188,3112.25,3173,56284,178264428.85
2011-10-11,ASIANPAINT,,,3198.95,3209.9,3155,3172.4,27125,86202400.85
2011-10-12,ASIANPAINT,,,3186.85,3200,3160,3175.25,33501,106617512.9
2011-10-13,ASIANPAINT,,,3198,3208,3165.05,3171.75,79635,253052452.2
2011-10-14,ASIANPAINT,,,3101.1,3179.5,2626.85,3146.4,17411,54690928.3
2011-10-17,ASIANPAINT,,,3179.95,3194,3125,3136.7,21559,67903877.9
2011-10-18,ASIANPAINT,,,3140,3140,3097,3103.05,16713,51994848.8
2011-10-19,ASIANPAINT,,,3119.85,3144.5,3089,3126.85,26334,81981005.7
2011-10-20,ASIANPAINT,,,3115.05,3170,3115.05,3157,22411,70445637.35
2011-10-21,ASIANPAINT,,,3215,3215,3000,3015.5,128498,395480381.65
2011-10-24,ASIANPAINT,,,3025.05,3059,3020,3050.1,44310,134704694.5
2011-10-25,ASIANPAINT,,,3045.15,3099,3000.05,3065.6,47052,143695122.55
2011-10-26,ASIANPAINT,,,3096.95,3102,3060,3069.6,5969,18323473.05
2011-10-28,ASIANPAINT,,,3030.05,3199,3030.05,3061.2,207594,634579671.4
2011-10-31,ASIANPAINT,,,3093.85,3177,3032,3159.55,102417,322762188.45
2011-11-01,ASIANPAINT,,,3120,3164,3120,3133.15,34350,107991226.45
2011-11-02,ASIANPAINT,,,3101.9,3154,3101.85,3149,52009,163690126.85
2011-11-03,ASIANPAINT,,,3149,3179.7,3121,3159.55,33377,105426781.1
2011-11-04,ASIANPAINT,,,3140.25,3270,3140.25,3226,136600,441308419.4
2011-11-08,ASIANPAINT,,,3215.05,3256,3152,3160.2,69140,221523346.55
2011-11-09,ASIANPAINT,,,3178.8,3214.6,3100.5,3116.5,41303,130188859.6
2011-11-11,ASIANPAINT,,,3117.9,3168,3046,3057.15,66454,206643477.15
2011-11-14,ASIANPAINT,,,3096.95,3145,3073,3098.35,55930,174062291.05
2011-11-15,ASIANPAINT,,,3098.4,3124,3010,3036,23543,72324291.45
2011-11-16,ASIANPAINT,,,3021,3120,2992,3095.55,66588,202281944.5
2011-11-17,ASIANPAINT,,,3104.7,3110,3021.4,3041.8,54087,164873060.05
2011-11-18,ASIANPAINT,,,3045,3098.85,3005.15,3049.15,84810,259916482.4
2011-11-21,ASIANPAINT,,,3048,3067.7,2910,2937.8,31232,93298835.75
2011-11-22,ASIANPAINT,,,2950.05,2980,2910,2954.35,52260,154251909.75
2011-11-23,ASIANPAINT,,,2918.1,2958,2826.25,2892.7,57920,166975492.65
2011-11-24,ASIANPAINT,,,2880,2890,2834,2875.35,36164,103611909.6
2011-11-25,ASIANPAINT,,,2885,2969.95,2875,2942.8,33425,98329756.45
2011-11-28,ASIANPAINT,,,2985,3023,2923.05,2940,23279,68859085.25
2011-11-29,ASIANPAINT,,,2956.85,2973.9,2902.05,2938.5,110221,325008797.85
2011-11-30,ASIANPAINT,,,2929,2948,2861.2,2879.35,82327,238926722.1
2011-12-01,ASIANPAINT,,,2900.35,2980,2757,2796.05,119830,338604470.55
2011-12-02,ASIANPAINT,,,2813.05,2863.4,2785,2858.45,65745,186861222.9
2011-12-05,ASIANPAINT,,,2836.1,2889,2836.1,2854.05,73082,209372906.5
2011-12-07,ASIANPAINT,,,2830,2881,2830,2855.95,106998,305788879.95
2011-12-08,ASIANPAINT,,,2830.05,2874.95,2818,2832.7,159527,452007279.9
2011-12-09,ASIANPAINT,,,2834.9,2858.55,2810.25,2830.25,54312,153896967.85
2011-12-12,ASIANPAINT,,,2844,2858.6,2791,2828.2,62469,175813954.75
2011-12-13,ASIANPAINT,,,2807.1,2858.5,2782.15,2803.7,114599,321705432.2
2011-12-14,ASIANPAINT,,,2800.55,2850,2745,2782.95,95348,265769674.9
2011-12-15,ASIANPAINT,,,2779.75,2800,2756.8,2786.2,80778,224732975.3
2011-12-16,ASIANPAINT,,,2789.2,2789.2,2691.1,2712.7,48282,132140485.85
2011-12-19,ASIANPAINT,,,2690.05,2712.65,2630.05,2659.5,33496,88863737.35
2011-12-20,ASIANPAINT,,,2699.9,2749,2645.25,2649.5,53134,140852409.9
2011-12-21,ASIANPAINT,,,2699.85,2718.95,2651.1,2687.5,39367,105030971.05
2011-12-22,ASIANPAINT,,,2720,2775,2652,2758.25,24071,65313985.25
2011-12-23,ASIANPAINT,,,2760.25,2769.2,2640.95,2663.25,54094,145725357.7
2011-12-26,ASIANPAINT,,,2647.15,2695,2641.05,2663.05,28086,74862208.75
2011-12-27,ASIANPAINT,,,2655.05,2692,2655.05,2670.95,77746,207673172.25
2011-12-28,ASIANPAINT,,,2670,2718.1,2550,2599.2,89134,234382065.75
2011-12-29,ASIANPAINT,,,2614.8,2640,2560,2626.7,101487,264504853.4
2011-12-30,ASIANPAINT,,,2605,2634.55,2577.1,2592.35,22531,58668384.2
2012-01-02,ASIANPAINT,,,2560,2617.95,2560,2590.3,18245,47141951.45
2012-01-03,ASIANPAINT,,,2600.2,2660,2600.15,2652.3,17485,46094794.65
2012-01-04,ASIANPAINT,,,2619.05,2699.9,2619.05,2674.95,34186,91470260.8
2012-01-05,ASIANPAINT,,,2673.9,2690.95,2660,2671.7,71958,192287859.75
2012-01-06,ASIANPAINT,,,2648.05,2684.95,2645.1,2660.6,381554,1016020027.65
2012-01-09,ASIANPAINT,,,2666.65,2700,2666.55,2675.75,43072,115496027.9
2012-01-10,ASIANPAINT,,,2688.55,2695,2645,2656.55,33804,90328380.4
2012-01-11,ASIANPAINT,,,2688.55,2729.9,2640,2720.3,111129,299973467.8
2012-01-12,ASIANPAINT,,,2738.6,2798.3,2720.3,2736.3,67669,185396798.9
2012-01-13,ASIANPAINT,,,2718.05,2797.95,2718.05,2772.05,57068,156572159.75
2012-01-16,ASIANPAINT,,,2763,2779,2736.2,2748.55,17923,49299441.85
2012-01-17,ASIANPAINT,,,2730.9,2775,2722,2735.6,52873,145226936.95
2012-01-18,ASIANPAINT,,,2749.5,2756,2710,2723.8,20543,56036025.25
2012-01-19,ASIANPAINT,,,2766.75,2766.75,2715.05,2732.9,19114,52242709.25
2012-01-20,ASIANPAINT,,,2733,2750,2710,2732.45,66094,180535165
2012-01-23,ASIANPAINT,,,2760.4,2834.75,2750,2818.75,110689,311595243.7
2012-01-24,ASIANPAINT,,,2835,2858,2770,2804.3,111409,315214173.35
2012-01-25,ASIANPAINT,,,2828.8,2863.05,2795.35,2848.45,286841,814805055.6
2012-01-27,ASIANPAINT,,,2875,2949,2875,2916.35,187051,545771217.8
2012-01-30,ASIANPAINT,,,2919.7,3015.05,2919.6,2988.1,151585,453164601.85
2012-01-31,ASIANPAINT,,,2924.1,3040,2924.1,2995.3,63876,191053682.1
2012-02-01,ASIANPAINT,,,3030,3030,2913,2935.2,146397,429455087.6
2012-02-02,ASIANPAINT,,,2970,2994,2940,2968,89814,266444041.15
2012-02-03,ASIANPAINT,,,2969.85,2970,2900,2950.3,68560,202688348.95
2012-02-06,ASIANPAINT,,,2925.05,3015.5,2925,2993.6,113765,340812159.75
2012-02-07,ASIANPAINT,,,2995,3007.3,2947.05,2958.95,66817,200051280.05
2012-02-08,ASIANPAINT,,,2940.15,3015,2940.15,2970.65,258261,766030290.55
2012-02-09,ASIANPAINT,,,3010.4,3065,2972.05,3058.2,135750,413467668.3
2012-02-10,ASIANPAINT,,,3065,3128,3065,3099.45,139190,432164559.45
2012-02-13,ASIANPAINT,,,3044,3100,3033,3054.45,32826,100369877.1
2012-02-14,ASIANPAINT,,,3054.45,3069.8,3020.05,3027.2,40989,124781691.45
2012-02-15,ASIANPAINT,,,3034.9,3104.95,3018,3031.4,46660,142667814.75
2012-02-16,ASIANPAINT,,,3040,3084.9,3025.1,3068.2,99192,303294634.7
2012-02-17,ASIANPAINT,,,3080,3114,3045.05,3054.45,99244,304278663.55
2012-02-21,ASIANPAINT,,,3034.45,3078.8,3027.95,3045.4,30183,92126566.5
2012-02-22,ASIANPAINT,,,3045.4,3110,3045,3074.25,98607,302948364.2
2012-02-23,ASIANPAINT,,,3052.4,3109.5,3020,3059.35,79905,245898565.1
2012-02-24,ASIANPAINT,,,3063,3087,3043.55,3067.1,53013,162796806.15
2012-02-27,ASIANPAINT,,,3050,3115,3042.4,3097.3,225062,697328372.05
2012-02-28,ASIANPAINT,,,3125,3191.3,3090,3158.65,162388,513159314.35
2012-02-29,ASIANPAINT,,,3150,3200,3141,3170.55,115425,365730505.6
2012-03-01,ASIANPAINT,,,3170,3190,3125,3149.65,70751,222739473.7
2012-03-02,ASIANPAINT,,,3163.9,3189.9,3126.1,3158.75,183975,581136460.05
2012-03-05,ASIANPAINT,,,3148.65,3249.8,3142.9,3234.7,130196,417882640.55
2012-03-06,ASIANPAINT,,,3238.95,3250,3140.1,3160.45,71104,226221601.95
2012-03-07,ASIANPAINT,,,3135.2,3159.75,3056,3091.75,43077,133211326.3
2012-03-09,ASIANPAINT,,,3120,3199,3109.6,3171.5,139787,443561082
2012-03-12,ASIANPAINT,,,3125.05,3212,3125.05,3160.25,138088,439131361.1
2012-03-13,ASIANPAINT,,,3150.05,3208,3150.05,3186.65,14549,46307001.7
2012-03-14,ASIANPAINT,,,3205,3239,3191.1,3204.2,32334,103947566.45
2012-03-15,ASIANPAINT,,,3225,3340,3200.05,3214.95,61197,199034645.85
2012-03-16,ASIANPAINT,,,3250,3250,3175.1,3210.1,244248,785121931.8
2012-03-19,ASIANPAINT,,,3230,3240,3054.1,3073.15,83221,257918180
2012-03-20,ASIANPAINT,,,3071,3071,3001,3015.7,262465,793337683.65
2012-03-21,ASIANPAINT,,,3023.85,3099,3020,3062.85,99404,304567399.55
2012-03-22,ASIANPAINT,,,3070,3109.9,3060,3071.25,57401,177089062.8
2012-03-23,ASIANPAINT,,,3077.1,3145,3064.45,3111.6,70407,217932785.25
2012-03-26,ASIANPAINT,,,3109.95,3140,3046,3060.7,31630,97274724.45
2012-03-27,ASIANPAINT,,,3060.7,3123,3041.1,3096.65,81101,250561173.3
2012-03-28,ASIANPAINT,,,3075.4,3191,3075.4,3104.45,86559,271236660.55
2012-03-29,ASIANPAINT,,,3100,3249,3050.2,3188.5,99176,313221508.6
2012-03-30,ASIANPAINT,,,3200.2,3255,3199.95,3242,129264,419638150.2
2012-04-02,ASIANPAINT,,,3244.4,3295,3204,3263.4,38364,125300948.2
2012-04-03,ASIANPAINT,,,3271.35,3375,3270,3356.4,166110,553928402.4
2012-04-04,ASIANPAINT,,,3300,3399.9,3293.1,3323.5,76114,255496466.35
2012-04-09,ASIANPAINT,,,3319.95,3320,3270,3279.05,44574,146287077.2
2012-04-10,ASIANPAINT,,,3285.1,3292,3245,3256.55,52205,170807151.8
2012-04-11,ASIANPAINT,,,3248.95,3259.75,3222.05,3236.85,56506,183191528.25
2012-04-12,ASIANPAINT,,,3236.85,3288.65,3223.2,3255.65,46598,151471478.5
2012-04-13,ASIANPAINT,,,3270,3315,3254.05,3301.1,59674,196322289.4
2012-04-16,ASIANPAINT,,,3320,3367.9,3305,3354.55,50518,168898508.45
2012-04-17,ASIANPAINT,,,3354,3375,3310.15,3328.25,38040,127557271.5
2012-04-18,ASIANPAINT,,,3349.9,3350,3290,3311.15,24767,82069155.65
2012-04-19,ASIANPAINT,,,3315,3350,3300.05,3328.85,23980,79622301.25
2012-04-20,ASIANPAINT,,,3336,3355,3311.05,3340.55,57796,192958362.6
2012-04-23,ASIANPAINT,,,3345,3485.4,3312.05,3471,156158,536642921.55
2012-04-24,ASIANPAINT,,,3471.05,3497.4,3430,3462,128266,445166858.35
2012-04-25,ASIANPAINT,,,3465,3467,3405.1,3422.3,60944,209109940.4
2012-04-26,ASIANPAINT,,,3420,3525,3411.55,3482,335075,1167620325.65
2012-04-27,ASIANPAINT,,,3451,3552,3430.05,3523.3,103765,364737243.75
2012-04-30,ASIANPAINT,,,3526,3549.65,3500,3526.8,110987,391382581.5
2012-05-02,ASIANPAINT,,,3527,3549,3482.45,3530.8,57241,201063252.5
2012-05-03,ASIANPAINT,,,3513,3626,3471,3603.6,94747,337690711.05
2012-05-04,ASIANPAINT,,,3603,3650,3580,3615.35,135920,493047500.85
2012-05-07,ASIANPAINT,,,3599,3717,3545.55,3644.4,143285,515705511.2
2012-05-08,ASIANPAINT,,,3674,3699,3621.5,3655.55,113229,413138180.3
2012-05-09,ASIANPAINT,,,3699,3745,3631.1,3708.75,196151,723778027.9
2012-05-10,ASIANPAINT,,,3671,3744,3631,3653.85,77188,285349053.5
2012-05-11,ASIANPAINT,,,3633,3674,3583.4,3623.85,72414,262187189.7
2012-05-14,ASIANPAINT,,,3605.05,3734.9,3575,3697.25,96547,351398480.1
2012-05-15,ASIANPAINT,,,3699.95,3780,3676.3,3768.05,109462,410106410
2012-05-16,ASIANPAINT,,,3748,3786,3730,3754.35,96475,362127549.1
2012-05-17,ASIANPAINT,,,3770,3784.95,3681,3695.05,82484,308469327.55
2012-05-18,ASIANPAINT,,,3668,3725,3650.2,3701.05,84744,312469569
2012-05-21,ASIANPAINT,,,3710,3770,3691.6,3754.25,48158,180017403.25
2012-05-22,ASIANPAINT,,,3754,3754,3656,3677,56392,209063057.4
2012-05-23,ASIANPAINT,,,3694.95,3696.6,3638,3677.5,48275,176699713.95
2012-05-24,ASIANPAINT,,,3678.95,3759.4,3666,3749.75,74656,278159790.85
2012-05-25,ASIANPAINT,,,3749.95,3779.7,3715,3765.85,36368,136488336.2
2012-05-28,ASIANPAINT,,,3775,3840,3755.25,3822.75,64697,246663881.4
2012-05-29,ASIANPAINT,,,3830,3852,3801,3842.55,57138,218946196.35
2012-05-30,ASIANPAINT,,,3857.95,3857.95,3805,3816.45,71673,274049538.7
2012-05-31,ASIANPAINT,,,3800,4191,3781.1,4021.55,386116,1531783738.65
2012-06-01,ASIANPAINT,,,3999,4000,3764.65,3779.8,159942,616308701.55
2012-06-04,ASIANPAINT,,,3767.9,3774,3660.5,3684.2,110868,412081641.65
2012-06-05,ASIANPAINT,,,3734,3799,3692.25,3718.95,95497,357915710.45
2012-06-06,ASIANPAINT,,,3749.9,3843.7,3749.9,3824.05,126824,483485903.7
2012-06-07,ASIANPAINT,,,3810,3865,3805.1,3847.7,99388,381886390.4
2012-06-08,ASIANPAINT,,,3830.3,3848.9,3765.05,3825.3,43658,165927083.05
2012-06-11,ASIANPAINT,,,3826.05,3894.7,3818,3836.2,57873,223037232
2012-06-12,ASIANPAINT,,,3808,3899,3784,3883.8,55160,211882144.2
2012-06-13,ASIANPAINT,,,3863.65,3920.95,3862,3877.65,48395,188385870
2012-06-14,ASIANPAINT,,,3862,3914,3857.65,3870.6,42571,165619063.4
2012-06-15,ASIANPAINT,,,3890,3900,3844,3886.15,52398,203368025.3
2012-06-18,ASIANPAINT,,,3900,3980,3831.5,3864,50856,198181603.05
2012-06-19,ASIANPAINT,,,3874,3904.9,3838.9,3886.1,45129,175002746.35
2012-06-20,ASIANPAINT,,,3895,3919.9,3856.85,3885.05,48579,188881728.5
2012-06-21,ASIANPAINT,,,3889.95,3908.5,3845,3896.7,92456,358953365.5
2012-06-22,ASIANPAINT,,,3881,3913,3863.4,3891.25,39889,155282156.4
2012-06-25,ASIANPAINT,,,3914.95,3914.95,3789.55,3808,57386,221157361.7
2012-06-26,ASIANPAINT,,,3808,3826.8,3726,3759,102650,385614353.15
2012-06-27,ASIANPAINT,,,3765,3797,3762.05,3776.15,51473,194357417.85
2012-06-28,ASIANPAINT,,,3780,3817,3738,3749.05,82504,311145700.5
2012-06-29,ASIANPAINT,,,3770.05,3900.5,3770.05,3888.55,104043,401243117.8
2012-07-02,ASIANPAINT,,,3878,3949,3860.05,3921.15,60531,235688979.95
2012-07-03,ASIANPAINT,,,3921,3965.95,3902.25,3940.25,135504,534599122.8
2012-07-04,ASIANPAINT,,,3940.95,3963.95,3863.05,3872.45,111812,435117741.45
2012-07-05,ASIANPAINT,,,3863,3894.95,3775,3781.15,145282,552451506.45
2012-07-06,ASIANPAINT,,,3771,3777.1,3680.2,3714.45,143172,532565558.25
2012-07-09,ASIANPAINT,,,3694,3708.8,3660,3683.45,74741,275275500.35
2012-07-10,ASIANPAINT,,,3699,3745,3674.5,3693.1,118856,441799137.05
2012-07-11,ASIANPAINT,,,3675,3722,3675,3693.9,59522,220351087.4
2012-07-12,ASIANPAINT,,,3693.9,3757,3683.3,3723.2,81176,302354714.4
2012-07-13,ASIANPAINT,,,3712,3751.95,3695,3708.25,34843,129736482.2
2012-07-16,ASIANPAINT,,,3672,3735.65,3672,3692.95,33911,125774337.4
2012-07-17,ASIANPAINT,,,3697,3718.2,3640,3662.7,53851,197862036.15
2012-07-18,ASIANPAINT,,,3679,3679,3610,3664.9,59846,217924884.6
2012-07-19,ASIANPAINT,,,3672,3694.9,3614.9,3619.15,105377,383774639.35
2012-07-20,ASIANPAINT,,,3621.05,3834.45,3621.05,3717.25,420659,1562902649.25
2012-07-23,ASIANPAINT,,,3677.65,3680,3590.4,3602.55,163761,593005152.35
2012-07-24,ASIANPAINT,,,3600,3626.5,3551,3566.8,112999,404988236.65
2012-07-25,ASIANPAINT,,,3564.95,3584,3515.15,3528.35,64171,227406756.2
2012-07-26,ASIANPAINT,,,3549.95,3552.65,3450,3469.1,122130,425475662.3
2012-07-27,ASIANPAINT,,,3529,3547.9,3471.05,3506.1,63358,221664054.05
2012-07-30,ASIANPAINT,,,3520,3594.75,3510,3576.55,46897,166598328.8
2012-07-31,ASIANPAINT,,,3581,3668.7,3560.6,3642.3,74419,269155649.05
2012-08-01,ASIANPAINT,,,3627.6,3678,3611.1,3626.95,32430,118147666
2012-08-02,ASIANPAINT,,,3615,3698.8,3595,3651.3,75625,276714991.7
2012-08-03,ASIANPAINT,,,3625,3768.95,3625,3757.25,112645,417479769.1
2012-08-06,ASIANPAINT,,,3785,3789.95,3724.95,3748.1,100345,376275722.45
2012-08-07,ASIANPAINT,,,3740.25,3768.3,3720.1,3743.8,81457,305414464.8
2012-08-08,ASIANPAINT,,,3732,3758,3720,3731.4,52218,195031861.1
2012-08-09,ASIANPAINT,,,3750,3768,3730.85,3750.05,92609,347362490.65
2012-08-10,ASIANPAINT,,,3725,3753.85,3696.2,3713.4,84377,313578719.85
2012-08-13,ASIANPAINT,,,3696,3785,3691,3772.65,29033,108703984.2
2012-08-14,ASIANPAINT,,,3770,3817,3762,3781.95,58676,222159281.45
2012-08-16,ASIANPAINT,,,3765.15,3786.2,3695,3711.95,65581,244190185.4
2012-08-17,ASIANPAINT,,,3695,3730.6,3663.25,3678.55,103354,381105588.85
2012-08-21,ASIANPAINT,,,3671.5,3714,3646.35,3694.1,89517,330329122
2012-08-22,ASIANPAINT,,,3690,3727.8,3669,3692.05,50467,186975322.05
2012-08-23,ASIANPAINT,,,3700,3719.9,3682.45,3700,38788,143616110.15
2012-08-24,ASIANPAINT,,,3691.85,3691.85,3651.05,3676.55,30345,111333563.3
2012-08-27,ASIANPAINT,,,3682.75,3709.9,3652.05,3662.25,42387,155410931.15
2012-08-28,ASIANPAINT,,,3650,3749.85,3650,3725.95,116582,430440901.95
2012-08-29,ASIANPAINT,,,3730,3738.9,3671.15,3702.25,39502,146463434.1
2012-08-30,ASIANPAINT,,,3699,3806.65,3650,3696.35,112731,416032028.45
2012-08-31,ASIANPAINT,,,3701,3759.55,3630.25,3640.7,77056,281695644.35
2012-09-03,ASIANPAINT,,,3650.25,3681.25,3630,3651,58065,212029688.5
2012-09-04,ASIANPAINT,,,3649,3699.95,3636.5,3693.2,41267,151179302.9
2012-09-05,ASIANPAINT,,,3672,3680,3646.6,3651.35,25667,93832868.3
2012-09-06,ASIANPAINT,,,3641.1,3719.65,3625.2,3700.25,40049,147461804.95
2012-09-07,ASIANPAINT,,,3723.35,3775.55,3711,3770.5,52724,197479948.7
2012-09-10,ASIANPAINT,,,3779.95,3779.95,3721,3738.65,42715,160202537.25
2012-09-11,ASIANPAINT,,,3720,3780,3720,3776.15,28305,106374705.55
2012-09-12,ASIANPAINT,,,3765.05,3857,3765.05,3845.4,62569,239717752.1
2012-09-13,ASIANPAINT,,,3861.9,3875,3831.05,3849.5,46335,178729264.4
2012-09-14,ASIANPAINT,,,3899,3917,3862.35,3901.4,64520,251475727.15
2012-09-17,ASIANPAINT,,,3920,3925.95,3860,3884.55,41801,162885597.75
2012-09-18,ASIANPAINT,,,3885,3925,3871.7,3900.5,43920,171016521.05
2012-09-20,ASIANPAINT,,,3850,3938.3,3850,3895.75,61435,239979384.85
2012-09-21,ASIANPAINT,,,3902.2,3968.5,3891.05,3946.6,125794,495572347.65
2012-09-24,ASIANPAINT,,,3947,3999,3932.8,3979.9,77359,307772666.35
2012-09-25,ASIANPAINT,,,3970,4020,3919.95,3936.5,83603,331020547.05
2012-09-26,ASIANPAINT,,,3902.5,3955,3871,3893.15,90840,354605509.35
2012-09-27,ASIANPAINT,,,3900,3927.15,3853,3870.3,104926,406540591.3
2012-09-28,ASIANPAINT,,,3914,3966.4,3900,3934.8,82290,324214102.45
2012-10-01,ASIANPAINT,,,3958,3960,3900,3939.65,72010,283825063.15
2012-10-03,ASIANPAINT,,,3939.95,3955.85,3878,3908.05,74695,291977430
2012-10-04,ASIANPAINT,,,3905,3950,3851.05,3874,80719,315558866.3
2012-10-05,ASIANPAINT,,,3894.9,3899,3432.4,3811.25,176502,669688983.95
2012-10-08,ASIANPAINT,,,3834.5,3907.9,3820.9,3889.85,65582,253730486.4
2012-10-09,ASIANPAINT,,,3900,3918,3861,3891.6,50865,197947132.35
2012-10-10,ASIANPAINT,,,3861.25,3934.65,3861.25,3896,86619,338320667.3
2012-10-11,ASIANPAINT,,,3901,3929,3874,3895.3,51273,199886143.15
2012-10-12,ASIANPAINT,,,3886,3924.6,3872,3899,46359,180711203.1
2012-10-15,ASIANPAINT,,,3900.95,3918,3825.5,3873.85,30952,120387766.55
2012-10-16,ASIANPAINT,,,3888,3908,3862.5,3885.05,33644,130638780.65
2012-10-17,ASIANPAINT,,,3895,3942,3885.45,3908.8,50558,198250230.05
2012-10-18,ASIANPAINT,,,3914,3948,3901,3923.7,30050,117961078.25
2012-10-19,ASIANPAINT,,,3900,3923.7,3875,3881.7,47879,186030372.6
2012-10-22,ASIANPAINT,,,3884.7,3939.95,3843,3929.15,39213,153442424.8
2012-10-23,ASIANPAINT,,,3944,3944,3895,3910.2,38557,150919251.3
2012-10-25,ASIANPAINT,,,3910,3920,3871.35,3896.15,131313,511279865.4
2012-10-26,ASIANPAINT,,,3896.95,3945,3872,3923.45,44746,174884703.75
2012-10-29,ASIANPAINT,,,3947,3947,3892,3931.55,24176,94909725.3
2012-10-30,ASIANPAINT,,,3921,3945,3872.6,3887.95,15635,61007640.75
2012-10-31,ASIANPAINT,,,3894.85,3909.9,3851.05,3871.2,24730,95849214.85
2012-11-01,ASIANPAINT,,,3865,3887.95,3841.35,3878.6,28221,109026206.7
2012-11-02,ASIANPAINT,,,3909.95,3920,3879.9,3903.3,37444,146175431.25
2012-11-05,ASIANPAINT,,,3893,3970,3881.2,3957,49221,193917900.35
2012-11-06,ASIANPAINT,,,3969.95,4109,3950.05,4095.35,147537,597926032.85
2012-11-07,ASIANPAINT,,,4105.1,4145,4091.85,4120.45,79913,329486994.25
2012-11-08,ASIANPAINT,,,4074,4199.85,4074,4178.1,87103,363049833.05
2012-11-09,ASIANPAINT,,,4161.25,4195,4100.1,4114.3,41507,171725209.45
2012-11-12,ASIANPAINT,,,4130,4160,4082.7,4089.6,38848,159598103.65
2012-11-13,ASIANPAINT,,,4106,4120,4071.2,4083.2,8477,34674823.2
2012-11-15,ASIANPAINT,,,4050.25,4107.95,3990.25,4014.95,103843,417934959.95
2012-11-16,ASIANPAINT,,,4025,4038.85,3936.05,3951.05,44020,174704553.15
2012-11-19,ASIANPAINT,,,3960,3960,3850,3876.75,68405,266309551.4
2012-11-20,ASIANPAINT,,,3870.05,3928.95,3832,3849.95,51481,199065636.35
2012-11-21,ASIANPAINT,,,3854,3935,3836.05,3919.9,96105,374781415.4
2012-11-22,ASIANPAINT,,,3930,3989,3928.55,3968.05,68610,272272798.85
2012-11-23,ASIANPAINT,,,3968,4068,3968,4054.1,75803,305935746.05
2012-11-26,ASIANPAINT,,,4094.95,4121.9,4050,4083.4,49724,203563905.45
2012-11-27,ASIANPAINT,,,4071.25,4133.9,4071.25,4123.9,51062,210005765.35
2012-11-29,ASIANPAINT,,,4115,4374.45,4115,4319.8,218693,935931952.8
2012-11-30,ASIANPAINT,,,4305.05,4375.95,4290.4,4330.35,251070,1085482554.55
2012-12-03,ASIANPAINT,,,4320.3,4382.95,4305,4346.65,63160,273832601.95
2012-12-04,ASIANPAINT,,,4371.9,4387.5,4322,4352,83225,362670666.45
2012-12-05,ASIANPAINT,,,4351,4414.4,4351,4377.85,148109,648949440.75
2012-12-06,ASIANPAINT,,,4372,4384.8,4335,4356.55,60784,264889499.25
2012-12-07,ASIANPAINT,,,4337,4367,4301,4312.55,41772,180521301.15
2012-12-10,ASIANPAINT,,,4330,4345.45,4300.25,4315.85,36676,158369189.95
2012-12-11,ASIANPAINT,,,4344,4344,4275.1,4300.2,46205,198904699.4
2012-12-12,ASIANPAINT,,,4326,4340,4283.95,4320.5,120409,519669531.15
2012-12-13,ASIANPAINT,,,4337.95,4342.95,4295,4309.6,63830,275387467.85
2012-12-14,ASIANPAINT,,,4326.9,4326.9,4263,4280.8,67125,287453672.95
2012-12-17,ASIANPAINT,,,4250.05,4274.15,4225,4249.4,40778,173291525.4
2012-12-18,ASIANPAINT,,,4260,4318.95,4253.6,4295.5,60660,260516203.2
2012-12-19,ASIANPAINT,,,4295.5,4447.95,4295.5,4429.85,80640,352375521.95
2012-12-20,ASIANPAINT,,,4435,4497.5,4410,4444.2,82327,366584678.3
2012-12-21,ASIANPAINT,,,4436,4436,4340.4,4356.2,45166,197563890.8
2012-12-24,ASIANPAINT,,,4375,4385,4335,4361,36427,158750330.3
2012-12-26,ASIANPAINT,,,4371.1,4444,4370.25,4423.65,38283,169335093.6
2012-12-27,ASIANPAINT,,,4436,4446,4330.1,4346.4,74363,325226469.8
2012-12-28,ASIANPAINT,,,4356,4408.65,4356,4394.7,29243,128420722
2012-12-31,ASIANPAINT,,,4394.7,4459.9,4381.8,4432.55,37916,167673270.45
2013-01-01,ASIANPAINT,,,4445,4454.8,4410,4423.05,29962,132706188.25
2013-01-02,ASIANPAINT,,,4426.05,4457,4360,4371.95,61496,270609145.85
2013-01-03,ASIANPAINT,,,4397.6,4428,4370,4396.7,50886,223577525.9
2013-01-04,ASIANPAINT,,,4408.9,4420,4380,4402,71309,313631737
2013-01-07,ASIANPAINT,,,4437.95,4437.95,4380,4394.35,51965,228394727.45
2013-01-08,ASIANPAINT,,,4385,4407,4352.4,4394.1,67270,295043178.4
2013-01-09,ASIANPAINT,,,4395,4409,4355,4364.15,39324,172130672.25
2013-01-10,ASIANPAINT,,,4380.1,4417.1,4350,4362.7,83272,364389677.05
2013-01-11,ASIANPAINT,,,4363.25,4388.5,4285,4299.45,53053,228904791.85
2013-01-14,ASIANPAINT,,,4310,4379,4295.1,4365.55,30247,131292372.95
2013-01-15,ASIANPAINT,,,4365.55,4365.6,4280.05,4313.1,53514,231068764.45
2013-01-16,ASIANPAINT,,,4298,4338,4263.5,4278.3,42134,181308642.75
2013-01-17,ASIANPAINT,,,4275,4340,4275,4333.2,119018,513599527.8
2013-01-18,ASIANPAINT,,,4341,4357.9,4275,4311.05,73643,316954622.9
2013-01-21,ASIANPAINT,,,4312.05,4349,4275.6,4287.9,44525,191656633.1
2013-01-22,ASIANPAINT,,,4330,4454.3,4311,4413.05,186237,821196700.8
2013-01-23,ASIANPAINT,,,4413.05,4489.75,4410.1,4442.5,123908,552205806
2013-01-24,ASIANPAINT,,,4444,4476,4390,4405.1,57961,256999748.55
2013-01-25,ASIANPAINT,,,4418.8,4469.6,4372.7,4405.7,29688,130827837.55
2013-01-28,ASIANPAINT,,,4405.05,4418,4345.6,4399.2,57906,253998831.85
2013-01-29,ASIANPAINT,,,4386,4442.5,4366,4431.6,60948,268156542.75
2013-01-30,ASIANPAINT,,,4439.95,4490,4431.7,4473.75,70221,314005718.65
2013-01-31,ASIANPAINT,,,4497.5,4569.4,4482.5,4501.15,137775,623930059.5
2013-02-01,ASIANPAINT,,,4538,4555,4505.05,4542.55,46913,212975379.15
2013-02-04,ASIANPAINT,,,4548,4667,4540,4642.95,157808,729428592.7
2013-02-05,ASIANPAINT,,,4625,4677,4615.3,4638.9,58176,270292016.9
2013-02-06,ASIANPAINT,,,4644.5,4665,4612.75,4624.15,72252,335122668.7
2013-02-07,ASIANPAINT,,,4610.05,4645,4593.45,4603.85,41077,189412616.7
2013-02-08,ASIANPAINT,,,4618,4636.95,4511.75,4523.5,55519,252919309.05
2013-02-11,ASIANPAINT,,,4530,4574.25,4475.1,4533.5,46288,208957962.95
2013-02-12,ASIANPAINT,,,4540,4540,4476.9,4509.5,20880,94126433.15
2013-02-13,ASIANPAINT,,,4524,4524.9,4460.55,4471.05,33048,148552722
2013-02-14,ASIANPAINT,,,4475.1,4547.8,4452,4526.1,162658,726879060.2
2013-02-15,ASIANPAINT,,,4511.95,4575,4511.95,4542.4,38409,174683586.45
2013-02-18,ASIANPAINT,,,4515,4537.7,4483.45,4504.1,39331,177288322.15
2013-02-19,ASIANPAINT,,,4490,4599,4480.2,4558.9,40707,184511565.7
2013-02-20,ASIANPAINT,,,4579.9,4597.7,4533.4,4555.5,85624,390541761.65
2013-02-21,ASIANPAINT,,,4548.75,4560.45,4482.15,4513.65,54869,248188531.45
2013-02-22,ASIANPAINT,,,4502.1,4552.7,4475.45,4537.3,68419,310121934.6
2013-02-25,ASIANPAINT,,,4558,4558,4491,4502.15,47794,215414379.25
2013-02-26,ASIANPAINT,,,4497,4499,4370.2,4400.1,59797,265327860.2
2013-02-27,ASIANPAINT,,,4381.1,4424,4335.9,4358.05,58738,257347335.25
2013-02-28,ASIANPAINT,,,4380,4434.7,4225,4272.2,159231,688310931.35
2013-03-01,ASIANPAINT,,,4299,4385,4270.1,4359.1,77243,334327981.75
2013-03-04,ASIANPAINT,,,4331,4360,4275,4329.9,72144,311730043.15
2013-03-05,ASIANPAINT,,,4347,4450,4292,4434.9,78527,345311286.25
2013-03-06,ASIANPAINT,,,4442.25,4480,4418,4463.2,59160,263065770.7
2013-03-07,ASIANPAINT,,,4425.05,4612.1,4425.05,4585.45,97784,441253385.95
2013-03-08,ASIANPAINT,,,4592.15,4688,4592.15,4666.6,60821,281907700.35
2013-03-11,ASIANPAINT,,,4665,4775,4647.9,4756.75,124447,588148805.45
2013-03-12,ASIANPAINT,,,4761,4770,4723.45,4752.4,78772,373479165.6
2013-03-13,ASIANPAINT,,,4725,4829.65,4720.15,4790.8,145312,696256631.55
2013-03-14,ASIANPAINT,,,4781.3,4945,4780,4896.45,159067,773732089.85
2013-03-15,ASIANPAINT,,,4890,5025,4860.3,5007.3,309341,1545540582
2013-03-18,ASIANPAINT,,,4980,5030,4945,5002.5,252829,1263500802.5
2013-03-19,ASIANPAINT,,,5004.95,5004.95,4900,4909.35,217070,1074811642.05
2013-03-20,ASIANPAINT,,,4899,5019.35,4866.05,4992.6,190116,943859246.4
2013-03-21,ASIANPAINT,,,5000.1,5050,4885,4912.7,157057,783996390.65
2013-03-22,ASIANPAINT,,,4899,5000,4878,4953.7,115371,571002320.15
2013-03-25,ASIANPAINT,,,4975,5001.3,4858,4879.05,166556,817898144.7
2013-03-26,ASIANPAINT,,,4880,4926.75,4875,4903.25,116207,569437760.2
2013-03-28,ASIANPAINT,,,4894.65,4925,4847.1,4917.25,102940,505141068.4
2013-04-01,ASIANPAINT,,,4922,4982,4881,4954.95,68878,340297578.95
2013-04-02,ASIANPAINT,,,4954.95,4969.9,4875.8,4890.35,52013,255728123.2
2013-04-03,ASIANPAINT,,,4890,4913.95,4840.85,4885.1,75859,369754152.85
2013-04-04,ASIANPAINT,,,4843,4896.8,4775,4788.6,57489,277297144.25
2013-04-05,ASIANPAINT,,,4785,4830,4732.3,4767.55,73494,350377962.15
2013-04-08,ASIANPAINT,,,4770,4787.95,4611,4622.45,90604,422837394.45
2013-04-09,ASIANPAINT,,,4638,4667.55,4511.6,4531.6,93571,428412288.85
2013-04-10,ASIANPAINT,,,4588.6,4588.6,4476.55,4536.2,70026,316752778.6
2013-04-11,ASIANPAINT,,,4586,4597.9,4511.15,4554.65,71314,324635584.6
2013-04-12,ASIANPAINT,,,4578,4718.85,4541,4662,96306,449281161.5
2013-04-15,ASIANPAINT,,,4652,4705.05,4620,4642.1,52736,245906356.65
2013-04-16,ASIANPAINT,,,4635,4718.9,4635,4687.7,85526,400991096.15
2013-04-17,ASIANPAINT,,,4690,4707,4640,4650.35,193076,906345491.3
2013-04-18,ASIANPAINT,,,4651,4689.6,4594.75,4649.5,54075,250955336.1
2013-04-22,ASIANPAINT,,,4660.1,4740,4612.5,4647.15,65586,306308481.7
2013-04-23,ASIANPAINT,,,4694.75,4694.75,4615.35,4649.45,42183,196095742.4
2013-04-25,ASIANPAINT,,,4662,4688.5,4640,4652.15,194623,908069875.25
2013-04-26,ASIANPAINT,,,4702,4784.45,4692.2,4705.55,200527,946680587.35
2013-04-29,ASIANPAINT,,,4710,4767,4677,4713.75,121914,575217379.6
2013-04-30,ASIANPAINT,,,4715.9,4716.5,4631.05,4681.25,49496,231687151.95
2013-05-02,ASIANPAINT,,,4670,4749.9,4670,4727.35,128449,607623666.3
2013-05-03,ASIANPAINT,,,4728,4739.05,4678.9,4695.25,43807,205999772.8
2013-05-06,ASIANPAINT,,,4705.25,4894,4705.25,4855.95,89446,431719648.25
2013-05-07,ASIANPAINT,,,4890,4949,4865.05,4900,101035,495153917.2
2013-05-08,ASIANPAINT,,,4939,4939,4841.15,4853.55,68683,333976002.9
2013-05-09,ASIANPAINT,,,4870,4925.15,4590,4670.95,326942,1553316199.4
2013-05-10,ASIANPAINT,,,4667,4667,4604,4638.75,160786,743867346.75
2013-05-13,ASIANPAINT,,,4720.1,4788.95,4685.2,4699.5,74555,353520569.7
2013-05-14,ASIANPAINT,,,4713,4785,4703.5,4749,90819,430596948.15
2013-05-15,ASIANPAINT,,,4753,4848,4753,4824.45,89558,431180431.15
2013-05-16,ASIANPAINT,,,4800,4909,4800,4861.5,85300,414893971.4
2013-05-17,ASIANPAINT,,,4867,4899,4786,4812.8,67511,325644152.6
2013-05-20,ASIANPAINT,,,4848.95,4848.95,4765.7,4773.6,44521,213683761.7
2013-05-21,ASIANPAINT,,,4752,4825,4724,4784.95,52365,250140085.9
2013-05-22,ASIANPAINT,,,4795.25,4851.5,4760.45,4835.65,40356,194408940.95
2013-05-23,ASIANPAINT,,,4755,4830.2,4755,4800,59704,286027614.55
2013-05-24,ASIANPAINT,,,4810.05,4825,4762.3,4804.95,50509,242223629.25
2013-05-27,ASIANPAINT,,,4807,4840.25,4771,4826.05,78504,377336818.2
2013-05-28,ASIANPAINT,,,4830,4875,4802.35,4821.7,66329,320572574.9
2013-05-29,ASIANPAINT,,,4854,4860,4779.9,4815.3,33993,163436041.45
2013-05-30,ASIANPAINT,,,4791,4949,4791,4913.6,69388,339103429.8
2013-05-31,ASIANPAINT,,,4910,4929.9,4850.2,4863.1,58284,283887772.15
2013-06-03,ASIANPAINT,,,4843.1,4859.9,4655,4694.3,92851,439588604.3
2013-06-04,ASIANPAINT,,,4700,4756.2,4660.15,4680.3,70235,331014262.5
2013-06-05,ASIANPAINT,,,4694,4711.2,4642,4675.25,42815,199984069.3
2013-06-06,ASIANPAINT,,,4641.9,4659.45,4605,4620.05,47864,221499097
2013-06-07,ASIANPAINT,,,4592,4658.1,4560,4576.8,51440,236152020.55
2013-06-10,ASIANPAINT,,,4585.15,4613.85,4525,4537.25,100660,458917330.6
2013-06-11,ASIANPAINT,,,4530,4545,4466.35,4489.7,108478,488531335.25
2013-06-12,ASIANPAINT,,,4485,4520,4440.1,4496.1,72682,325490308.4
2013-06-13,ASIANPAINT,,,4465.55,4522.35,4426.6,4444.2,58541,261671866.35
2013-06-14,ASIANPAINT,,,4465,4594.85,4464,4559.5,58688,266229735.15
2013-06-17,ASIANPAINT,,,4541,4634.8,4525,4575.35,60985,279999991.4
2013-06-18,ASIANPAINT,,,4552.1,4607,4533.1,4575.25,63700,291139409.2
2013-06-19,ASIANPAINT,,,4553.25,4620,4553.25,4610.55,53820,246548716.1
2013-06-20,ASIANPAINT,,,4566,4595,4515,4573.65,95784,437621792
2013-06-21,ASIANPAINT,,,4540,4605.75,4512.2,4557.7,88267,403234023.85
2013-06-24,ASIANPAINT,,,4520.1,4559.5,4370.1,4393.2,86978,386044416.4
2013-06-25,ASIANPAINT,,,4373.1,4427.2,4294.7,4361.5,141021,613321630.2
2013-06-26,ASIANPAINT,,,4370,4529,4366,4493,93473,416009065.15
2013-06-27,ASIANPAINT,,,4559,4699.9,4507.75,4538.1,167762,767823682.3
2013-06-28,ASIANPAINT,,,4562,4652,4545,4636.5,124930,575168572.45
2013-07-01,ASIANPAINT,,,4606.1,4740.25,4600,4712.5,102000,477141610
2013-07-02,ASIANPAINT,,,4682.1,4735,4665,4677.6,53099,249058590.45
2013-07-03,ASIANPAINT,,,4660,4682.5,4547,4571.3,63088,290240061.35
2013-07-04,ASIANPAINT,,,4603.35,4620,4527.35,4565.2,30355,139084991.25
2013-07-05,ASIANPAINT,,,4600,4689.45,4570,4668.8,35329,163769313.45
2013-07-08,ASIANPAINT,,,4666.3,4699,4630,4672.95,65330,304790403.7
2013-07-09,ASIANPAINT,,,4680.3,4774,4680.3,4762.55,53305,252179349.35
2013-07-10,ASIANPAINT,,,4784,4848.8,4770.05,4782.8,71258,342792987
2013-07-11,ASIANPAINT,,,4810,4887.65,4810,4874.5,46874,227694330.75
2013-07-12,ASIANPAINT,,,4899.45,4899.45,4791.7,4826.7,64607,311309598.7
2013-07-15,ASIANPAINT,,,4805.1,4838,4786.05,4812.65,33350,160510599.3
2013-07-16,ASIANPAINT,,,4755.2,4858.8,4755.2,4835.85,33636,162250254.75
2013-07-17,ASIANPAINT,,,4830,5032.35,4815.95,5011.55,147871,733785015.95
2013-07-18,ASIANPAINT,,,5016,5229,5006.1,5213.1,182593,937905985.4
2013-07-19,ASIANPAINT,,,5221.1,5247.75,5150.05,5165.4,84665,438208457.6
2013-07-22,ASIANPAINT,,,5189.9,5224.95,4967.25,5050.3,171890,876761733.45
2013-07-23,ASIANPAINT,,,5024,5055.95,4901,4941.05,205324,1020301204
2013-07-24,ASIANPAINT,,,4910,5014.95,4895,4986.05,107960,535793050.05
2013-07-25,ASIANPAINT,,,5007.8,5118,4976.9,5080.4,163810,828846832.25
2013-07-26,ASIANPAINT,,,5115,5173.65,5039,5075.55,125982,642722197
2013-07-29,ASIANPAINT,,,5075,5137.5,5054.95,5118.2,42057,214441977.15
2013-07-30,ASIANPAINT,,,521.5,522.4,502.65,510.75,898758,461228496.4
2013-07-31,ASIANPAINT,,,512,513.55,495.15,507.6,800891,403232156.7
2013-08-01,ASIANPAINT,,,515,515,486.3,498.2,841361,419765957.55
2013-08-02,ASIANPAINT,,,499,504.15,492,497.45,986501,489806500.7
2013-08-05,ASIANPAINT,,,498.1,500.45,469,472.8,1753463,841226477.85
2013-08-06,ASIANPAINT,,,470,470,434.15,437.35,1513183,675535062.6
2013-08-07,ASIANPAINT,,,435.3,439.45,412,423.2,2441631,1028662519.15
2013-08-08,ASIANPAINT,,,423.2,435,423.2,430.8,1000667,430678411.35
2013-08-12,ASIANPAINT,,,431.45,439.8,418.5,436.9,1050655,451920081.65
2013-08-13,ASIANPAINT,,,438.9,441.8,431,439.95,576780,252858067.85
2013-08-14,ASIANPAINT,,,442.1,443.95,430,434.75,808688,352640536.95
2013-08-16,ASIANPAINT,,,434.45,437,414.1,418.7,1875723,790010703.9
2013-08-19,ASIANPAINT,,,418.7,430.85,398.15,427.2,1450144,608713391.4
2013-08-20,ASIANPAINT,,,420.9,423.95,411,417.8,1339308,559456986.9
2013-08-21,ASIANPAINT,,,423,427.65,411,415.15,1405177,583947530.7
2013-08-22,ASIANPAINT,,,413,424.5,412,420.3,715086,300258538.8
2013-08-23,ASIANPAINT,,,419,425.7,415,420.05,986872,414390383.05
2013-08-26,ASIANPAINT,,,421.5,434.45,421,427.85,813600,349343820.95
2013-08-27,ASIANPAINT,,,422.7,430.5,405,410,1618168,670252783.45
2013-08-28,ASIANPAINT,,,400.6,402.85,373.4,392,2461413,951383112.2
2013-08-29,ASIANPAINT,,,389.7,409.5,389.7,403.2,1479215,596263865.35
2013-08-30,ASIANPAINT,,,408.2,424.95,393.75,420.95,1514956,622098406.4
2013-09-02,ASIANPAINT,,,420,427.9,418.3,422.4,533907,226054719
2013-09-03,ASIANPAINT,,,422,424.95,395,398.15,1313672,530445675.6
2013-09-04,ASIANPAINT,,,403,409.5,399,403.3,668024,269603565.45
2013-09-05,ASIANPAINT,,,410,413.1,402.85,405.6,1025465,417542614.75
2013-09-06,ASIANPAINT,,,406.8,426.8,406.5,425.1,1558392,653879176.05
2013-09-10,ASIANPAINT,,,429.8,450.3,428.05,445.8,1598104,704257693.2
2013-09-11,ASIANPAINT,,,448.7,448.7,435,444.6,875515,385979753.05
2013-09-12,ASIANPAINT,,,446.55,451.85,435.5,438.5,1740100,766535153.25
2013-09-13,ASIANPAINT,,,437,445.9,436,442.35,596005,263333390.4
2013-09-16,ASIANPAINT,,,450,458.7,436.5,441.35,1263167,559413370.3
2013-09-17,ASIANPAINT,,,441.05,443.9,437.45,441.7,463021,203705997.65
2013-09-18,ASIANPAINT,,,442,448.5,438.5,445.5,618855,274053417.15
2013-09-19,ASIANPAINT,,,452,486.45,450,479.1,1571260,739957060.4
2013-09-20,ASIANPAINT,,,480.25,491.3,469.4,488.15,1366454,657944999.95
2013-09-23,ASIANPAINT,,,485,494.95,479.75,486.1,1698587,829373139.9
2013-09-24,ASIANPAINT,,,486,504.8,483.1,485.3,1854893,916155537.2
2013-09-25,ASIANPAINT,,,489.5,489.8,471.55,477.85,1269349,607670058.1
2013-09-26,ASIANPAINT,,,476.8,484.3,476.45,479.8,1423622,684416808.45
2013-09-27,ASIANPAINT,,,484,486.3,468.1,469.8,1022869,484776916.9
2013-09-30,ASIANPAINT,,,470,470.2,456.4,459.25,1184167,545603299.55
2013-10-01,ASIANPAINT,,,462,464,451,454.35,1194903,545314769.6
2013-10-03,ASIANPAINT,,,457,477.2,457,470.8,1872476,878806269.6
2013-10-04,ASIANPAINT,,,467.95,476.1,466,467.1,1105813,521708482.45
2013-10-07,ASIANPAINT,,,469.8,469.8,456.2,463.5,1246791,575748504.3
2013-10-08,ASIANPAINT,,,465,471.35,457.5,459.7,1062402,491834489.95
2013-10-09,ASIANPAINT,,,455,472.2,453.6,469.9,1219033,566450619.35
2013-10-10,ASIANPAINT,,,467,483.5,467,479.65,1241962,595557981.4
2013-10-11,ASIANPAINT,,,485.05,487.9,476.2,485.05,732464,354148235.45
2013-10-14,ASIANPAINT,,,481.5,481.5,468.55,470.6,922169,434905257.6
2013-10-15,ASIANPAINT,,,473.9,483.4,470.6,480.8,984845,470063577.15
2013-10-17,ASIANPAINT,,,484.4,489.95,481.7,486.4,963435,468357534.5
2013-10-18,ASIANPAINT,,,484.1,494.6,476.3,486.9,2524634,1228971090.95
2013-10-21,ASIANPAINT,,,490,529.8,488.25,515.8,4416370,2244227911.25
2013-10-22,ASIANPAINT,,,530,531.2,510.3,523.2,3048277,1584380199.6
2013-10-23,ASIANPAINT,,,526,526.4,515.25,522.15,978398,508352069.3
2013-10-24,ASIANPAINT,,,520.25,533.5,518.45,521.5,1415249,744737433.55
2013-10-25,ASIANPAINT,,,517,522.35,512.1,513.7,702992,362888391.75
2013-10-28,ASIANPAINT,,,517.9,519,500,501.55,1054082,535515723.8
2013-10-29,ASIANPAINT,,,502,521,495.5,519,1519476,773900334.35
2013-10-30,ASIANPAINT,,,521,529.4,517.1,528.25,1579868,829182969.15
2013-10-31,ASIANPAINT,,,529.5,541.95,526.6,539.45,1791990,962592833.85
2013-11-01,ASIANPAINT,,,539,544.95,532.65,542.8,1033935,557277796.5
2013-11-05,ASIANPAINT,,,535.35,551.35,535.3,548.2,1376974,748747233.5
2013-11-06,ASIANPAINT,,,550,555.75,541.3,552.35,1527805,841949010.15
2013-11-07,ASIANPAINT,,,552,558.45,547.55,551.4,880347,487151859.65
2013-11-08,ASIANPAINT,,,550,561.75,546.65,556.6,896874,496626253.75
2013-11-11,ASIANPAINT,,,551.15,556.55,545.2,546.5,942969,518986873.15
2013-11-12,ASIANPAINT,,,548,550.95,528.1,530.45,886182,476463477.85
2013-11-13,ASIANPAINT,,,523.1,531.8,518.2,522.85,922754,483100786.4
2013-11-18,ASIANPAINT,,,518.2,527.9,515.05,526.3,1208180,629558616.4
2013-11-19,ASIANPAINT,,,528,534.3,528,531.3,840508,446817669.35
2013-11-20,ASIANPAINT,,,531.9,537,521.4,524.3,869675,461493134.05
2013-11-21,ASIANPAINT,,,520.9,520.9,506.2,509.25,617352,317314277.85
2013-11-22,ASIANPAINT,,,512,514.9,505.15,508.1,654192,334241556.4
2013-11-25,ASIANPAINT,,,510.15,519.5,510.15,516.3,559626,288809039.85
2013-11-26,ASIANPAINT,,,513.5,515.85,505,506.7,889816,452573222.8
2013-11-27,ASIANPAINT,,,506.9,506.95,499.6,504.75,522030,263125813.2
2013-11-28,ASIANPAINT,,,509.9,513.2,499.45,504.85,1494607,756872418.3
2013-11-29,ASIANPAINT,,,505.05,508.8,502.2,503.65,1045856,527638064
2013-12-02,ASIANPAINT,,,506,508.95,503,505.1,957110,483815234.05
2013-12-03,ASIANPAINT,,,504,514.45,502.2,504.45,2162803,1098062247.25
2013-12-04,ASIANPAINT,,,506.05,507.5,501,502.35,740212,373103592.8
2013-12-05,ASIANPAINT,,,507.9,508.9,503.1,504.85,966233,488443091.45
2013-12-06,ASIANPAINT,,,504.95,510.95,501.45,504.75,877218,444022457.15
2013-12-09,ASIANPAINT,,,516,516.25,503,504.65,945168,477650147.15
2013-12-10,ASIANPAINT,,,505,508,496.75,504.7,1079003,543653281.8
2013-12-11,ASIANPAINT,,,504.1,506.15,499.05,501.75,457572,229668922.95
2013-12-12,ASIANPAINT,,,498,505.5,495.45,497.8,460920,231169939.5
2013-12-13,ASIANPAINT,,,494.1,499.25,490.05,494.1,560652,276775253.1
2013-12-16,ASIANPAINT,,,492.2,496.1,484.05,485.85,465539,227667625.9
2013-12-17,ASIANPAINT,,,486.7,494.4,482,490.65,706788,345963861.85
2013-12-18,ASIANPAINT,,,490,498.8,486.5,497.15,879699,434036761.5
2013-12-19,ASIANPAINT,,,498.5,499.7,485.1,485.95,879048,430811834.05
2013-12-20,ASIANPAINT,,,485.15,492.1,482.1,489.6,848785,414103123.9
2013-12-23,ASIANPAINT,,,489.95,492,484.5,486.7,619218,302946125.8
2013-12-24,ASIANPAINT,,,488.8,491.7,486,487.4,510114,249661401.2
2013-12-26,ASIANPAINT,,,487,491.15,485.95,489.85,1213677,594553295.75
2013-12-27,ASIANPAINT,,,490.65,491.25,482.5,485.1,516613,251092537.75
2013-12-30,ASIANPAINT,,,486.05,490.75,483.45,487.85,493062,240087146.15
2013-12-31,ASIANPAINT,,,486.5,492.6,486.5,490,608388,298282002.95
2014-01-01,ASIANPAINT,,,494.4,503.9,492,499.75,1866326,933938581.15
2014-01-02,ASIANPAINT,,,501.4,505.1,483,485.55,952911,474145733.3
2014-01-03,ASIANPAINT,,,483,491.5,480,489.5,994043,484806246.8
2014-01-06,ASIANPAINT,,,491.35,492.5,482.6,490.65,833555,407736928.85
2014-01-07,ASIANPAINT,,,491,493.5,484,489.95,708829,346899132.05
2014-01-08,ASIANPAINT,,,490.55,493,487.5,490.5,703600,345117759.15
2014-01-09,ASIANPAINT,,,488.35,491.9,485.55,490.1,639802,312823216.25
2014-01-10,ASIANPAINT,,,488,498,488,492,610335,301661300.2
2014-01-13,ASIANPAINT,,,488.7,499.4,488,494.05,1093710,540929805.65
2014-01-14,ASIANPAINT,,,492,496.5,486.05,487.4,448596,220148880
2014-01-15,ASIANPAINT,,,486,494.7,486,493.5,597708,293932250.6
2014-01-16,ASIANPAINT,,,495,496.85,490.7,495.6,738459,365348236.05
2014-01-17,ASIANPAINT,,,497.45,500,488.1,491.55,827389,409298362.3
2014-01-20,ASIANPAINT,,,491.5,492.5,483.75,490,1396371,682511700.05
2014-01-21,ASIANPAINT,,,478,482.9,472.3,479.25,1628124,776500792.6
2014-01-22,ASIANPAINT,,,478.85,478.85,466.85,472.6,2795089,1316052586.7
2014-01-23,ASIANPAINT,,,473.9,474.5,468.15,473,941667,443784971.95
2014-01-24,ASIANPAINT,,,469.25,479.55,465,478.1,1170322,555168355.45
2014-01-27,ASIANPAINT,,,474,478.9,470.5,476.4,941676,447666312.1
2014-01-28,ASIANPAINT,,,475.25,480.7,471,476.8,902422,429071958.75
2014-01-29,ASIANPAINT,,,478.1,484.75,473.75,482.9,1046075,503671206.1
2014-01-30,ASIANPAINT,,,478,480,463.95,477.5,2915597,1376003859.85
2014-01-31,ASIANPAINT,,,474.15,478.9,467.05,471.7,1681719,792464403.2
2014-02-03,ASIANPAINT,,,468.25,479,467.55,469.9,651775,308908280.6
2014-02-04,ASIANPAINT,,,465.05,477.4,464.05,476,969792,457619276.75
2014-02-05,ASIANPAINT,,,473.2,485.1,470.1,484.45,1254256,599913741.15
2014-02-06,ASIANPAINT,,,485.55,488,478,484.05,978103,471318821.45
2014-02-07,ASIANPAINT,,,487,491.3,484.05,490.5,596025,291591884.2
2014-02-10,ASIANPAINT,,,492.8,495,485,487,2209585,1078646598.4
2014-02-11,ASIANPAINT,,,489.1,489.25,480.7,484.35,1058522,513486356
2014-02-12,ASIANPAINT,,,479,483,474.1,477.35,856522,408375291.35
2014-02-13,ASIANPAINT,,,477.35,479.75,466.65,468.8,318431,150333433.7
2014-02-14,ASIANPAINT,,,469.65,475.45,469.25,472.8,323567,152877465.15
2014-02-17,ASIANPAINT,,,474.85,476.2,470.6,473.25,274976,130152554.3
2014-02-18,ASIANPAINT,,,473.5,477,463.65,473.1,403429,190357581.35
2014-02-19,ASIANPAINT,,,472,473.1,467.5,468.5,292623,137389305
2014-02-20,ASIANPAINT,,,466.65,467.5,460.2,461.6,694901,322061345
2014-02-21,ASIANPAINT,,,462.25,468.85,461.3,464,562640,261784880.4
2014-02-24,ASIANPAINT,,,464.5,471.8,464.05,470.8,303887,142594705.85
2014-02-25,ASIANPAINT,,,471.5,474.85,470.1,472.05,806751,381198004.8
2014-02-26,ASIANPAINT,,,470.5,479.9,470.5,477.15,604265,287448114.2
2014-02-28,ASIANPAINT,,,477.75,482.5,470.55,473,673369,319831664.8
2014-03-03,ASIANPAINT,,,471.5,476.35,468.5,472.95,431296,204099601.75
2014-03-04,ASIANPAINT,,,471.55,477.5,471.55,475.6,1001089,475454711.7
2014-03-05,ASIANPAINT,,,477.4,478.9,472,474.6,436618,207487792.1
2014-03-06,ASIANPAINT,,,476.5,477.2,472.55,474.55,437306,207630100.5
2014-03-07,ASIANPAINT,,,475.9,484.3,473.5,481,930496,445529096.5
2014-03-10,ASIANPAINT,,,482,490,480.6,484.85,993946,483665036.25
2014-03-11,ASIANPAINT,,,487.6,489.5,478.55,480.7,535386,259246202.7
2014-03-12,ASIANPAINT,,,481,495.95,478.6,494.3,907392,444323466.45
2014-03-13,ASIANPAINT,,,498,504.2,491.7,493.75,772560,385698480.65
2014-03-14,ASIANPAINT,,,491,499.85,490.95,495.5,711413,352576375.35
2014-03-18,ASIANPAINT,,,496.5,504.6,494.2,501.6,621330,311411807.05
2014-03-19,ASIANPAINT,,,503,514.45,503,513.05,939626,479230821.6
2014-03-20,ASIANPAINT,,,513.5,519.7,513,515.6,1196743,617746735.65
2014-03-21,ASIANPAINT,,,516.15,518,504.95,510.1,955311,486537049.2
2014-03-24,ASIANPAINT,,,507.5,525,506.05,523.9,985612,510844541.25
2014-03-25,ASIANPAINT,,,524.5,533.6,522,525.3,655035,345340598.9
2014-03-26,ASIANPAINT,,,526.55,533.25,523.45,529.1,577241,305411106.05
2014-03-27,ASIANPAINT,,,527.45,544,527.45,539.05,1514253,815903672.25
2014-03-28,ASIANPAINT,,,542,543,533.9,539.85,559627,301123716.85
2014-03-31,ASIANPAINT,,,540,550,535,547.95,545531,296834073.25
2014-04-01,ASIANPAINT,,,547.75,547.75,532,536.65,590285,316004344.1
2014-04-02,ASIANPAINT,,,536,542.8,521,522.8,1296369,683255568.2
2014-04-03,ASIANPAINT,,,523.55,542,523.55,538.6,960789,511859950.25
2014-04-04,ASIANPAINT,,,543,543,527.5,530.7,757681,402321883.5
2014-04-07,ASIANPAINT,,,531,544.85,526.5,539.55,1064991,569050916.4
2014-04-09,ASIANPAINT,,,542.35,549.5,538.85,547.7,620888,338063617.95
2014-04-10,ASIANPAINT,,,544.3,550,539.4,541.5,740700,403798210.1
2014-04-11,ASIANPAINT,,,540,546.85,535.4,543.7,513869,278370376.5
2014-04-15,ASIANPAINT,,,544,545,530.85,534.5,403358,215869237.1
2014-04-16,ASIANPAINT,,,537.65,538.5,532.5,534.9,750909,401838200.1
2014-04-17,ASIANPAINT,,,537.9,546.5,533.2,543.75,697395,376270231.2
2014-04-21,ASIANPAINT,,,547,547,533.15,539.2,1250718,671507895.35
2014-04-22,ASIANPAINT,,,540.2,542,534.5,536.4,405176,217808918.9
2014-04-23,ASIANPAINT,,,532.25,540.05,528.55,529.6,866527,460125654.7
2014-04-25,ASIANPAINT,,,534.5,534.5,513.05,514.95,512656,266521347
2014-04-28,ASIANPAINT,,,515,518.65,498.55,500.55,1434257,723901273.95
2014-04-29,ASIANPAINT,,,502,504.95,494.7,497.6,871746,437687626.55
2014-04-30,ASIANPAINT,,,498.2,511.95,498.2,505.15,642019,325108746.15
2014-05-02,ASIANPAINT,,,505,518.5,505,511.45,521441,267954515.65
2014-05-05,ASIANPAINT,,,510.25,519.75,507.45,518.6,507852,261575896.25
2014-05-06,ASIANPAINT,,,521,524.45,513.25,514.75,346381,179380460.1
2014-05-07,ASIANPAINT,,,510,515,504,505.65,492771,251422067.9
2014-05-08,ASIANPAINT,,,504.3,511.9,503,504.4,473377,239710508.25
2014-05-09,ASIANPAINT,,,504.45,522.5,503,521.15,503574,259734729.55
2014-05-12,ASIANPAINT,,,520.25,540,518.1,538.2,896112,473834476.3
2014-05-13,ASIANPAINT,,,539.3,551,534.95,540.35,1114150,604926565.45
2014-05-14,ASIANPAINT,,,544.9,560,542,556.9,1212854,670142554.25
2014-05-15,ASIANPAINT,,,563.9,563.9,523.5,529.05,1907311,1017576843.05
2014-05-16,ASIANPAINT,,,540,550,527,536.5,2066679,1115844339.3
2014-05-19,ASIANPAINT,,,542,542,522.5,527.45,885764,468437753.65
2014-05-20,ASIANPAINT,,,535,535.7,515.7,528.9,1025384,541625374.5
2014-05-21,ASIANPAINT,,,528,549.5,528,546.3,1843991,991278187.15
2014-05-22,ASIANPAINT,,,549.5,549.85,536.75,537.8,1296696,702472032.5
2014-05-23,ASIANPAINT,,,538.5,542.25,533,540.55,495348,266537954.5
2014-05-26,ASIANPAINT,,,532,538.75,520.05,523.6,687589,364072280
2014-05-27,ASIANPAINT,,,526,529.5,515,523.75,601376,315157652.35
2014-05-28,ASIANPAINT,,,522.6,524.5,506.5,510.2,959457,492702274.7
2014-05-29,ASIANPAINT,,,510,514.9,504,506.35,1727396,878307183.95
2014-05-30,ASIANPAINT,,,507,513.15,501.75,507.6,1629445,826802931.8
2014-06-02,ASIANPAINT,,,504.35,515,503.35,509.85,887646,452519682.15
2014-06-03,ASIANPAINT,,,511,512.6,506.15,509.1,586753,298447241.35
2014-06-04,ASIANPAINT,,,507.7,510.9,504.4,509,676269,344261832.55
2014-06-05,ASIANPAINT,,,509.6,516,507.1,510.1,1230823,629373125.3
2014-06-06,ASIANPAINT,,,512,512.85,503.5,505.35,1632891,826160663.2
2014-06-09,ASIANPAINT,,,507.9,530,507.1,528.1,4290170,2229979739.95
2014-06-10,ASIANPAINT,,,530,539.8,523,536.25,2579465,1376788894.15
2014-06-11,ASIANPAINT,,,538.05,547.8,536.65,543.65,1993349,1083019538.35
2014-06-12,ASIANPAINT,,,541,552.45,539.35,549.3,860725,470774010.75
2014-06-13,ASIANPAINT,,,549.3,555,540,542.2,573503,313015069.7
2014-06-16,ASIANPAINT,,,535.9,543.5,533.3,539.85,472781,255078572.9
2014-06-17,ASIANPAINT,,,540,565,540,560.6,1580095,873975975.75
2014-06-18,ASIANPAINT,,,560,569,552.25,557.9,2003001,1122226097.4
2014-06-19,ASIANPAINT,,,559.6,570,551.2,568,1112449,623789707.75
2014-06-20,ASIANPAINT,,,570,573.75,557,568.45,1086913,616361137.6
2014-06-23,ASIANPAINT,,,568.45,577,567.3,574.1,610166,348910903.35
2014-06-24,ASIANPAINT,,,574.1,582,571.6,579.9,816172,471385915.5
2014-06-25,ASIANPAINT,,,580.1,589,573,586.5,796312,462453260.1
2014-06-26,ASIANPAINT,,,589.9,590,577.8,584.8,838466,490318884.9
2014-06-27,ASIANPAINT,,,586.2,594,581.6,584.7,738734,434551598.65
2014-06-30,ASIANPAINT,,,585,597.9,584.7,594,785106,464862048
2014-07-01,ASIANPAINT,,,593.3,598.8,580.35,583.85,696050,407232847.3
2014-07-02,ASIANPAINT,,,586.55,596,582,584.05,816714,480032691.55
2014-07-03,ASIANPAINT,,,585.1,587.75,576.3,581.7,511556,297108917.9
2014-07-04,ASIANPAINT,,,584.9,592.85,584,588.65,374126,220501847.75
2014-07-07,ASIANPAINT,,,588.65,596.5,584.05,593.6,713824,422498257.15
2014-07-08,ASIANPAINT,,,590.4,604,584.7,590.1,809330,482987836.55
2014-07-09,ASIANPAINT,,,590.1,602.4,586.5,594.65,653792,389041643.25
2014-07-10,ASIANPAINT,,,595,597.8,580,587,525220,308574844.05
2014-07-11,ASIANPAINT,,,581.25,589.5,565.15,568.85,811989,466592305.65
2014-07-14,ASIANPAINT,,,571.15,597.9,568.1,589.5,672433,393440979
2014-07-15,ASIANPAINT,,,594.5,595.7,577,582.5,574018,334852571.35
2014-07-16,ASIANPAINT,,,580.5,588.6,577,579.85,675645,393024959.15
2014-07-17,ASIANPAINT,,,580,585,577.3,579.65,356143,206560374.25
2014-07-18,ASIANPAINT,,,580.9,589.95,578.35,580.45,925055,540285799.9
2014-07-21,ASIANPAINT,,,587.95,595,582,593.65,593459,350213731.8
2014-07-22,ASIANPAINT,,,597.9,610.9,592.7,603.6,1929744,1164988736.75
2014-07-23,ASIANPAINT,,,606,610,595.6,603.35,1050820,634158604.95
2014-07-24,ASIANPAINT,,,602.75,625.05,599.65,620.1,934022,571915469.9
2014-07-25,ASIANPAINT,,,620.2,639.95,617.75,637.4,1129698,710848674.75
2014-07-28,ASIANPAINT,,,640,644.9,627.5,636,878389,560352393.8
2014-07-30,ASIANPAINT,,,632,649,625,643.9,641494,409033941.4
2014-07-31,ASIANPAINT,,,644,644.95,625.1,628.65,1019233,646012322.35
2014-08-01,ASIANPAINT,,,620.1,630.9,620.1,624.5,508437,318098016.6
2014-08-04,ASIANPAINT,,,625.1,633.7,620.75,629.85,613756,385567856.5
2014-08-05,ASIANPAINT,,,629.9,636,624,633.4,509925,320684970.5
2014-08-06,ASIANPAINT,,,628.25,651.65,627.65,640.65,1057573,678075741.25
2014-08-07,ASIANPAINT,,,640,642.25,630.25,631.95,467998,296680395.25
2014-08-08,ASIANPAINT,,,628,628,614.25,617.95,732145,453453138.15
2014-08-11,ASIANPAINT,,,617,622.95,609.15,613.8,500617,308097311.1
2014-08-12,ASIANPAINT,,,618,618,606.05,614.2,757120,463695526.6
2014-08-13,ASIANPAINT,,,614,628,610.55,615.75,1091498,675673506.3
2014-08-14,ASIANPAINT,,,620,625,615.2,617.8,644135,399815826.3
2014-08-18,ASIANPAINT,,,622.8,626.4,617.55,619.35,674655,418885976.15
2014-08-19,ASIANPAINT,,,620.5,625.65,613,615.3,640905,396429390.3
2014-08-20,ASIANPAINT,,,614,619.4,605.1,612.5,1083389,660244631.05
2014-08-21,ASIANPAINT,,,614,624.55,611.15,613.9,827640,510936705.55
2014-08-22,ASIANPAINT,,,613,619,609.05,610.2,662770,405894908.85
2014-08-25,ASIANPAINT,,,615.9,617.25,602,604.6,873238,531259792.65
2014-08-26,ASIANPAINT,,,604,612,603.35,608,780261,474362424.9
2014-08-27,ASIANPAINT,,,606.5,619.55,606.5,617.45,1286406,792676118.7
2014-08-28,ASIANPAINT,,,620.15,631.9,620.05,624.2,2298792,1441963472.7
2014-09-01,ASIANPAINT,,,627.1,634.9,627.1,629.8,744728,469860455.4
2014-09-02,ASIANPAINT,,,629.75,635.8,622.05,624.25,750353,470479268.1
2014-09-03,ASIANPAINT,,,630,631.95,622.7,626.35,1140665,715565998.15
2014-09-04,ASIANPAINT,,,625.25,636.75,622.1,632.35,1322883,835069857.25
2014-09-05,ASIANPAINT,,,634.9,649.85,634.9,647.05,1563632,1007521049.6
2014-09-08,ASIANPAINT,,,650,680.85,650,676,2284209,1531929082.1
2014-09-09,ASIANPAINT,,,674.8,680.95,663.05,665.15,939947,631473388.75
2014-09-10,ASIANPAINT,,,663,664.4,652.1,653.9,788175,517358271.9
2014-09-11,ASIANPAINT,,,655,664,655,656.6,710191,467976012
2014-09-12,ASIANPAINT,,,655.15,675.7,655.15,671.8,1101264,736631870.2
2014-09-15,ASIANPAINT,,,667,669.95,658.1,661.45,1104474,730115572.4
2014-09-16,ASIANPAINT,,,662,663.95,643,646.8,896478,583124036.85
2014-09-17,ASIANPAINT,,,647.2,653.85,641.15,645.95,1158609,748949793.75
2014-09-18,ASIANPAINT,,,641.25,663.9,641.25,659.55,811042,530337586.05
2014-09-19,ASIANPAINT,,,662.4,674,662,669.5,1293093,865973969.65
2014-09-22,ASIANPAINT,,,665.8,667.15,645.7,652.75,1317978,858159604.35
2014-09-23,ASIANPAINT,,,652.5,656.9,628.3,634.8,1416455,909257390.6
2014-09-24,ASIANPAINT,,,630,641.65,625,637.85,1688958,1069360500.95
2014-09-25,ASIANPAINT,,,641.5,643,618.1,620.65,1269854,796071509.5
2014-09-26,ASIANPAINT,,,618,630.95,612,627.4,1411716,884292695.85
2014-09-29,ASIANPAINT,,,629,634.05,623.35,625.5,1331626,837845398.45
2014-09-30,ASIANPAINT,,,625,638.7,622.4,629.55,2073763,1308805476.7
2014-10-01,ASIANPAINT,,,630,639.5,626.45,631.7,580366,367265569.85
2014-10-07,ASIANPAINT,,,625.5,637.55,625.2,629.1,1431462,902989257.75
2014-10-08,ASIANPAINT,,,625,640.8,623.4,635.3,1066246,676701758.1
2014-10-09,ASIANPAINT,,,639.95,657.85,639.8,655.15,1160688,754536197.55
2014-10-10,ASIANPAINT,,,648.6,673.2,643.35,663.25,1533600,1018202805.05
2014-10-13,ASIANPAINT,,,661.9,665,649,655.65,1041522,685002632.15
2014-10-14,ASIANPAINT,,,663.9,663.9,644.45,646.1,784209,509863532.95
2014-10-16,ASIANPAINT,,,646.1,647.45,621.65,625.9,1335184,845423303.25
2014-10-17,ASIANPAINT,,,632,644,630,640.1,1194425,762215231.3
2014-10-20,ASIANPAINT,,,646,657,645.25,647.6,1135010,739715833
2014-10-21,ASIANPAINT,,,652,653.2,638.5,644.25,1320367,850035623
2014-10-22,ASIANPAINT,,,649.8,658.3,633.55,644,3318551,2152990168.15
2014-10-27,ASIANPAINT,,,657.5,658.8,647.2,648.75,1828483,1191206487.7
2014-10-28,ASIANPAINT,,,648.85,653.6,644.1,646.7,974665,632567501
2014-10-29,ASIANPAINT,,,653.95,653.95,642,646.4,1472338,953758841
2014-10-30,ASIANPAINT,,,644.65,647.5,641.1,644.7,1961313,1262988643.5
2014-10-31,ASIANPAINT,,,647.1,658,647.1,657,1568966,1029032087.5
2014-11-03,ASIANPAINT,,,660.9,663,650.65,653.6,1127612,741003906.9
2014-11-05,ASIANPAINT,,,660.9,664.8,655,657.3,2038028,1345947379.8
2014-11-07,ASIANPAINT,,,660,660.05,637,646.1,1491347,962486613.7
2014-11-10,ASIANPAINT,,,646.15,654,643,648.9,1507972,978100892.45
2014-11-11,ASIANPAINT,,,648.25,655.9,644.5,649.3,1412600,919181819.3
2014-11-12,ASIANPAINT,,,649,654.7,642,644,864869,560040288.85
2014-11-13,ASIANPAINT,,,646,651,640,644.8,1113887,719570722.9
2014-11-14,ASIANPAINT,,,646.9,674.4,642.45,672.2,5337199,3516451805.75
2014-11-17,ASIANPAINT,,,675.4,694.95,675,691.95,2528265,1741072988.55
2014-11-18,ASIANPAINT,,,695,703.6,683.1,700.9,1356980,943381734.95
2014-11-19,ASIANPAINT,,,699.7,700.6,675.1,683.1,1515771,1042773381.65
2014-11-20,ASIANPAINT,,,684.8,693.5,680,690.55,647552,444783275.65
2014-11-21,ASIANPAINT,,,691.8,696.8,685,692.15,1211218,835784358.9
2014-11-24,ASIANPAINT,,,693.8,694.8,680.7,691.1,1103930,760654533.2
2014-11-25,ASIANPAINT,,,688.95,694.7,682.35,691.75,1054109,727357505
2014-11-26,ASIANPAINT,,,693.9,709.5,692.1,704.75,1470743,1036700890.35
2014-11-27,ASIANPAINT,,,709.4,718,702.8,705.7,1821915,1294701023.45
2014-11-28,ASIANPAINT,,,716.1,749.2,715.6,744.7,3400152,2509771399.35
2014-12-01,ASIANPAINT,,,753.95,802.2,753.1,797.05,3291847,2576774019.6
2014-12-02,ASIANPAINT,,,796.8,796.8,767.2,770.05,2476843,1924319474.55
2014-12-03,ASIANPAINT,,,774.8,794.95,773,789.4,1711464,1350350007.55
2014-12-04,ASIANPAINT,,,791.95,798.8,777.95,791.7,1376036,1090952817.05
2014-12-05,ASIANPAINT,,,794.9,797.5,781.75,784.65,588459,463976345.3
2014-12-08,ASIANPAINT,,,794,809.6,786.2,793.5,1413437,1127285931.05
2014-12-09,ASIANPAINT,,,797,801.3,771.1,781.8,1457128,1143916973.35
2014-12-10,ASIANPAINT,,,779.95,779.95,764.45,775.65,1267394,978353529.2
2014-12-11,ASIANPAINT,,,782.6,790.45,765,769.5,1437194,1113703793.2
2014-12-12,ASIANPAINT,,,774.5,785.35,770,774.3,1232250,956708332.1
2014-12-15,ASIANPAINT,,,770,777.6,761.65,767.25,784332,603185641.95
2014-12-16,ASIANPAINT,,,765,767,752,758.85,910901,691329965.95
2014-12-17,ASIANPAINT,,,755.1,761.65,719,731.3,2346032,1729555504.75
2014-12-18,ASIANPAINT,,,737.2,748.8,735.2,744.95,1127699,838721896.25
2014-12-19,ASIANPAINT,,,756.95,759.65,728,733,1902149,1419166706.4
2014-12-22,ASIANPAINT,,,731.2,747.7,731.2,745.55,1029222,765047645.7
2014-12-23,ASIANPAINT,,,747,751,735.4,739.25,669484,495697285.3
2014-12-24,ASIANPAINT,,,740.1,743.2,725.15,728.45,2337291,1706853103.75
2014-12-26,ASIANPAINT,,,732,738,722,727.05,525701,382421893.85
2014-12-29,ASIANPAINT,,,728.85,759.3,728.85,757.55,865233,646415814.35
2014-12-30,ASIANPAINT,,,761,762.9,745,749.95,732669,552173381.55
2014-12-31,ASIANPAINT,,,749.75,757.95,749.1,752.3,648847,488606573.1
2015-01-01,ASIANPAINT,,,751.1,754.5,747,749.15,284935,213695601.5
2015-01-02,ASIANPAINT,,,751.25,781.45,751.25,775.05,2080850,1605197100.5
2015-01-05,ASIANPAINT,,,779.9,787.9,772.7,775,1326999,1033161795.8
2015-01-06,ASIANPAINT,,,775,783,750.4,756.5,1510720,1162929862
2015-01-07,ASIANPAINT,,,763.4,778.35,759.25,771.7,1427667,1100285032.45
2015-01-08,ASIANPAINT,,,783.8,822.9,778.1,820.35,2769416,2227810457.1
2015-01-09,ASIANPAINT,,,828.45,829,804.05,812.5,1708427,1389173619.5
2015-01-12,ASIANPAINT,,,813.05,818.4,800.2,807.75,1320557,1068660249.3
2015-01-13,ASIANPAINT,,,813,842.45,812.1,833.85,3835281,3204086706.35
2015-01-14,ASIANPAINT,,,840,850,830.2,842.65,2320114,1953377160.15
2015-01-15,ASIANPAINT,,,849,850,833,839.35,1308063,1099239063.05
2015-01-16,ASIANPAINT,,,844.9,859,840,843.45,1568660,1332748994.8
2015-01-19,ASIANPAINT,,,846,848,829.55,831.9,1041563,871150703.6
2015-01-20,ASIANPAINT,,,835,847,835,839.2,1314139,1104675882.2
2015-01-21,ASIANPAINT,,,845,855.9,839.2,851.3,1663391,1414052026.7
2015-01-22,ASIANPAINT,,,856.5,881.65,852.85,867.15,1995155,1738274580
2015-01-23,ASIANPAINT,,,870.8,879.95,860.1,862.1,1531430,1327639243.45
2015-01-27,ASIANPAINT,,,868.9,892.8,865.5,890.5,1831293,1623574404.05
2015-01-28,ASIANPAINT,,,893.05,921,891.05,910.25,2895714,2638238287.9
2015-01-29,ASIANPAINT,,,913.8,922.5,867.2,881.3,5326269,4716926749.4
2015-01-30,ASIANPAINT,,,888.5,888.5,854.1,857.75,3291034,2835838677.2
2015-02-02,ASIANPAINT,,,850,851.1,803.5,808.1,4808585,3919535947.4
2015-02-03,ASIANPAINT,,,809.8,826.5,802,814.7,3048559,2479662490.9
2015-02-04,ASIANPAINT,,,819.8,823.2,800.8,803.85,912365,737800862.1
2015-02-05,ASIANPAINT,,,812,826.4,808,810.85,1668101,1366504063.3
2015-02-06,ASIANPAINT,,,810,815,788.8,797.65,1668283,1334413533.95
2015-02-09,ASIANPAINT,,,790,822,783.4,803.65,1910672,1539235686.8
2015-02-10,ASIANPAINT,,,801.9,829.9,799.85,822.2,2235687,1835403925.9
2015-02-11,ASIANPAINT,,,830,845,828,840.75,1227804,1028665270.05
2015-02-12,ASIANPAINT,,,847,849.9,819.35,823.75,1974102,1639645797.95
2015-02-13,ASIANPAINT,,,824.35,834.95,815.05,826.75,1323475,1093468541.7
2015-02-16,ASIANPAINT,,,834,842.5,818,834.15,1584956,1316178944.1
2015-02-18,ASIANPAINT,,,839.1,842,819.7,821.05,1448399,1197519875.75
2015-02-19,ASIANPAINT,,,826,838,826,834.1,1216904,1012669227
2015-02-20,ASIANPAINT,,,834.25,836.1,823.2,825.7,699111,579835386.75
2015-02-23,ASIANPAINT,,,829.5,833,806.1,809.6,1434240,1175712489.8
2015-02-24,ASIANPAINT,,,810,813.5,798,799.55,1141027,917781762.95
2015-02-25,ASIANPAINT,,,805.2,816,805,813.85,1537365,1246400289.35
2015-02-26,ASIANPAINT,,,818.8,819.9,787.2,791.9,1600594,1280785140.55
2015-02-27,ASIANPAINT,,,799.1,809.1,796.1,807.15,1272026,1024000639
2015-03-02,ASIANPAINT,,,823.8,830.6,806,825.6,1383141,1131739072.4
2015-03-03,ASIANPAINT,,,829.85,842,827.2,838.3,1617826,1352372897.5
2015-03-04,ASIANPAINT,,,844.5,848.2,832.4,836.8,1600601,1343183211.25
2015-03-05,ASIANPAINT,,,837,841.55,828,833.9,694150,579009556.45
2015-03-09,ASIANPAINT,,,832.5,832.5,808.85,812.65,626456,512796010.25
2015-03-10,ASIANPAINT,,,813,818,802,807.95,691298,559678410.5
2015-03-11,ASIANPAINT,,,818,819.95,806.75,809,942306,765837646.45
2015-03-12,ASIANPAINT,,,814.8,815,805.2,808.1,979686,791886588.9
2015-03-13,ASIANPAINT,,,811.9,818.7,805.6,808.4,837992,680209425.7
2015-03-16,ASIANPAINT,,,813,835.85,809,831.85,1287189,1064190531.9
2015-03-17,ASIANPAINT,,,839.35,841.95,823,831.4,1384999,1153807979.85
2015-03-18,ASIANPAINT,,,835.85,835.85,810,814.2,1172762,962653548.35
2015-03-19,ASIANPAINT,,,824,847.85,821.7,834.8,2037801,1706931773.5
2015-03-20,ASIANPAINT,,,836,837,805.6,809.95,1245311,1015463980.1
2015-03-23,ASIANPAINT,,,816,816,805.5,811.6,759196,616286150.1
2015-03-24,ASIANPAINT,,,809.65,819.5,807.6,813.3,755974,615858133.8
2015-03-25,ASIANPAINT,,,813.8,817.35,802.5,808.5,834390,674383534
2015-03-26,ASIANPAINT,,,803,815.9,788,793.1,1516627,1212679008.1
2015-03-27,ASIANPAINT,,,793,793,768.1,778.15,1557785,1210879686.95
2015-03-30,ASIANPAINT,,,780.1,809.75,780.05,807.45,847421,677830432.85
2015-03-31,ASIANPAINT,,,807.9,817,802.05,811.3,947718,769585982.15
2015-04-01,ASIANPAINT,,,810,825.9,803.5,821.7,898480,736979780.45
2015-04-06,ASIANPAINT,,,829,831.4,819,824.5,687263,566934050.45
2015-04-07,ASIANPAINT,,,824.35,838.8,821,835.2,769528,639090857.55
2015-04-08,ASIANPAINT,,,841,854,840,846.85,982733,833429153.6
2015-04-09,ASIANPAINT,,,855,856,841,853.15,1019655,866382952.9
2015-04-10,ASIANPAINT,,,853,861.7,843.2,859.45,802074,683995306.5
2015-04-13,ASIANPAINT,,,860,865.55,852.4,862.05,805167,693508561.3
2015-04-15,ASIANPAINT,,,861.65,863,835,839.05,1279621,1088510730.75
2015-04-16,ASIANPAINT,,,835,836.85,810.6,822.25,1366075,1122424395.4
2015-04-17,ASIANPAINT,,,822.25,829.6,815,816.8,685338,562253747.15
2015-04-20,ASIANPAINT,,,818,819.3,800,808.95,920198,741079773.95
2015-04-21,ASIANPAINT,,,813.45,816.9,792,796.5,652649,525401753.45
2015-04-22,ASIANPAINT,,,800,806,769.2,785.45,1779318,1398083183.85
2015-04-23,ASIANPAINT,,,793.1,810,785,786.4,1275295,1012921251.05
2015-04-24,ASIANPAINT,,,792.5,792.5,765.05,771.35,1123939,872191842.2
2015-04-27,ASIANPAINT,,,775,775,740.55,744.8,1625216,1218700551.45
2015-04-28,ASIANPAINT,,,741.95,768.65,730,765.45,2052761,1538345853.7
2015-04-29,ASIANPAINT,,,763.1,763.1,750,754.4,1445757,1092883919.55
2015-04-30,ASIANPAINT,,,749.3,770.85,747.2,762.45,2260678,1719193465.1
2015-05-04,ASIANPAINT,,,769.85,781.5,764,779.4,1071772,831524941.55
2015-05-05,ASIANPAINT,,,780,784.85,768.65,781.4,952716,739944500.55
2015-05-06,ASIANPAINT,,,779,779,750.15,760.85,1616619,1231017223.7
2015-05-07,ASIANPAINT,,,753.3,773.45,734.85,765.75,1718402,1300057431.75
2015-05-08,ASIANPAINT,,,773,774.4,752.75,759.4,1127201,856351713.85
2015-05-11,ASIANPAINT,,,768,776.2,751.9,771.65,976348,748589301.85
2015-05-12,ASIANPAINT,,,772.8,772.85,754,758.35,1137027,863543368.2
2015-05-13,ASIANPAINT,,,759.05,775,759,762.5,839420,643416893.6
2015-05-14,ASIANPAINT,,,762,803,755,796.45,1975784,1553706308.65
2015-05-15,ASIANPAINT,,,802,818,785,790.3,1503598,1199619066.95
2015-05-18,ASIANPAINT,,,796.85,818,762,766.75,6759860,5343071717.8
2015-05-19,ASIANPAINT,,,758,779.3,750,774.75,3903935,2996874912.65
2015-05-20,ASIANPAINT,,,775.65,777.95,764.15,771.2,1793967,1381527330
2015-05-21,ASIANPAINT,,,770,779.8,766.05,777.2,1678041,1298845427.35
2015-05-22,ASIANPAINT,,,775,779.8,771.2,775.4,1039136,805702186.85
2015-05-25,ASIANPAINT,,,775.95,778.75,754.4,761.9,1282826,978148173.3
2015-05-26,ASIANPAINT,,,762.1,769,755.55,763.5,906103,691583777.6
2015-05-27,ASIANPAINT,,,762,762.05,754.4,759.25,792609,601277578.65
2015-05-28,ASIANPAINT,,,760.15,771,758.5,767.35,1051538,805720010.05
2015-05-29,ASIANPAINT,,,768.5,795,768,787.05,2583950,2034302401.95
2015-06-01,ASIANPAINT,,,787.8,794.7,786.3,789.75,713447,564123707.6
2015-06-02,ASIANPAINT,,,789.1,794.3,756,759.2,1014316,782858142.5
2015-06-03,ASIANPAINT,,,763,767,750,762.7,867736,658284679.3
2015-06-04,ASIANPAINT,,,763.9,766,751.8,759.6,820596,621057257.95
2015-06-05,ASIANPAINT,,,759,765.6,752,758.8,830300,629605562.25
2015-06-08,ASIANPAINT,,,759,760,745,748,795683,595892869.55
2015-06-09,ASIANPAINT,,,744.8,751.2,730,735.7,998511,737971340.95
2015-06-10,ASIANPAINT,,,736,745.1,734.6,739.15,803748,595001550.2
2015-06-11,ASIANPAINT,,,739.2,743.7,702.5,708.4,1453089,1045204361
2015-06-12,ASIANPAINT,,,709,722.8,702,705.65,1168519,831813523.1
2015-06-15,ASIANPAINT,,,714.75,719.4,696.4,698.55,1244078,876917778.55
2015-06-16,ASIANPAINT,,,700.95,706,693,704.95,2765685,1929617340.85
2015-06-17,ASIANPAINT,,,708,719.2,705,710.65,2215497,1576484772.4
2015-06-18,ASIANPAINT,,,718.95,734.35,718.95,728.95,1908157,1389507247.6
2015-06-19,ASIANPAINT,,,733.8,744.9,729.75,740,1783890,1319697290.45
2015-06-22,ASIANPAINT,,,744.65,751.55,732.5,747.7,1350579,1003260700
2015-06-23,ASIANPAINT,,,750,760,741.65,756.5,980083,738715340.05
2015-06-24,ASIANPAINT,,,751.9,759.8,739.2,753.65,2982650,2235172206.45
2015-06-25,ASIANPAINT,,,753,759.8,745.1,750.2,1858338,1399335377.65
2015-06-26,ASIANPAINT,,,744.1,754.9,743.8,750.25,764357,573642247.25
2015-06-29,ASIANPAINT,,,743,743,727.5,736.7,1100309,809996324.7
2015-06-30,ASIANPAINT,,,737,759.5,737,755.35,1348105,1010335405.55
2015-07-01,ASIANPAINT,,,757.45,765.6,755.1,760.8,1025215,781290795.7
2015-07-02,ASIANPAINT,,,763.1,772.5,761.1,762.9,973819,746901409.5
2015-07-03,ASIANPAINT,,,762,778.4,758.4,772.7,1068877,825583050.4
2015-07-06,ASIANPAINT,,,765,786.15,762,783.55,652931,507343736.5
2015-07-07,ASIANPAINT,,,793,827.9,790.05,824.6,2464459,2006416886.1
2015-07-08,ASIANPAINT,,,819.8,835,797.35,802.25,1933525,1576796854.7
2015-07-09,ASIANPAINT,,,810,814.9,795,796.95,613555,493167799.75
2015-07-10,ASIANPAINT,,,806,806,781.7,795.3,1027281,813073050.85
2015-07-13,ASIANPAINT,,,805.2,821.2,803.3,817.65,1275702,1040273705.65
2015-07-14,ASIANPAINT,,,823,827.8,810.3,822.7,780973,641636673.1
2015-07-15,ASIANPAINT,,,826.5,840.5,823.25,837.85,1095558,913203699.4
2015-07-16,ASIANPAINT,,,853,854.3,843.3,848.05,1169553,992231554.9
2015-07-17,ASIANPAINT,,,851.8,852.4,823.75,825.4,1089597,906158889.2
2015-07-20,ASIANPAINT,,,830,855.95,827.25,852.3,1437246,1213586484.95
2015-07-21,ASIANPAINT,,,853,869.7,811.1,816.05,4611552,3879525224.95
2015-07-22,ASIANPAINT,,,820,845,820,843.3,2035530,1700411487
2015-07-23,ASIANPAINT,,,846,851.8,836.1,846.5,1188579,1005670302.7
2015-07-24,ASIANPAINT,,,852,856,845,849,1132540,964772890.35
2015-07-27,ASIANPAINT,,,847,859.6,836,853.15,1153262,983277592.55
2015-07-28,ASIANPAINT,,,857,858.2,825,835.15,1009835,850098152.9
2015-07-29,ASIANPAINT,,,834.4,852.8,826.25,846.85,1010065,847143338.75
2015-07-30,ASIANPAINT,,,848,866.45,847.5,857.55,1318726,1131060702.05
2015-07-31,ASIANPAINT,,,864.5,885,855.15,882.8,1842105,1612431964.05
2015-08-03,ASIANPAINT,,,880,888,875,877.5,763822,672978899.15
2015-08-04,ASIANPAINT,,,884,908.85,878.15,905.7,2178289,1956520198.4
2015-08-05,ASIANPAINT,,,905,926.8,885.75,923.3,2003128,1815137715.75
2015-08-06,ASIANPAINT,,,920,924.5,910.1,916.1,923303,846259928.9
2015-08-07,ASIANPAINT,,,911,924.4,895.2,898.65,1416068,1288834072.6
2015-08-10,ASIANPAINT,,,903.5,916.25,895.4,902.15,732357,664734750.35
2015-08-11,ASIANPAINT,,,905,906.95,881,883.4,1091087,968959319.15
2015-08-12,ASIANPAINT,,,890,895.5,867,871.35,721554,635138397.15
2015-08-13,ASIANPAINT,,,872.15,886.95,862.35,874.35,1251179,1094450767.4
2015-08-14,ASIANPAINT,,,880,900,879.55,895.25,880842,788085613.2
2015-08-17,ASIANPAINT,,,903.5,907.25,895,900.05,577133,520014919.65
2015-08-18,ASIANPAINT,,,906.95,914.9,891.9,901.35,622790,563489025.65
2015-08-19,ASIANPAINT,,,898.5,902.6,881.6,899.75,618923,553603138.4
2015-08-20,ASIANPAINT,,,905,914.25,879.55,883.2,1404599,1266848623.2
2015-08-21,ASIANPAINT,,,875,893,864,886.75,905933,793054734
2015-08-24,ASIANPAINT,,,858,877.2,825.5,837.5,1176140,1001362596.05
2015-08-25,ASIANPAINT,,,850,866,811.75,852.15,1329631,1123696846.4
2015-08-26,ASIANPAINT,,,851,868.1,847,851.9,1265081,1083654720.75
2015-08-27,ASIANPAINT,,,860,865,850.5,855,1335712,1145771182.45
2015-08-28,ASIANPAINT,,,866.85,874.1,850,858.25,1077558,930578288.15
2015-08-31,ASIANPAINT,,,857,862.75,845.05,848.6,1260477,1074787752.25
2015-09-01,ASIANPAINT,,,844,844.1,802.8,819.1,1438466,1180731756.8
2015-09-02,ASIANPAINT,,,829.9,830,799.15,806,1500676,1217038099.4
2015-09-03,ASIANPAINT,,,815,833,806.5,826.6,887079,729486031
2015-09-04,ASIANPAINT,,,824,824,792,812.85,1101752,886780271.45
2015-09-07,ASIANPAINT,,,815,819.95,785.05,788,874378,700661715.95
2015-09-08,ASIANPAINT,,,791.1,800,778,791.5,1489813,1174179541.9
2015-09-09,ASIANPAINT,,,800,822.9,796,821.15,1412900,1143073992.7
2015-09-10,ASIANPAINT,,,817,817,800.3,807.95,887236,716377511.05
2015-09-11,ASIANPAINT,,,815,824.9,810.55,816.15,1034469,846648798.15
2015-09-14,ASIANPAINT,,,822,842.4,819,840.25,1115176,929018893.65
2015-09-15,ASIANPAINT,,,840.1,848,823.6,831.1,832597,694422740.8
2015-09-16,ASIANPAINT,,,840,840,818.1,823.95,665278,550921026.15
2015-09-18,ASIANPAINT,,,826,849.9,824,841.05,1139255,958403430.9
2015-09-21,ASIANPAINT,,,838.3,838.3,824,829.7,688544,571284419.6
2015-09-22,ASIANPAINT,,,831.2,839.4,802.1,804.7,826254,677715271.95
2015-09-23,ASIANPAINT,,,795.1,804,786.1,794.1,1281278,1019550712.25
2015-09-24,ASIANPAINT,,,794.9,814,785.35,806.35,1503108,1204831249.05
2015-09-28,ASIANPAINT,,,810,813,790.05,794.45,739132,592853660.5
2015-09-29,ASIANPAINT,,,783,809.9,780,804.8,1366194,1093804462.1
2015-09-30,ASIANPAINT,,,808,844.9,807.9,841.6,1734244,1435922133.95
2015-10-01,ASIANPAINT,,,845.8,849,836.15,839.65,633622,533156750.45
2015-10-05,ASIANPAINT,,,843,856.95,842.4,855.4,882680,750524869.05
2015-10-06,ASIANPAINT,,,859.9,864.1,849.7,853.7,779669,669287075.05
2015-10-07,ASIANPAINT,,,855,868,852.2,865.05,983606,847793097.25
2015-10-08,ASIANPAINT,,,865,879.95,860,874.15,952597,828791030.9
2015-10-09,ASIANPAINT,,,876.5,884.3,846.2,853.8,1362132,1168752822.45
2015-10-12,ASIANPAINT,,,857,865,846.05,859.25,773525,660391649.1
2015-10-13,ASIANPAINT,,,862.7,867.8,857.25,865.35,800729,691129318.4
2015-10-14,ASIANPAINT,,,863.9,869.5,860.05,862.25,404366,349375446.55
2015-10-15,ASIANPAINT,,,866,878.25,864.2,870.05,623054,543497625.9
2015-10-16,ASIANPAINT,,,871.95,885.2,865.6,882.5,658119,576921300.45
2015-10-19,ASIANPAINT,,,882.5,892.4,867,879.25,1247569,1095648579
2015-10-20,ASIANPAINT,,,874,888.9,872.55,875.45,1806905,1586536833.7
2015-10-21,ASIANPAINT,,,874,881.55,847.95,856.25,1442218,1234530037
2015-10-23,ASIANPAINT,,,863,866.1,850.4,858.6,2540806,2179441910.6
2015-10-26,ASIANPAINT,,,830.05,844,811.2,817.7,3455887,2840403154.75
2015-10-27,ASIANPAINT,,,818,829.9,818,827.1,1247705,1028513010.6
2015-10-28,ASIANPAINT,,,829.5,838,823.6,828.35,1108455,920389220.9
2015-10-29,ASIANPAINT,,,831,834.8,820.4,829.35,1500496,1243644242.65
2015-10-30,ASIANPAINT,,,835.6,840,826.4,830.65,810491,675687041.15
2015-11-02,ASIANPAINT,,,831,837,825.5,830.1,716702,595748679.3
2015-11-03,ASIANPAINT,,,832,832.7,812.05,814.2,1599110,1306803466.6
2015-11-04,ASIANPAINT,,,814.5,822.5,800.55,802.2,1783909,1437388005.4
2015-11-05,ASIANPAINT,,,807,811.5,797.15,805.85,1016171,818322571.55
2015-11-06,ASIANPAINT,,,808.55,816,800,801.2,918564,742589710.95
2015-11-09,ASIANPAINT,,,790.9,818.4,784.25,816.4,1163084,938318994.25
2015-11-10,ASIANPAINT,,,814.7,816,796.8,797.8,751899,603347585
2015-11-13,ASIANPAINT,,,807,808,792.5,800.4,765985,612456821.85
2015-11-16,ASIANPAINT,,,796,809.95,795.2,800.95,604535,485905770.25
2015-11-17,ASIANPAINT,,,807.45,813.25,800.35,807.65,500272,403752969
2015-11-18,ASIANPAINT,,,807.95,824.5,807,821.75,1253226,1027768392.5
2015-11-19,ASIANPAINT,,,827,833.8,819.1,823.7,1038035,858352122.15
2015-11-20,ASIANPAINT,,,821.4,831.8,818.55,829.2,712339,589730064.25
2015-11-23,ASIANPAINT,,,838.2,852,835,850.3,1475762,1249220866.45
2015-11-24,ASIANPAINT,,,850,861.75,846.2,856.6,771337,660373537.6
2015-11-26,ASIANPAINT,,,861,865.95,851.8,861.85,678200,582014338.4
2015-11-27,ASIANPAINT,,,862.6,864,852,859.1,444323,381327426.75
2015-11-30,ASIANPAINT,,,859,859,834,838.5,1679737,1415203544.1
2015-12-01,ASIANPAINT,,,843,848,831.65,844.6,720255,603729166.9
2015-12-02,ASIANPAINT,,,847.95,867.2,844.8,848.55,980956,840017694.8
2015-12-03,ASIANPAINT,,,849,849.2,839,842.4,540473,455490743.55
2015-12-04,ASIANPAINT,,,841.5,841.5,829.45,834.7,779530,650538069.75
2015-12-07,ASIANPAINT,,,842,873.85,841,871.45,1602605,1383816458.8
2015-12-08,ASIANPAINT,,,874.05,877.4,857.2,860.75,1058074,918528739.85
2015-12-09,ASIANPAINT,,,866.45,866.45,836.95,840,751034,637092734.5
2015-12-10,ASIANPAINT,,,844.5,861.2,842.2,859.2,636140,542584418.9
2015-12-11,ASIANPAINT,,,860.95,863.55,848.75,858.4,780634,668961205.45
2015-12-14,ASIANPAINT,,,860,878.4,853,875.45,889790,773264236.15
2015-12-15,ASIANPAINT,,,878.5,880,866.45,878.55,861784,753548747.8
2015-12-16,ASIANPAINT,,,880,883.95,859.1,866.5,900351,781923451
2015-12-17,ASIANPAINT,,,871.5,878.5,864,876.1,716229,625414730.8
2015-12-18,ASIANPAINT,,,874.5,885.9,868,879.45,1098597,962496748.7
2015-12-21,ASIANPAINT,,,879,884,866.7,873.5,896692,783259707.35
2015-12-22,ASIANPAINT,,,874,887,873.55,880.95,663204,584124962.6
2015-12-23,ASIANPAINT,,,882.95,883.95,874.75,878.95,350212,307511744.1
2015-12-24,ASIANPAINT,,,880.5,883.9,873.55,881.8,403140,354630250.4
2015-12-28,ASIANPAINT,,,882,886.25,876.75,881.05,633270,558073359.65
2015-12-29,ASIANPAINT,,,883.7,885,878.6,880.1,602111,530583685.7
2015-12-30,ASIANPAINT,,,881.15,883,875,878.15,450359,395171982.6
2015-12-31,ASIANPAINT,,,879.95,886.95,875,883.55,526825,464435702.85
2016-01-01,ASIANPAINT,,,882,885.6,876.9,878.75,294006,258901853.25
2016-01-04,ASIANPAINT,,,876.2,892.45,871.7,880.8,709103,625403993.1
2016-01-05,ASIANPAINT,,,881.3,905,881.3,900.65,1372748,1233761180.85
2016-01-06,ASIANPAINT,,,904.5,911.9,884,886.4,1716479,1539872722.9
2016-01-07,ASIANPAINT,,,883,891.55,869,872.35,990333,869897649.9
2016-01-08,ASIANPAINT,,,879,881.95,866.6,874.6,886022,773930681.8
2016-01-11,ASIANPAINT,,,870,884,861.6,873.85,801102,700121041.65
2016-01-12,ASIANPAINT,,,882,885.5,870.2,872.9,998419,873124973.85
2016-01-13,ASIANPAINT,,,879.95,883.5,850.05,868.55,901426,783222033.4
2016-01-14,ASIANPAINT,,,863.5,897,851.1,889.4,2296682,2013970065.3
2016-01-15,ASIANPAINT,,,893,894.95,874.3,879.25,1301590,1150063630.55
2016-01-18,ASIANPAINT,,,890,893,841.65,850.3,2335330,2026373104.15
2016-01-19,ASIANPAINT,,,867.9,868.4,826,845.55,2443365,2064158618.3
2016-01-20,ASIANPAINT,,,834,856,830,840.35,2247202,1893415233.85
2016-01-21,ASIANPAINT,,,850,856,841,844.45,1138753,966016313.85
2016-01-22,ASIANPAINT,,,853,873.4,849.2,869.95,1774017,1530940859.5
2016-01-25,ASIANPAINT,,,870,882,868.15,878.6,1794107,1577269433.2
2016-01-27,ASIANPAINT,,,880,881.8,855.15,858.55,969509,837778988.3
2016-01-28,ASIANPAINT,,,854,865,852.15,858.95,1392051,1195847638.4
2016-01-29,ASIANPAINT,,,864,875,859,869.9,1320575,1147324317.35
2016-02-01,ASIANPAINT,,,874.2,890,871.3,887.4,786217,696112066.8
2016-02-02,ASIANPAINT,,,889.9,894.75,878,882.5,920875,814639582.5
2016-02-03,ASIANPAINT,,,876.2,883.95,859.05,863.7,540771,471885224.35
2016-02-04,ASIANPAINT,,,865,895.95,865,889.35,1658831,1470845286.65
2016-02-05,ASIANPAINT,,,889,903.45,886.4,899.25,1739178,1560165088.8
2016-02-08,ASIANPAINT,,,903,907.5,886,888.6,783143,702879797.1
2016-02-09,ASIANPAINT,,,884.9,894.3,878.5,884.2,636386,563643437.8
2016-02-10,ASIANPAINT,,,888.5,889,866.5,876.55,707101,619434498.4
2016-02-11,ASIANPAINT,,,874.75,874.75,852,855.7,1004015,864907419.95
2016-02-12,ASIANPAINT,,,860,873.25,846.5,854.9,1089266,933558918.05
2016-02-15,ASIANPAINT,,,866,872.2,853,858.7,703958,605490976.45
2016-02-16,ASIANPAINT,,,855.05,860.15,836.1,840.3,985215,832364378.1
2016-02-17,ASIANPAINT,,,844,858.95,827.1,856,1171983,983688005.8
2016-02-18,ASIANPAINT,,,862,863.8,830.6,835.25,997874,838547451.6
2016-02-19,ASIANPAINT,,,834.95,856.9,829,854.7,799360,676422929.55
2016-02-22,ASIANPAINT,,,856,873.2,854,870.85,609601,527860760.9
2016-02-23,ASIANPAINT,,,871,879.9,866.15,877.1,1438921,1256620586.3
2016-02-24,ASIANPAINT,,,879,885.75,875,881.8,1289097,1135830380.4
2016-02-25,ASIANPAINT,,,880.5,884.9,858.7,861.7,1326303,1153251585.85
2016-02-26,ASIANPAINT,,,868,874,854.2,862.55,536753,463259215.85
2016-02-29,ASIANPAINT,,,864.1,868.95,841.6,846.1,890886,760221754
2016-03-01,ASIANPAINT,,,852.6,874.65,850,871.95,1161059,1004608647.7
2016-03-02,ASIANPAINT,,,876,880.95,866.5,871.85,808137,706659370.2
2016-03-03,ASIANPAINT,,,874.4,896.5,871.75,880.25,1061326,937855031.85
2016-03-04,ASIANPAINT,,,886.6,890.1,858.4,865.8,1039977,904469670.55
2016-03-08,ASIANPAINT,,,867.9,881.8,858.05,875.7,1174011,1021728684.05
2016-03-09,ASIANPAINT,,,876,888.8,869.85,876.2,1401934,1236094064.3
2016-03-10,ASIANPAINT,,,870,896,870,894.75,810951,719190518.55
2016-03-11,ASIANPAINT,,,900,903.7,891.55,898.35,1043602,938450329
2016-03-14,ASIANPAINT,,,898,903.2,888.6,899.35,788258,707683703.9
2016-03-15,ASIANPAINT,,,903,906.5,876.15,884.6,954046,846974291.6
2016-03-16,ASIANPAINT,,,880.3,882,862.1,864.9,1456263,1262407195.25
2016-03-17,ASIANPAINT,,,870,876,865.1,872.55,965277,840849097.6
2016-03-18,ASIANPAINT,,,871,877.9,859.95,875.35,1072444,932520520.1
2016-03-21,ASIANPAINT,,,873.25,875,852.4,859.65,1484160,1272367074.05
2016-03-22,ASIANPAINT,,,860,860,846.05,853.35,1746522,1488740679.65
2016-03-23,ASIANPAINT,,,853.35,856.9,846.25,850,917099,780279340.8
2016-03-28,ASIANPAINT,,,850,857.45,842.7,845.4,1722071,1460580614.4
2016-03-29,ASIANPAINT,,,847.4,860,845,856.1,1101097,939426129.5
2016-03-30,ASIANPAINT,,,864,885,861.85,881.85,1470782,1282301387.85
2016-03-31,ASIANPAINT,,,880.5,884.25,865.1,868.4,1682214,1463304649.35
2016-04-01,ASIANPAINT,,,871,883.95,865,870,853331,745225781.85
2016-04-04,ASIANPAINT,,,874,888.5,865.25,886.15,662760,581006289.1
2016-04-05,ASIANPAINT,,,885.4,885.4,862,869.85,762479,664783921.6
2016-04-06,ASIANPAINT,,,869.7,875,860.65,863.3,451307,391254506.45
2016-04-07,ASIANPAINT,,,864,869,855.05,858.25,449770,386919073.25
2016-04-08,ASIANPAINT,,,860,861.45,849.6,851.55,448087,382138958.55
2016-04-11,ASIANPAINT,,,850,861.9,842.75,860,651373,555643736.45
2016-04-12,ASIANPAINT,,,861.8,870,859.5,866.9,433486,375354777.25
2016-04-13,ASIANPAINT,,,870.5,876,866,874.35,692424,603380600.7
2016-04-18,ASIANPAINT,,,884.25,886.55,875,885.2,685762,604570897.7
2016-04-20,ASIANPAINT,,,885,887.75,875.25,885.8,778272,686524462
2016-04-21,ASIANPAINT,,,890,895,885.1,889.15,702226,626057535.1
2016-04-22,ASIANPAINT,,,885.7,893.7,869.4,871.55,692414,606392785.3
2016-04-25,ASIANPAINT,,,870.4,870.4,856,861.75,587700,505419312.2
2016-04-26,ASIANPAINT,,,864.2,880,859.05,876.9,694778,606861286.35
2016-04-27,ASIANPAINT,,,875.7,891,871,889.85,553126,489495599.9
2016-04-28,ASIANPAINT,,,889.85,894.5,870,873.1,1013142,890925641.65
2016-04-29,ASIANPAINT,,,873,876,861.65,866.25,955985,828532068.65
2016-05-02,ASIANPAINT,,,864,867.5,860.65,864.8,199724,172590495.75
2016-05-03,ASIANPAINT,,,869.5,886.9,865.4,872,1073196,942039744.3
2016-05-04,ASIANPAINT,,,872,879,864,873.6,469904,410533521.3
2016-05-05,ASIANPAINT,,,874.1,875.45,862.45,867.05,402567,349716518.35
2016-05-06,ASIANPAINT,,,863.95,890,861.5,889.05,1249025,1099398955.3
2016-05-09,ASIANPAINT,,,894.95,913.9,893.65,906.6,1355429,1227932506.25
2016-05-10,ASIANPAINT,,,904.95,908.25,893.45,898.35,1034271,932303280.55
2016-05-11,ASIANPAINT,,,892,919,887.5,907.85,2228431,2017542098.6
2016-05-12,ASIANPAINT,,,920,933.9,917.2,928.8,2382775,2207639640.15
2016-05-13,ASIANPAINT,,,928.75,948,927.6,943.65,2285317,2144762583.5
2016-05-16,ASIANPAINT,,,948.95,957.8,945,952.65,1913343,1821151650.35
2016-05-17,ASIANPAINT,,,953.5,972,947.75,969.65,1770437,1706954209.7
2016-05-18,ASIANPAINT,,,969,971,952.45,963.25,1273835,1221028776.15
2016-05-19,ASIANPAINT,,,968.85,968.85,952.05,956.8,1251713,1198290294.95
2016-05-20,ASIANPAINT,,,956,963,950.75,956,972841,931016942.4
2016-05-23,ASIANPAINT,,,959.9,960,943.65,946.6,726047,689907602.55
2016-05-24,ASIANPAINT,,,952.4,962.4,941.7,956.25,490332,465530026.1
2016-05-25,ASIANPAINT,,,963.15,985,962.8,982.25,815313,795046131.4
2016-05-26,ASIANPAINT,,,988.55,999.5,973.45,991.85,1410903,1388758283.05
2016-05-27,ASIANPAINT,,,991.9,1001.8,986.45,998.25,1105534,1101383383.5
2016-05-30,ASIANPAINT,,,994,1004.25,978.45,984.9,1487177,1470024566.75
2016-05-31,ASIANPAINT,,,988,995.5,980.7,984.85,1151373,1135475696.9
2016-06-01,ASIANPAINT,,,989.05,1025,989.05,1021.7,2068760,2099725232.35
2016-06-02,ASIANPAINT,,,1007,1029,996.55,1024.05,2420319,2465518281.15
2016-06-03,ASIANPAINT,,,1023.5,1032.1,1013.5,1025.3,2045789,2095159590.8
2016-06-06,ASIANPAINT,,,1017.1,1032.35,1016.6,1026.3,1574228,1613345254.9
2016-06-07,ASIANPAINT,,,1025.35,1037.45,1024.6,1032.75,755934,779701085.3
2016-06-08,ASIANPAINT,,,1029,1029,1011.25,1018.05,933533,949762325.05
2016-06-09,ASIANPAINT,,,1018,1019,995.7,998.8,1024252,1028095917.7
2016-06-10,ASIANPAINT,,,994.95,999,989.6,992.05,1313970,1306023751.5
2016-06-13,ASIANPAINT,,,987,996.5,985.1,994.9,808571,801573469.65
2016-06-14,ASIANPAINT,,,995,999,978.6,986.5,699283,689855092.3
2016-06-15,ASIANPAINT,,,986,1002,986,998.4,731016,727298663.75
2016-06-16,ASIANPAINT,,,993.75,1009,986.2,1006.55,740810,740095163.3
2016-06-17,ASIANPAINT,,,1010,1014.85,994,999.6,365441,366514706.65
2016-06-20,ASIANPAINT,,,994.95,997,986.25,991.5,627622,621265820.15
2016-06-21,ASIANPAINT,,,990,991,977.2,982.05,712870,699939078.25
2016-06-22,ASIANPAINT,,,980,989.45,978.5,985.45,507154,499545493.35
2016-06-23,ASIANPAINT,,,986.1,990,980.3,984.1,678141,667420747.5
2016-06-24,ASIANPAINT,,,974.1,993,963.6,989.55,777600,760039541.4
2016-06-27,ASIANPAINT,,,970.25,992.95,970.25,974.3,662651,649251339
2016-06-28,ASIANPAINT,,,981,985,975.35,980.2,822749,806524644.95
2016-06-29,ASIANPAINT,,,978.25,999.3,978.25,994.2,711457,707098448.7
2016-06-30,ASIANPAINT,,,1004.85,1009,996.05,1003.3,1039352,1042594914.95
2016-07-01,ASIANPAINT,,,1002.8,1011.1,995.45,1002.5,1314022,1317016832
2016-07-04,ASIANPAINT,,,1008,1017.05,998.2,1000.4,884699,891894332.65
2016-07-05,ASIANPAINT,,,1003,1004.85,983.35,985.1,523870,518280472.25
2016-07-07,ASIANPAINT,,,989.35,997,985,987.7,757053,750310237.45
2016-07-08,ASIANPAINT,,,992.9,1013.9,988.15,1010.7,1200518,1209503301.9
2016-07-11,ASIANPAINT,,,1020,1033,1017.85,1026.8,1082293,1112575880.4
2016-07-12,ASIANPAINT,,,1028.8,1037.9,1016.8,1020.45,1259777,1292523224.9
2016-07-13,ASIANPAINT,,,1029,1029,1006.45,1009.5,1319911,1339190731.8
2016-07-14,ASIANPAINT,,,1010.2,1025.5,1009,1017.6,754274,768720901.55
2016-07-15,ASIANPAINT,,,1018.2,1031.5,1018.2,1025.9,671924,689259885.55
2016-07-18,ASIANPAINT,,,1027.1,1044.9,1025.25,1028.5,721547,747840135.6
2016-07-19,ASIANPAINT,,,1031,1037.5,1021.2,1030.7,541334,557631807.55
2016-07-20,ASIANPAINT,,,1029.25,1036.4,1020,1028.55,529012,543024290.6
2016-07-21,ASIANPAINT,,,1029.8,1048,1026.55,1042.7,706661,734329707.2
2016-07-22,ASIANPAINT,,,1047.85,1054,1042.05,1047.05,502766,526873647.75
2016-07-25,ASIANPAINT,,,1049.3,1074.4,1047.15,1070.65,734354,778018184.25
2016-07-26,ASIANPAINT,,,1072.1,1074.95,1055,1060.75,562982,597557206.4
2016-07-27,ASIANPAINT,,,1069.9,1073.8,1052.2,1061.8,765267,812601578
2016-07-28,ASIANPAINT,,,1074,1153.8,1068,1128,5831636,6559049852.75
2016-07-29,ASIANPAINT,,,1127.5,1137.7,1102.25,1114.15,1152956,1289792738.6
2016-08-01,ASIANPAINT,,,1119.6,1134,1115.05,1120.9,864041,970650732.45
2016-08-02,ASIANPAINT,,,1129.7,1142.5,1118.65,1123.35,832931,940604012
2016-08-03,ASIANPAINT,,,1132.45,1147.15,1124.05,1143.4,1130691,1287237766.5
2016-08-04,ASIANPAINT,,,1152.05,1154.6,1116.7,1127.3,1075876,1221390797.85
2016-08-05,ASIANPAINT,,,1131,1145.3,1128.75,1143.35,543090,617260766
2016-08-08,ASIANPAINT,,,1153,1153,1136,1148.35,407801,466051557.1
2016-08-09,ASIANPAINT,,,1153.6,1154.95,1134,1146.5,541100,618166634.5
2016-08-10,ASIANPAINT,,,1142.1,1148.45,1128.1,1129.95,788849,897133394.2
2016-08-11,ASIANPAINT,,,1130,1147.5,1118.6,1145.1,651399,738094417
2016-08-12,ASIANPAINT,,,1143,1161.25,1125.4,1137.5,795382,908808517.7
2016-08-16,ASIANPAINT,,,1135.5,1147.8,1126.9,1129.65,921462,1047221104.55
2016-08-17,ASIANPAINT,,,1115,1127.7,1108.15,1113.55,742834,829755303.9
2016-08-18,ASIANPAINT,,,1119.75,1119.75,1102.55,1107.35,1263890,1401324251.15
2016-08-19,ASIANPAINT,,,1101.35,1126.9,1101.35,1113.5,864966,964637312.5
2016-08-22,ASIANPAINT,,,1121,1121,1105,1113.9,827995,918791523.35
2016-08-23,ASIANPAINT,,,1112.7,1129.65,1108.15,1126.25,684493,767581063.3
2016-08-24,ASIANPAINT,,,1130,1130.2,1115.6,1118.85,417969,468874968.35
2016-08-25,ASIANPAINT,,,1120.1,1126.5,1102.8,1105.9,554850,616732961.95
2016-08-26,ASIANPAINT,,,1106.25,1127.55,1091.05,1123.3,869672,962594283.05
2016-08-29,ASIANPAINT,,,1123.3,1124.65,1104.15,1111.85,452947,503171260.15
2016-08-30,ASIANPAINT,,,1115,1148,1110,1146.2,674826,764487811.05
2016-08-31,ASIANPAINT,,,1157,1173.9,1149,1157.9,1668417,1935467154.6
2016-09-01,ASIANPAINT,,,1159.85,1164.05,1142,1156.95,621894,716767199.65
2016-09-02,ASIANPAINT,,,1158.95,1172,1151.3,1167.55,710106,827563807
2016-09-06,ASIANPAINT,,,1175,1213.9,1170.6,1204.15,1131704,1349821735.6
2016-09-07,ASIANPAINT,,,1208,1209,1170.7,1177.2,1092266,1288877336.65
2016-09-08,ASIANPAINT,,,1179,1190,1171,1182.6,888245,1047376514.05
2016-09-09,ASIANPAINT,,,1181.9,1181.9,1168,1171.75,575102,675090615.7
2016-09-12,ASIANPAINT,,,1156.35,1163,1137,1154.6,465079,536750151.2
2016-09-14,ASIANPAINT,,,1150.1,1178.95,1150.1,1163.6,704633,823266108.15
2016-09-15,ASIANPAINT,,,1170,1175.5,1160,1173.55,616127,720362790.55
2016-09-16,ASIANPAINT,,,1173.6,1181.25,1152,1155.15,1136226,1323053577.95
2016-09-19,ASIANPAINT,,,1157.2,1172,1157.2,1163.6,550698,642529283.05
2016-09-20,ASIANPAINT,,,1164,1173.7,1162.6,1165.05,966451,1129431830.55
2016-09-21,ASIANPAINT,,,1165.9,1176,1165.9,1170.6,615798,721297195.8
2016-09-22,ASIANPAINT,,,1182.3,1197,1175,1192,913747,1083062083.1
2016-09-23,ASIANPAINT,,,1201,1203.5,1185,1191.2,668223,799146708.25
2016-09-26,ASIANPAINT,,,1195,1195,1174.9,1183,817715,965858761.8
2016-09-27,ASIANPAINT,,,1184.2,1203,1184.2,1192.55,532323,635864744.5
2016-09-28,ASIANPAINT,,,1193,1201,1188.1,1193.5,566690,676641620.45
2016-09-29,ASIANPAINT,,,1194.35,1203.35,1160,1167.35,1125599,1323133370.95
2016-09-30,ASIANPAINT,,,1167,1179.95,1156,1160.7,478253,555864946.25
2016-10-03,ASIANPAINT,,,1170,1199,1165.4,1193,747111,884939167.8
2016-10-04,ASIANPAINT,,,1202,1203,1179.4,1192.55,503642,601222185.95
2016-10-05,ASIANPAINT,,,1188,1224,1185,1208.75,1080751,1307806772.1
2016-10-06,ASIANPAINT,,,1210.1,1222.4,1201.7,1209.5,746006,906029554.1
2016-10-07,ASIANPAINT,,,1208,1210,1180.8,1184.6,873434,1040081684.5
2016-10-10,ASIANPAINT,,,1189,1219,1189,1212.65,570180,689030892.05
2016-10-13,ASIANPAINT,,,1227,1227.3,1208.85,1216.6,1391322,1691569043.85
2016-10-14,ASIANPAINT,,,1216.1,1220,1202.25,1205.75,354200,428471348.2
2016-10-17,ASIANPAINT,,,1208.1,1208.4,1178.5,1182.3,365921,434705620.35
2016-10-18,ASIANPAINT,,,1186.4,1193.35,1165.55,1174.5,1339044,1571485596.65
2016-10-19,ASIANPAINT,,,1180,1184.15,1163.25,1169.3,1201677,1406467414.2
2016-10-20,ASIANPAINT,,,1175,1177,1163.25,1165.75,448785,524839586.2
2016-10-21,ASIANPAINT,,,1172.9,1172.9,1144.4,1153.5,948987,1094678100.9
2016-10-24,ASIANPAINT,,,1161.15,1162,1124.1,1127.5,1287073,1459570636
2016-10-25,ASIANPAINT,,,1131.95,1158.3,1117.1,1139.75,3014876,3416377761.2
2016-10-26,ASIANPAINT,,,1153.3,1157,1113.9,1123.1,1323248,1485420714.55
2016-10-27,ASIANPAINT,,,1133,1134.4,1081,1085.45,1764517,1923977574.25
2016-10-28,ASIANPAINT,,,1081,1096.95,1066.05,1069.9,1732990,1865080092.15
2016-11-01,ASIANPAINT,,,1077.1,1088.2,1072,1076.7,983171,1062172502.4
2016-11-02,ASIANPAINT,,,1067.9,1083.35,1055.35,1062.75,872573,933321330.5
2016-11-03,ASIANPAINT,,,1058.3,1075,1033.45,1037.15,1075107,1124082661.75
2016-11-04,ASIANPAINT,,,1039.2,1054.8,1035.1,1043.05,976222,1020400384.8
2016-11-07,ASIANPAINT,,,1048,1059.6,1027.9,1037.35,829767,866100822.15
2016-11-08,ASIANPAINT,,,1044.75,1060,1040,1057,780312,819095359.35
2016-11-09,ASIANPAINT,,,999,1058.1,952,1050.95,2005884,2054999448.15
2016-11-10,ASIANPAINT,,,1056,1060,1008,1011.3,1719037,1765013593.5
2016-11-11,ASIANPAINT,,,1000,1004.95,958,962.3,2665967,2593300737.55
2016-11-15,ASIANPAINT,,,970.95,970.95,869,890.8,5354021,4802002337.85
2016-11-16,ASIANPAINT,,,917.5,945.9,903,935.7,3032067,2809518468.15
2016-11-17,ASIANPAINT,,,946,947.15,917,918.45,1310176,1211791587.6
2016-11-18,ASIANPAINT,,,925.9,928.95,899.85,908.2,1335202,1222012425.7
2016-11-21,ASIANPAINT,,,918,918,891.75,900,1639425,1480089994.4
2016-11-22,ASIANPAINT,,,908,912.95,895,907.75,1678288,1514591830.8
2016-11-23,ASIANPAINT,,,915.9,946.4,912,942.05,2371811,2217821716.45
2016-11-24,ASIANPAINT,,,938.25,965.75,932.05,936.1,2908165,2757201523
2016-11-25,ASIANPAINT,,,943.9,953.3,938.8,945.45,1460489,1382400638.9
2016-11-28,ASIANPAINT,,,950,968.65,933.5,936.1,1335539,1265620054.35
2016-11-29,ASIANPAINT,,,940.4,967,935.2,958.55,2507536,2392006734.85
2016-11-30,ASIANPAINT,,,967.95,974.9,952.55,969.9,4460941,4322120597.7
2016-12-01,ASIANPAINT,,,967,968,936,939.15,1517103,1431629195.85
2016-12-02,ASIANPAINT,,,936,936.5,902,904.85,2139914,1960099316.2
2016-12-05,ASIANPAINT,,,910,941.6,895.25,937.65,1881935,1735927447.8
2016-12-06,ASIANPAINT,,,940.9,944.7,924.15,934.15,889147,830378042.4
2016-12-07,ASIANPAINT,,,936,948.5,928.2,932.2,809152,759962896.85
2016-12-08,ASIANPAINT,,,941.95,947.55,929.8,936.15,1024529,960592859.85
2016-12-09,ASIANPAINT,,,942,953.95,935.05,941.75,1600112,1507837046.05
2016-12-12,ASIANPAINT,,,931.3,937.15,909,910.25,1531811,1409529191.2
2016-12-13,ASIANPAINT,,,915,915,895,906.75,1572248,1419002129.65
2016-12-14,ASIANPAINT,,,908,923.2,908,914.35,944657,866430920.85
2016-12-15,ASIANPAINT,,,909.65,916.75,901.7,903,958978,870213616.4
2016-12-16,ASIANPAINT,,,911.95,911.95,898,899.9,1041676,940549930.35
2016-12-19,ASIANPAINT,,,901.4,902,875.1,878.4,1905631,1685795165.95
2016-12-20,ASIANPAINT,,,875.5,882,860.05,865.7,1811388,1575179274.45
2016-12-21,ASIANPAINT,,,867.2,876.5,861.55,865.55,1321988,1150955977.6
2016-12-22,ASIANPAINT,,,865.55,874.3,851.1,870.3,1472349,1267603778.75
2016-12-23,ASIANPAINT,,,875,885,861.5,874,1325637,1161112767.6
2016-12-26,ASIANPAINT,,,874,885,860,867.8,1313467,1146767611.4
2016-12-27,ASIANPAINT,,,871.9,877.8,863.4,876,846898,738127715.35
2016-12-28,ASIANPAINT,,,876,890,869.55,875.7,1093720,965223652.55
2016-12-29,ASIANPAINT,,,879,887,877,880.05,1203203,1060527014.55
2016-12-30,ASIANPAINT,,,884.95,895,882.5,891.05,935476,833230707.05
2017-01-02,ASIANPAINT,,,893,907.5,882.25,904.65,1031421,926389922.35
2017-01-03,ASIANPAINT,,,910,910,893.45,896.6,2068282,1866448979
2017-01-04,ASIANPAINT,,,901.9,914.5,897,906.6,1408241,1277252465.05
2017-01-05,ASIANPAINT,,,913.9,919.9,901.5,916.5,2569365,2334771912.45
2017-01-06,ASIANPAINT,,,918,932.5,914.6,929.5,1717545,1590411049.3
2017-01-09,ASIANPAINT,,,932,933.05,906,910.1,1356124,1241358990.1
2017-01-10,ASIANPAINT,,,915,929,907.95,923.6,1735052,1592801844.85
2017-01-11,ASIANPAINT,,,926.5,940.6,921.5,934.65,1236472,1149902500.95
2017-01-12,ASIANPAINT,,,935,939.35,926.3,933.55,955700,891270629.15
2017-01-13,ASIANPAINT,,,935.55,938.2,927.15,933.25,770385,719010942.85
2017-01-16,ASIANPAINT,,,930,941.55,926.9,935.25,889759,833217836.9
2017-01-17,ASIANPAINT,,,940,963.5,937,960.15,1742445,1656221918.2
2017-01-18,ASIANPAINT,,,960.15,972.45,960,963.35,1216887,1176523921.55
2017-01-19,ASIANPAINT,,,965.1,965.75,954.4,962.7,770727,740202587.85
2017-01-20,ASIANPAINT,,,960.3,977.85,954.15,967.2,2190366,2119125780.35
2017-01-23,ASIANPAINT,,,967.4,973.55,957.75,964.7,1206139,1163029121.85
2017-01-24,ASIANPAINT,,,963.5,979.85,953.6,973.45,1748158,1686389682.7
2017-01-25,ASIANPAINT,,,979,981.35,971.15,977.7,1128224,1103039021.4
2017-01-27,ASIANPAINT,,,979.8,989.6,964.1,969.6,1043635,1018245349.9
2017-01-30,ASIANPAINT,,,969,979,963,973.2,572175,555275501.2
2017-01-31,ASIANPAINT,,,972.8,977.5,964,970.7,603928,586562336.5
2017-02-01,ASIANPAINT,,,970.7,1001.05,970.2,991,1241463,1226458892.75
2017-02-02,ASIANPAINT,,,989.45,995,981.95,989,1365514,1349962479.9
2017-02-03,ASIANPAINT,,,990,993.9,981.05,985.9,465754,459184700
2017-02-06,ASIANPAINT,,,990.1,1004.95,985.5,992.5,744278,741876470.2
2017-02-07,ASIANPAINT,,,992,1003.95,990.2,999.3,577723,576843106.9
2017-02-08,ASIANPAINT,,,999.3,1009.9,981,997.7,1192386,1189393799.1
2017-02-09,ASIANPAINT,,,999,1005,991,1002.85,493191,492413225.55
2017-02-10,ASIANPAINT,,,1005.9,1009,990.5,993.05,479738,478066820
2017-02-13,ASIANPAINT,,,995,1000,981.5,984.75,643641,636955743.85
2017-02-14,ASIANPAINT,,,988,988.05,970,980.8,604108,590779493.1
2017-02-15,ASIANPAINT,,,981.2,986.95,976,981.7,600970,590359666.5
2017-02-16,ASIANPAINT,,,985,989.55,967.75,969.9,932357,908407255.2
2017-02-17,ASIANPAINT,,,973,973.4,955.6,960.8,1142332,1101809853.95
2017-02-20,ASIANPAINT,,,961,979.95,953.85,975.75,1092302,1058898701.5
2017-02-21,ASIANPAINT,,,977.7,993.95,976.3,991.5,885074,872905717.95
2017-02-22,ASIANPAINT,,,995.1,1025.75,993.9,1020.3,2809160,2838999162.3
2017-02-23,ASIANPAINT,,,1030,1030,1005.35,1009,1580357,1603914598.7
2017-02-27,ASIANPAINT,,,1010,1018.55,999,1001.95,738246,741597325.2
2017-02-28,ASIANPAINT,,,1003.1,1026.8,998.15,1024.2,1368244,1384214422.35
2017-03-01,ASIANPAINT,,,1030,1040,1026.05,1032.75,1124115,1161519353.85
2017-03-02,ASIANPAINT,,,1037.9,1044.75,1026.4,1028.75,1037442,1073797386.75
2017-03-03,ASIANPAINT,,,1027.05,1027.05,1006,1013.7,596208,604071403.4
2017-03-06,ASIANPAINT,,,1020,1033.8,1016,1029.4,559268,574548283.3
2017-03-07,ASIANPAINT,,,1030.55,1032.6,1020.5,1023.95,429279,439662926.45
2017-03-08,ASIANPAINT,,,1024,1034.75,1015,1022.55,1164247,1188946648.65
2017-03-09,ASIANPAINT,,,1028.5,1040.8,1025,1031.1,827512,855676893
2017-03-10,ASIANPAINT,,,1024.1,1037.2,1024.1,1030.25,579487,597507019.5
2017-03-14,ASIANPAINT,,,1049.8,1077.8,1040.6,1071.4,1640301,1740207729.3
2017-03-15,ASIANPAINT,,,1068,1075.5,1061.1,1064.05,619852,660571503.25
2017-03-16,ASIANPAINT,,,1071.25,1089.5,1068.25,1087.55,1382416,1495721692.85
2017-03-17,ASIANPAINT,,,1090.25,1092.2,1075,1079.45,782439,846174621.9
2017-03-20,ASIANPAINT,,,1081.8,1083,1067.15,1079.7,423077,455025725.1
2017-03-21,ASIANPAINT,,,1081.95,1084.95,1063.45,1068.7,1431610,1540804376.55
2017-03-22,ASIANPAINT,,,1058,1064.15,1048.55,1057.85,661176,698738779.55
2017-03-23,ASIANPAINT,,,1060,1070,1054,1061.6,466635,494962223.95
2017-03-24,ASIANPAINT,,,1062.8,1073,1061.05,1064.25,435183,464621017.8
2017-03-27,ASIANPAINT,,,1068,1068,1039.95,1042.9,833514,873289724
2017-03-28,ASIANPAINT,,,1045,1061.95,1045,1057.85,452398,477409959.15
2017-03-29,ASIANPAINT,,,1062,1079,1057.85,1068.1,1345902,1439310989.6
2017-03-30,ASIANPAINT,,,1068.1,1074.7,1062,1070.1,1171200,1251979785.35
2017-03-31,ASIANPAINT,,,1070,1079.5,1065,1073.5,937954,1006976471.8
2017-04-03,ASIANPAINT,,,1074.7,1098.45,1068.5,1089.85,790370,854853676.25
2017-04-05,ASIANPAINT,,,1094,1094.65,1068.8,1082.55,927397,1002938403.65
2017-04-06,ASIANPAINT,,,1078.4,1089,1071.5,1086.9,690411,744984114.55
2017-04-07,ASIANPAINT,,,1077,1089.9,1073.1,1082.95,837821,908168640.8
2017-04-10,ASIANPAINT,,,1078.4,1080.45,1057.05,1059.2,757492,806140859.85
2017-04-11,ASIANPAINT,,,1063.7,1076.75,1056.55,1072.5,731062,781278200.3
2017-04-12,ASIANPAINT,,,1075.5,1081.9,1063.1,1070.45,719256,770575188.55
2017-04-13,ASIANPAINT,,,1070.45,1081.4,1066.15,1078.3,328677,353269674.25
2017-04-17,ASIANPAINT,,,1079.55,1080,1056.45,1059.35,506747,538467133.4
2017-04-18,ASIANPAINT,,,1062.4,1068.95,1037.3,1040.45,722855,762989679.1
2017-04-19,ASIANPAINT,,,1044,1056,1033.7,1048.9,398732,416349395.2
2017-04-20,ASIANPAINT,,,1056,1062.75,1042.5,1058.8,493562,518925440
2017-04-21,ASIANPAINT,,,1065.9,1071.5,1054.2,1065.45,701515,747114364.05
2017-04-24,ASIANPAINT,,,1066.1,1074.35,1063.7,1069.95,363436,388687665.4
2017-04-25,ASIANPAINT,,,1074.7,1101.95,1070,1097.9,1060527,1155013522.05
2017-04-26,ASIANPAINT,,,1104.9,1122,1092.75,1104.65,1870316,2073228570.05
2017-04-27,ASIANPAINT,,,1104.9,1109.55,1092,1105.35,666287,734500475.3
2017-04-28,ASIANPAINT,,,1106.6,1124.95,1105.35,1120.45,1012065,1131321043.2
2017-05-02,ASIANPAINT,,,1123.1,1137.5,1100,1112.1,1031522,1150719107.1
2017-05-03,ASIANPAINT,,,1116,1123.95,1113,1118.9,476101,532302282.45
2017-05-04,ASIANPAINT,,,1118.9,1135,1117.6,1132.6,878814,990289379.75
2017-05-05,ASIANPAINT,,,1135,1160,1134,1146.8,1518367,1744762560.95
2017-05-08,ASIANPAINT,,,1150,1173,1143.4,1167.35,672001,777869272.25
2017-05-09,ASIANPAINT,,,1172.45,1176.85,1160.1,1165.3,734416,858583171.95
2017-05-10,ASIANPAINT,,,1167.1,1182,1148.15,1158.3,1004939,1171449158.25
2017-05-11,ASIANPAINT,,,1159,1178.9,1152.3,1166.45,1003768,1172380804.45
2017-05-12,ASIANPAINT,,,1170.2,1179,1127,1132.95,2500503,2847289051
2017-05-15,ASIANPAINT,,,1142.9,1149.9,1135,1148.05,729473,835665366.3
2017-05-16,ASIANPAINT,,,1148.9,1149.7,1129.6,1142.85,913600,1038946254.2
2017-05-17,ASIANPAINT,,,1143,1159,1136.55,1154.95,579709,666523901.3
2017-05-18,ASIANPAINT,,,1147.15,1159.8,1140,1151.35,702003,807226505.8
2017-05-19,ASIANPAINT,,,1139.85,1144.8,1098.8,1123.15,1732673,1948985827.7
2017-05-22,ASIANPAINT,,,1124.25,1137.85,1104,1112.55,1058940,1180313677.85
2017-05-23,ASIANPAINT,,,1119.95,1126.55,1091.45,1098.9,1374392,1513145693.4
2017-05-24,ASIANPAINT,,,1095,1107.05,1080.5,1091.2,1551698,1693452519.6
2017-05-25,ASIANPAINT,,,1095.55,1125,1090.05,1113.2,1226634,1353073003.65
2017-05-26,ASIANPAINT,,,1124.95,1148.8,1124,1132.45,915210,1039852090.05
2017-05-29,ASIANPAINT,,,1125,1150,1125,1146.55,460152,525823543
2017-05-30,ASIANPAINT,,,1150,1166.1,1147,1159.45,460978,533362998.35
2017-05-31,ASIANPAINT,,,1159,1165,1144.55,1151.2,1488564,1717935013.8
2017-06-01,ASIANPAINT,,,1150,1162,1133.1,1160.45,578030,663277562.8
2017-06-02,ASIANPAINT,,,1161.2,1174.9,1160.2,1164.3,437401,510546697.9
2017-06-05,ASIANPAINT,,,1165,1176.4,1159.5,1161.55,425935,496855895.65
2017-06-06,ASIANPAINT,,,1162.15,1165.3,1141.05,1153.15,787798,905985417.65
2017-06-07,ASIANPAINT,,,1154,1168,1146,1161.5,531046,616040896.7
2017-06-08,ASIANPAINT,,,1174.8,1174.8,1140.2,1143.3,1202971,1384659689.3
2017-06-09,ASIANPAINT,,,1145,1157.6,1132.15,1155.75,559008,640404592.8
2017-06-12,ASIANPAINT,,,1154.4,1158.65,1142.6,1150.7,649908,746917164.3
2017-06-13,ASIANPAINT,,,1151.2,1154.25,1142.25,1149.7,855507,983528294.8
2017-06-14,ASIANPAINT,,,1151,1152.85,1126.25,1149.6,931530,1061685221.55
2017-06-15,ASIANPAINT,,,1148,1150,1133.35,1140.3,1003963,1143458962.6
2017-06-16,ASIANPAINT,,,1142.7,1149.8,1128.45,1145.4,1184164,1351334376.95
2017-06-19,ASIANPAINT,,,1149,1158,1137.95,1154.15,808994,928570891.65
2017-06-20,ASIANPAINT,,,1155.1,1156.85,1144.5,1149.45,804319,924283359.7
2017-06-21,ASIANPAINT,,,1158,1160.4,1149.9,1155.4,553929,639725560
2017-06-22,ASIANPAINT,,,1157,1171,1156.6,1162.55,651018,758455288.35
2017-06-23,ASIANPAINT,,,1163,1164.5,1146.1,1153.65,596082,687170909.3
2017-06-27,ASIANPAINT,,,1157,1168.35,1130,1134.15,484244,552874780.7
2017-06-28,ASIANPAINT,,,1125,1128.85,1099,1109.15,930404,1031024935
2017-06-29,ASIANPAINT,,,1112,1126.95,1100,1104.55,460382,512284698.75
2017-06-30,ASIANPAINT,,,1099.95,1112,1083.3,1102.95,617697,679758887.75
2017-07-03,ASIANPAINT,,,1107,1123.45,1104.2,1120.25,512386,571037455.65
2017-07-04,ASIANPAINT,,,1123.8,1126.45,1106.8,1108.55,549148,609970520.8
2017-07-05,ASIANPAINT,,,1108.55,1135,1108.55,1126.65,837353,937948116.65
2017-07-06,ASIANPAINT,,,1135,1144,1127.85,1132.15,532283,604736820.45
2017-07-07,ASIANPAINT,,,1135,1135.4,1112.05,1115.45,364301,407876200.85
2017-07-10,ASIANPAINT,,,1215.45,1215.45,1075,1127.75,70602,79593495.9
2017-07-11,ASIANPAINT,,,1125,1135,1122.6,1131.75,532133,601007642.65
2017-07-12,ASIANPAINT,,,1136,1137.4,1124.1,1133.7,373345,422222241.1
2017-07-13,ASIANPAINT,,,1139.8,1144.25,1121.25,1125.5,764694,868412600.3
2017-07-14,ASIANPAINT,,,1128.25,1128.95,1112.05,1117.35,872831,975065190.5
2017-07-17,ASIANPAINT,,,1120.6,1128.7,1115.25,1125.45,1260921,1414680925.75
2017-07-18,ASIANPAINT,,,1118,1150,1117,1146.6,648737,740912955.25
2017-07-19,ASIANPAINT,,,1154.95,1158,1146.05,1155.85,964588,1113381399
2017-07-20,ASIANPAINT,,,1156.9,1157.85,1133.95,1155.55,1287749,1478729106.65
2017-07-21,ASIANPAINT,,,1156,1172.5,1148,1156.1,2017663,2342664994.85
2017-07-24,ASIANPAINT,,,1151.6,1159.5,1140,1155.75,2063340,2371287310.4
2017-07-25,ASIANPAINT,,,1160.05,1165,1140,1150.1,2963793,3411864698.8
2017-07-26,ASIANPAINT,,,1134,1144.8,1126,1134,1973462,2235496619.45
2017-07-27,ASIANPAINT,,,1136.55,1153,1136.05,1148.8,1033335,1183629258.85
2017-07-28,ASIANPAINT,,,1148,1156.9,1139,1153.25,616845,708342233.25
2017-07-31,ASIANPAINT,,,1154.15,1164,1146.1,1161.7,777721,898441631.45
2017-08-01,ASIANPAINT,,,1162,1163,1140.5,1148.2,1176561,1349472820.35
2017-08-02,ASIANPAINT,,,1150,1152,1135,1144.5,848781,968147645.3
2017-08-03,ASIANPAINT,,,1143,1148.9,1127.1,1146.1,997619,1136102963
2017-08-04,ASIANPAINT,,,1144,1159.95,1140.65,1157.3,529318,609198978.45
2017-08-07,ASIANPAINT,,,1160,1160.75,1142.4,1149.65,576280,661176187.95
2017-08-08,ASIANPAINT,,,1146,1151.5,1139.1,1147.35,600256,686468617.2
2017-08-09,ASIANPAINT,,,1147.8,1158.9,1140.1,1155.55,530763,610567487.8
2017-08-10,ASIANPAINT,,,1154,1160.3,1146,1151.1,649594,749326315.95
2017-08-11,ASIANPAINT,,,1135.65,1148.75,1121.2,1143.9,843233,957566075.25
2017-08-14,ASIANPAINT,,,1149.45,1163.7,1145,1154,511994,590983226.1
2017-08-16,ASIANPAINT,,,1154.35,1155.3,1129,1141.3,857454,976502702.85
2017-08-17,ASIANPAINT,,,1141.3,1142.8,1132,1134.95,494638,561942843.45
2017-08-18,ASIANPAINT,,,1131.95,1142.45,1123,1140,357491,405077707.05
2017-08-21,ASIANPAINT,,,1141.8,1141.8,1128.5,1134.45,456594,517315797.2
2017-08-22,ASIANPAINT,,,1140.1,1142.6,1125.95,1129.45,568911,643189735.6
2017-08-23,ASIANPAINT,,,1131.8,1144.5,1114,1141.3,513036,580350562.4
2017-08-24,ASIANPAINT,,,1140.4,1145,1131,1135.6,483362,549294459.05
2017-08-28,ASIANPAINT,,,1131.5,1159.75,1126.1,1155.9,751938,862451993.8
2017-08-29,ASIANPAINT,,,1155,1155,1139.3,1151.7,578071,662891431.35
2017-08-30,ASIANPAINT,,,1149.9,1160.35,1144.3,1153.35,674280,778574260.05
2017-08-31,ASIANPAINT,,,1146.35,1174,1144.3,1168.55,1131097,1313843458.25
2017-09-01,ASIANPAINT,,,1174.2,1219,1166,1215.9,1523879,1827651820.45
2017-09-04,ASIANPAINT,,,1215.9,1215.9,1192,1197.05,682612,818380416.45
2017-09-05,ASIANPAINT,,,1201.25,1223.05,1200.4,1206.35,714964,865670576.55
2017-09-06,ASIANPAINT,,,1198.35,1213.45,1198,1206.05,370400,447261337.45
2017-09-07,ASIANPAINT,,,1218,1218.8,1193.95,1198.65,832839,1000403396.05
2017-09-08,ASIANPAINT,,,1195,1206,1190,1203.95,477517,572802443
2017-09-11,ASIANPAINT,,,1206,1241,1199.6,1238.05,843302,1031557439.45
2017-09-12,ASIANPAINT,,,1242,1259.95,1236.05,1256.35,1461215,1829207188
2017-09-13,ASIANPAINT,,,1250.05,1262,1249,1254.95,913364,1146375042.25
2017-09-14,ASIANPAINT,,,1258,1262,1241,1246.05,754072,945065748
2017-09-15,ASIANPAINT,,,1230.5,1249.65,1226.2,1245.5,912016,1130166374.85
2017-09-18,ASIANPAINT,,,1250,1261,1248.8,1255.95,419287,526439212.55
2017-09-19,ASIANPAINT,,,1262,1262,1249.2,1253.3,464997,582634384.1
2017-09-20,ASIANPAINT,,,1256.5,1256.9,1235,1237.3,473176,586938698.55
2017-09-21,ASIANPAINT,,,1238,1247.25,1224.95,1229.1,772766,955473278.05
2017-09-22,ASIANPAINT,,,1218.05,1230.2,1204.9,1213.25,896125,1089227920.25
2017-09-25,ASIANPAINT,,,1205.15,1213.45,1192,1196.95,917093,1100814597.5
2017-09-26,ASIANPAINT,,,1187,1189.75,1164,1174,740276,869514466.5
2017-09-27,ASIANPAINT,,,1173.1,1178.55,1152.85,1160,786410,916910965.95
2017-09-28,ASIANPAINT,,,1155,1165,1123,1130,2353175,2665980874.3
2017-09-29,ASIANPAINT,,,1130,1144.95,1127,1131.7,791548,900518100.6
2017-10-03,ASIANPAINT,,,1141.3,1160,1135.5,1148.8,834092,957372442.75
2017-10-04,ASIANPAINT,,,1154,1167.1,1147.55,1154.05,626750,726760616.3
2017-10-05,ASIANPAINT,,,1149.65,1161.5,1147.6,1153.25,327057,377742860
2017-10-06,ASIANPAINT,,,1155,1169.7,1153,1157.3,344962,400385058.5
2017-10-09,ASIANPAINT,,,1169.8,1169.8,1152.8,1158.6,363972,423070053.9
2017-10-10,ASIANPAINT,,,1156,1166.95,1154,1163,316767,368281932.2
2017-10-11,ASIANPAINT,,,1170,1175.75,1155,1160.6,602214,702110437.45
2017-10-12,ASIANPAINT,,,1156.5,1162,1146.05,1158.8,658884,759334051.3
2017-10-13,ASIANPAINT,,,1158.8,1177.1,1154.15,1174.25,417081,486956154.75
2017-10-16,ASIANPAINT,,,1181,1185,1166,1171.05,689380,808196263.05
2017-10-17,ASIANPAINT,,,1170,1200,1170,1197.15,979278,1163106782.55
2017-10-18,ASIANPAINT,,,1197.8,1197.8,1170,1179.65,523048,617746049.5
2017-10-23,ASIANPAINT,,,1184.45,1191.85,1159,1174.15,698954,818634851.55
2017-10-24,ASIANPAINT,,,1175,1234,1175,1222.9,2345084,2829804358.3
2017-10-25,ASIANPAINT,,,1222.9,1232.05,1195,1201.7,1015698,1230619589.45
2017-10-26,ASIANPAINT,,,1194,1203.65,1180.7,1191.15,808543,962163742.4
2017-10-27,ASIANPAINT,,,1193.9,1195,1178.6,1184.55,346755,411357108.15
2017-10-30,ASIANPAINT,,,1185,1198.8,1179.55,1182.55,280643,333036572.1
2017-10-31,ASIANPAINT,,,1182,1188.85,1176.15,1180.85,279632,330414471.55
2017-11-01,ASIANPAINT,,,1185,1188.55,1174,1175.95,260543,307394972.7
2017-11-02,ASIANPAINT,,,1176.4,1181.95,1166,1178.4,245949,288810099.35
2017-11-03,ASIANPAINT,,,1182.45,1183.1,1167.3,1172.45,258595,303500067.45
2017-11-06,ASIANPAINT,,,1168,1173.1,1155,1162.35,314729,366170592.65
2017-11-07,ASIANPAINT,,,1158,1164.65,1132.5,1141.45,758497,867066787.7
2017-11-08,ASIANPAINT,,,1147.1,1179.4,1145.05,1172.2,691775,808725070.3
2017-11-09,ASIANPAINT,,,1177.85,1198.45,1173.6,1195.6,884722,1053557770.4
2017-11-10,ASIANPAINT,,,1194.9,1194.9,1160,1178.6,1130647,1323350135.1
2017-11-13,ASIANPAINT,,,1184,1189.5,1168.85,1174.95,363501,429183055
2017-11-14,ASIANPAINT,,,1174.95,1176,1152.4,1155.05,547558,634166188.05
2017-11-15,ASIANPAINT,,,1155,1190,1151.05,1181.55,829732,969726077.3
2017-11-16,ASIANPAINT,,,1183,1189,1175,1179.55,429230,506319558
2017-11-17,ASIANPAINT,,,1186,1193.9,1166,1171.3,454013,534805093.2
2017-11-20,ASIANPAINT,,,1173,1176.45,1159.65,1166.35,255840,298523163.7
2017-11-21,ASIANPAINT,,,1168.6,1175,1156,1160.3,421268,489530870.6
2017-11-22,ASIANPAINT,,,1162.5,1176.5,1155,1174.3,731572,855527945.2
2017-11-23,ASIANPAINT,,,1175.5,1177.9,1157.05,1159.6,482632,560666445.45
2017-11-24,ASIANPAINT,,,1164,1164,1148.15,1159.6,406704,470283281.2
2017-11-27,ASIANPAINT,,,1158,1160,1146.1,1156.5,373156,430106902.75
2017-11-28,ASIANPAINT,,,1157.5,1174.9,1150.15,1171,445227,519027732.95
2017-11-29,ASIANPAINT,,,1166,1176.35,1148.25,1153.85,516698,600965762.1
2017-11-30,ASIANPAINT,,,1150.25,1158,1141.35,1146.75,1433116,1643714627.55
2017-12-01,ASIANPAINT,,,1147.2,1154,1130.25,1133.75,397188,454085191.55
2017-12-04,ASIANPAINT,,,1145.45,1145.45,1117,1121,455769,512592202.15
2017-12-05,ASIANPAINT,,,1122,1124.15,1108.05,1115,702853,782973326.85
2017-12-06,ASIANPAINT,,,1114.8,1114.95,1099,1104.35,723473,800583272.45
2017-12-07,ASIANPAINT,,,1108,1151,1106.85,1144.4,986078,1109215348.5
2017-12-08,ASIANPAINT,,,1144.95,1153.5,1130.1,1135.5,593327,675335859.3
2017-12-11,ASIANPAINT,,,1142,1142.7,1123.4,1125.85,551772,622727910.95
2017-12-12,ASIANPAINT,,,1131.85,1131.85,1101,1117.4,1060836,1177684445.4
2017-12-13,ASIANPAINT,,,1117.9,1137.5,1110,1116.55,646677,726519605.8
2017-12-14,ASIANPAINT,,,1122,1129.55,1115.4,1123.45,543059,610176389.6
2017-12-15,ASIANPAINT,,,1129,1134.7,1116,1118.7,897594,1006572661.65
2017-12-18,ASIANPAINT,,,1120,1139.95,1110,1137.15,622558,704027449.05
2017-12-19,ASIANPAINT,,,1149,1149.5,1130.95,1137.7,459494,522610904.4
2017-12-20,ASIANPAINT,,,1137.5,1141.95,1125,1135.5,458160,520444856.9
2017-12-21,ASIANPAINT,,,1140.95,1144,1130.4,1137.9,460388,523600427.6
2017-12-22,ASIANPAINT,,,1137,1142.5,1132.5,1138,377780,429948298.2
2017-12-26,ASIANPAINT,,,1142,1155.6,1140.2,1150.75,820589,943169042.45
2017-12-27,ASIANPAINT,,,1150,1157,1142,1149.05,611258,702544364.9
2017-12-28,ASIANPAINT,,,1146,1154.35,1138.35,1144.4,536350,615062960.35
2017-12-29,ASIANPAINT,,,1145.1,1172.5,1142.05,1158.5,965848,1123767778.75
2018-01-01,ASIANPAINT,,,1163,1165,1138.1,1143.65,591349,681146388.85
2018-01-02,ASIANPAINT,,,1146,1150,1134.05,1142.75,516171,588852825.25
2018-01-03,ASIANPAINT,,,1149,1149,1135.3,1141.9,593809,677271928.05
2018-01-04,ASIANPAINT,,,1149,1178,1145.9,1172.05,729965,849825027.85
2018-01-05,ASIANPAINT,,,1178,1192,1167.45,1185.25,1151320,1363069565.35
2018-01-08,ASIANPAINT,,,1190,1190.85,1173.5,1182,928875,1095090912.55
2018-01-09,ASIANPAINT,,,1183.1,1197.2,1175.1,1193.05,699621,831164766.8
2018-01-10,ASIANPAINT,,,1186,1189.1,1171.1,1177.4,1102382,1299377718.7
2018-01-11,ASIANPAINT,,,1179.9,1189.95,1170,1188.95,475476,562363089.45
2018-01-12,ASIANPAINT,,,1187,1192.55,1176,1189.7,390841,463461049.25
2018-01-15,ASIANPAINT,,,1189.65,1208.2,1182.45,1204.05,723833,869040687.25
2018-01-16,ASIANPAINT,,,1204.05,1204.05,1184,1188.75,557253,663531105.85
2018-01-17,ASIANPAINT,,,1186.8,1196.4,1178.4,1193.75,506648,601296598.35
2018-01-18,ASIANPAINT,,,1195,1204.1,1181,1188.25,500762,595423484.35
2018-01-19,ASIANPAINT,,,1183.1,1195,1177.9,1189.9,722692,858491570.95
2018-01-22,ASIANPAINT,,,1192,1193.7,1164.1,1176,942542,1107642198.3
2018-01-23,ASIANPAINT,,,1176,1177.85,1156.2,1169.9,1841634,2147824624.55
2018-01-24,ASIANPAINT,,,1170,1171.65,1145.05,1151.05,1122469,1292209001.3
2018-01-25,ASIANPAINT,,,1148,1161.4,1143.45,1150.45,1563047,1796695181.55
2018-01-29,ASIANPAINT,,,1154,1164.25,1147.6,1152.05,1538762,1773718920.8
2018-01-30,ASIANPAINT,,,1151,1152,1123.45,1126.7,1404578,1585267106.85
2018-01-31,ASIANPAINT,,,1128,1139.8,1124,1128.3,961596,1088925994.35
2018-02-01,ASIANPAINT,,,1126,1157.35,1126,1153,1103162,1264145097.1
2018-02-02,ASIANPAINT,,,1148,1148,1123.95,1137.9,872105,992967292.65
2018-02-05,ASIANPAINT,,,1121.2,1140,1114.3,1134.1,1263378,1420056064
2018-02-06,ASIANPAINT,,,1110,1127,1090.1,1110.25,1055719,1165954885.85
2018-02-07,ASIANPAINT,,,1115,1125.2,1106.55,1121.1,854461,953897012.75
2018-02-08,ASIANPAINT,,,1128,1131.3,1110,1124.05,1185917,1325189076.7
2018-02-09,ASIANPAINT,,,1101,1142.25,1101,1130.75,666922,752786373.9
2018-02-12,ASIANPAINT,,,1138,1150,1135.9,1144.4,646362,739957335.9
2018-02-14,ASIANPAINT,,,1144,1144,1127,1139.15,691596,785700425.6
2018-02-15,ASIANPAINT,,,1135,1139.9,1123,1135.45,471072,533538572.4
2018-02-16,ASIANPAINT,,,1136.5,1147,1130,1143.85,734476,836124056.8
2018-02-19,ASIANPAINT,,,1145,1145.8,1111.55,1120.35,443677,499962063.75
2018-02-20,ASIANPAINT,,,1123.95,1136,1112.75,1126.4,662281,746404904.3
2018-02-21,ASIANPAINT,,,1132.35,1133.25,1115,1127.2,720563,810734567.1
2018-02-22,ASIANPAINT,,,1122.7,1126.4,1101,1118.1,1559398,1736622313.85
2018-02-23,ASIANPAINT,,,1117.05,1117.05,1098.9,1101.8,1140118,1259706044.75
2018-02-26,ASIANPAINT,,,1110,1110,1095.4,1104.8,1170283,1289001505.75
2018-02-27,ASIANPAINT,,,1104.8,1113,1098.95,1110.35,610498,676312230.45
2018-02-28,ASIANPAINT,,,1104,1124,1099.25,1117.75,1006756,1120709886.85
2018-03-01,ASIANPAINT,,,1120,1124.2,1108,1118.9,736217,823174430.15
2018-03-05,ASIANPAINT,,,1110.25,1114.85,1100,1105.95,529677,585389998.9
2018-03-06,ASIANPAINT,,,1112.6,1112.6,1100,1101.6,702294,774604931.35
2018-03-07,ASIANPAINT,,,1105.7,1109.95,1095.25,1107.25,669686,738618828.65
2018-03-08,ASIANPAINT,,,1114.8,1130,1107.6,1127.6,751329,840333736.25
2018-03-09,ASIANPAINT,,,1133,1140,1124.4,1129.1,1158526,1310457728.35
2018-03-12,ASIANPAINT,,,1131.1,1134,1120,1131.5,527293,595614481.8
2018-03-13,ASIANPAINT,,,1125.2,1143,1125.2,1140.3,711550,810304574.1
2018-03-14,ASIANPAINT,,,1139.95,1144.45,1131.1,1137,1360578,1547534885.75
2018-03-15,ASIANPAINT,,,1132.15,1163.75,1132.15,1160.8,1146702,1322739571.25
2018-03-16,ASIANPAINT,,,1159.9,1159.9,1118.4,1122.75,1946844,2215330623.3
2018-03-19,ASIANPAINT,,,1121.15,1124,1097.9,1102.55,855444,945021904.25
2018-03-20,ASIANPAINT,,,1102,1117,1092.15,1106.5,720303,797663880.8
2018-03-21,ASIANPAINT,,,1106.5,1116,1100,1103.55,612237,678840893.5
2018-03-22,ASIANPAINT,,,1102.5,1110,1100,1107.1,478426,528979749.55
2018-03-23,ASIANPAINT,,,1094.85,1120,1093.05,1112.65,828523,919469210.3
2018-03-26,ASIANPAINT,,,1112,1119,1101,1117.55,479675,532571178.1
2018-03-27,ASIANPAINT,,,1119,1138,1116.4,1131.1,672158,758192552.7
2018-03-28,ASIANPAINT,,,1130.85,1130.85,1115,1120.4,699839,783638621.45
2018-04-02,ASIANPAINT,,,1120.4,1153.95,1111.5,1150.15,428944,485541490.65
2018-04-03,ASIANPAINT,,,1145.05,1156.7,1138.95,1152.1,561118,645097687.85
2018-04-04,ASIANPAINT,,,1156.9,1157.7,1126,1136,607619,692526265.75
2018-04-05,ASIANPAINT,,,1151.8,1156.8,1137.55,1142.9,549137,628273769.1
2018-04-06,ASIANPAINT,,,1142.9,1152.8,1135,1143.5,395626,452164708.35
2018-04-09,ASIANPAINT,,,1145,1171.5,1139.95,1157.45,837112,972441508
2018-04-10,ASIANPAINT,,,1159,1167.7,1152.9,1156.75,546269,634018256
2018-04-11,ASIANPAINT,,,1157,1158.6,1141.2,1155.85,419140,482716645.7
2018-04-12,ASIANPAINT,,,1149.5,1169.9,1144.9,1165.2,360744,418521950.1
2018-04-13,ASIANPAINT,,,1170,1176.85,1157.85,1162.2,639579,746576966.55
2018-04-16,ASIANPAINT,,,1160,1188.5,1155,1178.85,550645,648603965.75
2018-04-17,ASIANPAINT,,,1180,1187.4,1169,1176,432543,509952241.7
2018-04-18,ASIANPAINT,,,1179,1185,1168,1172.3,465763,546334483.05
2018-04-19,ASIANPAINT,,,1172,1187,1162.6,1165,620949,729907921.85
2018-04-20,ASIANPAINT,,,1165,1165.95,1142.25,1159.35,727517,838315895.35
2018-04-23,ASIANPAINT,,,1160.9,1181.4,1145.4,1178.7,554353,646671924.5
2018-04-24,ASIANPAINT,,,1177.5,1182.45,1161.9,1170.1,484112,567758287.7
2018-04-25,ASIANPAINT,,,1167,1168.8,1156.05,1163.05,280574,326047188.75
2018-04-26,ASIANPAINT,,,1164,1177.05,1149.55,1155.7,1638937,1898884329.2
2018-04-27,ASIANPAINT,,,1165.25,1199.1,1164.25,1181.6,803227,952297452
2018-04-30,ASIANPAINT,,,1189.7,1207,1182.4,1201.7,505974,605415418.85
2018-05-02,ASIANPAINT,,,1200.25,1230.6,1197.4,1222.3,2011978,2452842875.05
2018-05-03,ASIANPAINT,,,1220.3,1230,1201,1206.75,641515,778772925.55
2018-05-04,ASIANPAINT,,,1212,1212,1178.1,1190.45,743905,884169750.15
2018-05-07,ASIANPAINT,,,1192,1220.8,1180,1215.25,728801,875479528
2018-05-08,ASIANPAINT,,,1219,1224,1205,1209.9,627060,760965259.05
2018-05-09,ASIANPAINT,,,1197.6,1229.1,1197.6,1222.55,729538,889905699.7
2018-05-10,ASIANPAINT,,,1232,1238,1207.5,1217.7,1904962,2329925614.6
2018-05-11,ASIANPAINT,,,1237,1291.9,1229.85,1286.45,4723019,6023500941.55
2018-05-14,ASIANPAINT,,,1285,1305,1268.6,1297.35,1553283,2001568741.05
2018-05-15,ASIANPAINT,,,1291,1323.45,1288.8,1314.65,1368261,1797297360.8
2018-05-16,ASIANPAINT,,,1305.15,1332,1300.85,1323.7,736281,967256612.85
2018-05-17,ASIANPAINT,,,1313.15,1330,1303.55,1309.45,751423,988205338.15
2018-05-18,ASIANPAINT,,,1305,1316.4,1287.6,1308.35,939743,1223032154.65
2018-05-21,ASIANPAINT,,,1305,1314.7,1290.85,1301.7,692442,900960414.6
2018-05-22,ASIANPAINT,,,1298,1302,1279,1286.85,708573,912506633.1
2018-05-23,ASIANPAINT,,,1281,1292.15,1269.6,1278.6,509522,650602662.2
2018-05-24,ASIANPAINT,,,1277.1,1302.9,1263,1293.6,774173,990506963.5
2018-05-25,ASIANPAINT,,,1300,1310,1280,1292.35,773652,997944023.4
2018-05-28,ASIANPAINT,,,1294.5,1331.9,1291.55,1321.85,657272,864479114.7
2018-05-29,ASIANPAINT,,,1326,1330,1289,1299.5,769331,1003919681
2018-05-30,ASIANPAINT,,,1290,1300.95,1283.35,1293.85,478025,618100662.8
2018-05-31,ASIANPAINT,,,1300.2,1311.7,1287,1304.65,1400776,1821396366.5
2018-06-01,ASIANPAINT,,,1307,1310,1290.8,1293.05,368820,478924748.7
2018-06-04,ASIANPAINT,,,1295,1297.5,1265,1284.45,939794,1200273214.75
2018-06-05,ASIANPAINT,,,1276.25,1293.3,1270.55,1273.6,524237,671191035.2
2018-06-06,ASIANPAINT,,,1270.9,1270.9,1245.05,1262.8,1211557,1522747538.3
2018-06-07,ASIANPAINT,,,1270.15,1297,1256,1290.8,701247,900602244.2
2018-06-08,ASIANPAINT,,,1275,1288.55,1272,1278.85,442333,565927434.8
2018-06-11,ASIANPAINT,,,1279,1295.9,1275.2,1283.3,373098,480740856.45
2018-06-12,ASIANPAINT,,,1278.55,1292,1275.2,1287.7,401090,515824792.55
2018-06-13,ASIANPAINT,,,1290,1292.75,1281.95,1286.4,566241,729032393.15
2018-06-14,ASIANPAINT,,,1280.45,1289.65,1270,1286.1,507824,651365757.9
2018-06-15,ASIANPAINT,,,1284.9,1286.65,1268.1,1282.2,1048699,1341202394.15
2018-06-18,ASIANPAINT,,,1289.4,1289.65,1271,1282.05,512049,657996672.7
2018-06-19,ASIANPAINT,,,1273,1287.65,1265,1269.2,572488,731454019.15
2018-06-20,ASIANPAINT,,,1275,1275,1260,1271.3,484907,614497744.95
2018-06-21,ASIANPAINT,,,1272,1279.9,1246,1253,1179247,1482880138.25
2018-06-22,ASIANPAINT,,,1261.5,1273.55,1240.2,1267.7,646452,814436007.6
2018-06-25,ASIANPAINT,,,1268,1272.1,1249.3,1253.45,936253,1180192422.95
2018-06-26,ASIANPAINT,,,1255,1279.85,1253,1274.6,1262632,1600417650.45
2018-06-27,ASIANPAINT,,,1279.15,1285,1263,1267.15,857951,1093853251.75
2018-06-28,ASIANPAINT,,,1267.15,1273.45,1250,1268.4,729637,921795096.7
2018-06-29,ASIANPAINT,,,1268.25,1271.1,1252.15,1264.45,622680,786280729.65
2018-07-02,ASIANPAINT,,,1266.5,1297.95,1261,1293.05,1437438,1845887971.6
2018-07-03,ASIANPAINT,,,1298.6,1308.6,1288.1,1291.85,1399979,1818753303.35
2018-07-04,ASIANPAINT,,,1296,1299.95,1282.75,1289.8,619316,800070029.15
2018-07-05,ASIANPAINT,,,1294.8,1330,1278.3,1321.4,1733903,2268908208.85
2018-07-06,ASIANPAINT,,,1325,1335.4,1309.05,1323.15,1662920,2204198731.35
2018-07-09,ASIANPAINT,,,1330,1367.9,1325.25,1363.1,1391869,1885146452.45
2018-07-10,ASIANPAINT,,,1362.8,1375.5,1355,1370.45,796987,1090454716.85
2018-07-11,ASIANPAINT,,,1360,1384.75,1357.35,1359.8,784238,1073944615.35
2018-07-12,ASIANPAINT,,,1370,1379,1346,1357.9,953054,1297486817.45
2018-07-13,ASIANPAINT,,,1359.5,1374.4,1358.7,1367.8,655594,896105853.15
2018-07-16,ASIANPAINT,,,1370,1394.9,1351.1,1359.55,1234066,1702075134.95
2018-07-17,ASIANPAINT,,,1365.4,1383.5,1353.1,1376.25,1166581,1601081305.75
2018-07-18,ASIANPAINT,,,1386,1399.95,1377.55,1393,1085504,1509871661.8
2018-07-19,ASIANPAINT,,,1395,1408.5,1393.95,1403,848175,1189648744.4
2018-07-20,ASIANPAINT,,,1403,1404.75,1381.5,1396.45,575194,801729061.65
2018-07-23,ASIANPAINT,,,1425.1,1464.4,1396.6,1433.2,1975242,2818729968.15
2018-07-24,ASIANPAINT,,,1443,1476.2,1425.5,1467.75,2171087,3162165221.7
2018-07-25,ASIANPAINT,,,1453,1490.6,1421.35,1450.15,4310816,6273556794.75
2018-07-26,ASIANPAINT,,,1448.1,1457.85,1422.25,1433.85,1732715,2482228894.2
2018-07-27,ASIANPAINT,,,1437,1454,1425.35,1434.85,630981,908528799.05
2018-07-30,ASIANPAINT,,,1434.25,1451.85,1427,1430.2,750392,1080853169.1
2018-07-31,ASIANPAINT,,,1430,1456.6,1426,1451.4,1221636,1769920175.35
2018-08-01,ASIANPAINT,,,1458,1459.95,1430.8,1437.2,1121286,1619833246.25
2018-08-02,ASIANPAINT,,,1437.2,1443.9,1414.85,1418.4,836564,1195183608.15
2018-08-03,ASIANPAINT,,,1424,1426.25,1407,1411.85,1002287,1415579599.15
2018-08-06,ASIANPAINT,,,1420,1420.9,1394.7,1397.4,795996,1116618502.8
2018-08-07,ASIANPAINT,,,1399,1438,1399,1424.25,1915936,2728553757.4
2018-08-08,ASIANPAINT,,,1430.95,1447.65,1417,1425.75,1063862,1525612262.15
2018-08-09,ASIANPAINT,,,1431.9,1433.95,1414.1,1417.35,903734,1285485543.8
2018-08-10,ASIANPAINT,,,1420,1439.9,1409.25,1418.6,997053,1423898544
2018-08-13,ASIANPAINT,,,1414,1421.6,1397,1399.25,875198,1232046836.55
2018-08-14,ASIANPAINT,,,1407.9,1416.7,1391.55,1395.1,729379,1025303681.2
2018-08-16,ASIANPAINT,,,1401,1410,1387,1394.8,1050412,1468460955.15
2018-08-17,ASIANPAINT,,,1403,1405.15,1390,1400.65,537229,750259647.85
2018-08-20,ASIANPAINT,,,1406,1431,1398,1409.1,1259905,1783181921.55
2018-08-21,ASIANPAINT,,,1416.45,1425.95,1395.4,1403.3,1520772,2141477435.5
2018-08-23,ASIANPAINT,,,1410,1412,1390.7,1394.75,859955,1204012131.3
2018-08-24,ASIANPAINT,,,1395,1411,1385.05,1393.5,919355,1284559257.9
2018-08-27,ASIANPAINT,,,1397.5,1407,1396.5,1399.8,785772,1100965075.2
2018-08-28,ASIANPAINT,,,1402,1419.65,1401,1407.5,1290318,1823355932.9
2018-08-29,ASIANPAINT,,,1413.75,1413.75,1391,1394,743529,1039506154.4
2018-08-30,ASIANPAINT,,,1394.1,1398.7,1373.55,1378.7,1062266,1467069880.3
2018-08-31,ASIANPAINT,,,1383,1392,1364.2,1372.45,1006329,1383921516.15
2018-09-03,ASIANPAINT,,,1384,1387.5,1355,1361.6,817733,1120925468.25
2018-09-04,ASIANPAINT,,,1360,1364.6,1302.5,1311.3,1789240,2369107683.4
2018-09-05,ASIANPAINT,,,1314.5,1330,1302.45,1321.3,1222703,1608491149.65
2018-09-06,ASIANPAINT,,,1327.95,1331.95,1308,1314.5,726455,956471221.45
2018-09-07,ASIANPAINT,,,1322.8,1322.8,1310,1316,912914,1201544106
2018-09-10,ASIANPAINT,,,1314.6,1318,1280.5,1293.1,1121083,1450454442.25
2018-09-11,ASIANPAINT,,,1295,1313.3,1286.7,1297.85,1676544,2184856922.15
2018-09-12,ASIANPAINT,,,1303.5,1303.5,1280,1291,1111171,1436239270.1
2018-09-14,ASIANPAINT,,,1298.8,1336.55,1297.55,1333.9,1498792,1983355450.65
2018-09-17,ASIANPAINT,,,1329.95,1329.95,1302,1308.65,965321,1266761915.85
2018-09-18,ASIANPAINT,,,1306,1331.75,1285,1292.1,1088372,1430633646.45
2018-09-19,ASIANPAINT,,,1304.2,1319.2,1287,1291.35,929673,1210909160.35
2018-09-21,ASIANPAINT,,,1292.1,1324.85,1211.9,1304.75,1867297,2434559523.3
2018-09-24,ASIANPAINT,,,1300,1316.65,1256,1271.95,1691456,2153179653.25
2018-09-25,ASIANPAINT,,,1271.8,1304.85,1257.15,1289.9,1262738,1625544367.35
2018-09-26,ASIANPAINT,,,1300,1303.5,1274,1282,1338324,1717295637.35
2018-09-27,ASIANPAINT,,,1294.8,1314,1276.45,1287.5,1901166,2470611383
2018-09-28,ASIANPAINT,,,1293,1315,1286,1293.3,1549540,2018064017.25
2018-10-01,ASIANPAINT,,,1299,1307.9,1269,1279.8,1143818,1468392333.25
2018-10-03,ASIANPAINT,,,1264.9,1269,1246.15,1251.75,1236645,1556182463.65
2018-10-04,ASIANPAINT,,,1228,1239.2,1214,1224.7,1557441,1908803630.35
2018-10-05,ASIANPAINT,,,1221.45,1240,1191.85,1209.5,1344685,1632914325.1
2018-10-08,ASIANPAINT,,,1210,1254,1201.1,1247.8,1050759,1296013644.3
2018-10-09,ASIANPAINT,,,1254,1255.9,1191,1201.4,1088738,1321305717.7
2018-10-10,ASIANPAINT,,,1205.9,1240.85,1180.9,1225.95,803576,979398075.65
2018-10-11,ASIANPAINT,,,1201,1221.5,1190.45,1219.05,781348,945109320.15
2018-10-12,ASIANPAINT,,,1233.9,1265.95,1233.9,1261.2,1000950,1254431496.8
2018-10-15,ASIANPAINT,,,1255,1257.2,1241.5,1250.3,728514,910055611.3
2018-10-16,ASIANPAINT,,,1257,1282.9,1252.55,1267.6,908616,1153251045.35
2018-10-17,ASIANPAINT,,,1282.2,1282.25,1255,1259,698043,884831111.8
2018-10-19,ASIANPAINT,,,1264,1287,1220.45,1235.4,1449043,1822269153.85
2018-10-22,ASIANPAINT,,,1245,1247.15,1191,1200.4,1949683,2376902992.75
2018-10-23,ASIANPAINT,,,1135.2,1190,1118,1138.45,8272850,9416445239
2018-10-24,ASIANPAINT,,,1160,1199,1150.15,1186.9,2370198,2784016347.15
2018-10-25,ASIANPAINT,,,1180.5,1208.95,1175,1200.05,1995349,2386460338.35
2018-10-26,ASIANPAINT,,,1200,1202,1168.35,1190.3,1440249,1705646248.7
2018-10-29,ASIANPAINT,,,1194.8,1213.7,1186.5,1196.05,1186190,1420732811
2018-10-30,ASIANPAINT,,,1194.8,1208,1175.55,1196.3,1075337,1289002088.2
2018-10-31,ASIANPAINT,,,1205.6,1234.95,1183.85,1230.4,1561884,1889703614.05
2018-11-01,ASIANPAINT,,,1233,1244.8,1213.8,1217.8,1200280,1473725429.7
2018-11-02,ASIANPAINT,,,1242,1291.55,1241.25,1247,2235848,2822254965
2018-11-05,ASIANPAINT,,,1252,1260.65,1232.5,1244.05,756887,943068504
2018-11-06,ASIANPAINT,,,1242.2,1255,1235,1238.5,815046,1012806238.8
2018-11-09,ASIANPAINT,,,1259.8,1308.9,1256.85,1295.6,2026920,2617870187.6
2018-11-12,ASIANPAINT,,,1295,1314.9,1275.15,1278.8,1100286,1422645389.15
2018-11-13,ASIANPAINT,,,1277.45,1295.6,1277.45,1284.9,1632176,2099226827.25
2018-11-14,ASIANPAINT,,,1312,1337.95,1302,1320.55,1631802,2161210280.55
2018-11-15,ASIANPAINT,,,1320,1331.85,1313.4,1318.3,1065640,1406402591.8
2018-11-16,ASIANPAINT,,,1320,1329.8,1313.2,1321.3,1113304,1470687397.7
2018-11-19,ASIANPAINT,,,1329,1329.85,1305,1312.15,784645,1028842257.75
2018-11-20,ASIANPAINT,,,1317,1331.05,1304.7,1306.85,867729,1142729401.15
2018-11-21,ASIANPAINT,,,1329,1342.5,1313.75,1324.2,1374789,1825380194.3
2018-11-22,ASIANPAINT,,,1330,1330.7,1308.75,1314.4,691593,910731432.75
2018-11-26,ASIANPAINT,,,1329.95,1357.55,1323.6,1349.5,2149117,2891258385.75
2018-11-27,ASIANPAINT,,,1346.8,1346.8,1326.05,1339.6,1130756,1508324920.2
2018-11-28,ASIANPAINT,,,1352.9,1354.55,1319.15,1324.25,1205630,1610323171.8
2018-11-29,ASIANPAINT,,,1336,1355,1330.7,1350.3,3556169,4795600010.1
2018-11-30,ASIANPAINT,,,1352.8,1361.75,1342.15,1345.95,1030541,1390438870.45
2018-12-03,ASIANPAINT,,,1345,1359,1335.05,1338.7,710748,954698796.2
2018-12-04,ASIANPAINT,,,1336.55,1354.7,1326.45,1329.45,830261,1108961001.25
2018-12-05,ASIANPAINT,,,1328.5,1343,1323.6,1329.5,864628,1150675415.3
2018-12-06,ASIANPAINT,,,1324,1324.95,1286.6,1295.1,896350,1166161698.5
2018-12-07,ASIANPAINT,,,1306.5,1324,1298.4,1318.65,1037026,1365571084.95
2018-12-10,ASIANPAINT,,,1280,1306.25,1262.3,1274.2,1074399,1375330243.05
2018-12-11,ASIANPAINT,,,1268,1336.45,1252.15,1323.6,1746513,2281183386.65
2018-12-12,ASIANPAINT,,,1323,1337.2,1311.85,1330.9,986580,1308929529.2
2018-12-13,ASIANPAINT,,,1338.45,1343.2,1316,1320.2,1175211,1556374088.1
2018-12-14,ASIANPAINT,,,1332.8,1351,1320,1340.95,1869410,2506374484.7
2018-12-17,ASIANPAINT,,,1340,1344.95,1330,1335.85,665295,888723219.1
2018-12-18,ASIANPAINT,,,1338.45,1361,1327.55,1355.7,1581385,2124233939.75
2018-12-19,ASIANPAINT,,,1370,1406.8,1370,1400.25,3334213,4650016541.1
2018-12-20,ASIANPAINT,,,1389.9,1431.55,1389.05,1425.8,2578234,3663252917.65
2018-12-21,ASIANPAINT,,,1433.9,1433.9,1382.3,1388.2,2098064,2931391992.55
2018-12-24,ASIANPAINT,,,1388,1388.95,1351.1,1357.05,1649577,2249427822.75
2018-12-26,ASIANPAINT,,,1367.95,1374.9,1347.4,1363,1790087,2438082292.25
2018-12-27,ASIANPAINT,,,1360.05,1384.75,1354.3,1372.5,2174090,2972449024.6
2018-12-28,ASIANPAINT,,,1383,1383,1359,1366,1705033,2328111131.45
2018-12-31,ASIANPAINT,,,1375,1378,1367.3,1373.05,698593,959372951.45
2019-01-01,ASIANPAINT,,,1373.2,1379.7,1358.6,1371.55,664707,909770803.85
2019-01-02,ASIANPAINT,,,1367,1386.85,1361.6,1383.3,1233780,1698144942.75
2019-01-03,ASIANPAINT,,,1381.8,1393.85,1378,1388.3,1636293,2272489578.25
2019-01-04,ASIANPAINT,,,1388,1401.4,1381.4,1385.85,1202397,1675601896.55
2019-01-07,ASIANPAINT,,,1386,1405.4,1383.75,1396,1074373,1500315000.85
2019-01-08,ASIANPAINT,,,1401,1412.7,1395.5,1401.25,1232440,1730852389.25
2019-01-09,ASIANPAINT,,,1402.5,1414,1397.15,1402,973687,1368343861.3
2019-01-10,ASIANPAINT,,,1390,1400,1388.65,1396.35,1004783,1401561195.65
2019-01-11,ASIANPAINT,,,1399.75,1406.2,1392.4,1403.65,473391,663327801.3
2019-01-14,ASIANPAINT,,,1404,1410.6,1385.45,1388.6,1360800,1896132672
2019-01-15,ASIANPAINT,,,1388.6,1414.45,1388.6,1405.95,1355920,1907599137.85
2019-01-16,ASIANPAINT,,,1410,1412.95,1387.7,1389.75,1189597,1659188888.85
2019-01-17,ASIANPAINT,,,1390,1398.5,1383.8,1389.6,853829,1187637288.45
2019-01-18,ASIANPAINT,,,1391,1404.75,1383,1400.45,1092189,1526056176.9
2019-01-21,ASIANPAINT,,,1395.2,1424.8,1395.2,1422.1,2513582,3546100783.5
2019-01-22,ASIANPAINT,,,1423.9,1432.05,1375.25,1406.95,5483768,7723196799.45
2019-01-23,ASIANPAINT,,,1429,1429.45,1390,1396.55,2702265,3804718518.2
2019-01-24,ASIANPAINT,,,1400,1413.5,1396.5,1401.85,1562800,2194887890.65
2019-01-25,ASIANPAINT,,,1408.4,1413.7,1353.3,1372.15,1613548,2227645411.55
2019-01-28,ASIANPAINT,,,1375,1391,1366.85,1379.5,1590764,2196837524.35
2019-01-29,ASIANPAINT,,,1377,1400,1373.2,1393.3,1061762,1475487094.45
2019-01-30,ASIANPAINT,,,1394,1416.8,1372.1,1390.4,1313152,1827969765.7
2019-01-31,ASIANPAINT,,,1400,1415,1391.05,1412.6,1256050,1767238319.5
2019-02-01,ASIANPAINT,,,1412.4,1469.65,1408.2,1457.2,2077539,2997082950.75
2019-02-04,ASIANPAINT,,,1444,1452.8,1434,1446.35,735159,1059614287.7
2019-02-05,ASIANPAINT,,,1444.95,1466.9,1443.1,1450.35,786962,1143989735.3
2019-02-06,ASIANPAINT,,,1457.85,1476.2,1452.3,1469.4,1088914,1598544144.9
2019-02-07,ASIANPAINT,,,1467.05,1476.8,1457,1472.45,697412,1022328320.45
2019-02-08,ASIANPAINT,,,1468,1480,1445,1448.8,1018518,1485441859.65
2019-02-11,ASIANPAINT,,,1447.9,1457.3,1427,1437.1,728051,1047073398.45
2019-02-12,ASIANPAINT,,,1438.5,1456.9,1435.25,1452.1,947583,1372057678.9
2019-02-13,ASIANPAINT,,,1451,1453.65,1417,1424.15,507194,728099824.6
2019-02-14,ASIANPAINT,,,1417.65,1423.15,1396.5,1399.2,915441,1287858328.6
2019-02-15,ASIANPAINT,,,1400.8,1404.95,1372.1,1393.6,1113223,1541330196.4
2019-02-18,ASIANPAINT,,,1401.7,1401.7,1345,1380.05,1460282,1996383955.9
2019-02-19,ASIANPAINT,,,1372.05,1396.95,1371,1377.85,697530,966406306.55
2019-02-20,ASIANPAINT,,,1380,1398.8,1376,1396.9,843469,1173258107.55
2019-02-21,ASIANPAINT,,,1399,1407.85,1390.3,1397.8,677142,948126583.6
2019-02-22,ASIANPAINT,,,1399,1407.75,1384.2,1397.8,801380,1119670074.2
2019-02-25,ASIANPAINT,,,1399.95,1405.8,1391.35,1398.25,711217,995014922.85
2019-02-26,ASIANPAINT,,,1396.9,1407,1378.6,1402,1147218,1602622125.35
2019-02-27,ASIANPAINT,,,1404,1430.85,1395,1405.7,1462017,2062725449.3
2019-02-28,ASIANPAINT,,,1414.8,1415,1401.45,1405.2,1230935,1732610772.95
2019-03-01,ASIANPAINT,,,1409,1417.95,1388.1,1392.35,783876,1098138422.6
2019-03-05,ASIANPAINT,,,1393.5,1409.75,1382.7,1403.85,1214257,1699538219.1
2019-03-06,ASIANPAINT,,,1408,1410,1386.55,1393.7,720335,1006850643.4
2019-03-07,ASIANPAINT,,,1398.6,1405.5,1392,1395.45,746742,1044874189.65
2019-03-08,ASIANPAINT,,,1393.75,1394.65,1380,1382.35,524331,726677422.85
2019-03-11,ASIANPAINT,,,1389.2,1423,1385,1419.8,1342007,1887037320.95
2019-03-12,ASIANPAINT,,,1422,1445.35,1421.2,1428.1,1333909,1911972478.3
2019-03-13,ASIANPAINT,,,1439.4,1439.4,1417,1428.3,708227,1010144190.15
2019-03-14,ASIANPAINT,,,1437.6,1446.95,1420,1434.75,1113700,1599755222.35
2019-03-15,ASIANPAINT,,,1434,1457,1428.65,1432.55,1667627,2401280702.25
2019-03-18,ASIANPAINT,,,1446,1460.6,1436.6,1445.6,1148000,1659538264.6
2019-03-19,ASIANPAINT,,,1442,1459.85,1440,1453.9,886660,1289026499.65
2019-03-20,ASIANPAINT,,,1462,1466,1448.5,1456.15,764625,1114288684.9
2019-03-22,ASIANPAINT,,,1459,1479.9,1452.6,1471.25,1380404,2025549694.6
2019-03-25,ASIANPAINT,,,1465.1,1475.6,1451.5,1457.55,848078,1237448287.95
2019-03-26,ASIANPAINT,,,1460.5,1492.25,1460.5,1485.05,1630147,2414861589.3
2019-03-27,ASIANPAINT,,,1494,1496.95,1463.5,1472.05,1387002,2046577822.95
2019-03-28,ASIANPAINT,,,1473.5,1508.95,1473.5,1497,1353947,2016742845.4
2019-03-29,ASIANPAINT,,,1503.1,1508.65,1485,1492.7,1094790,1633714393.55
2019-04-01,ASIANPAINT,,,1496.75,1504,1490,1492.75,707570,1059210805.05
2019-04-02,ASIANPAINT,,,1493,1523.45,1484.55,1519.3,1326634,2002390009.45
2019-04-03,ASIANPAINT,,,1521.25,1529.85,1493,1497.6,1606692,2435356372.85
2019-04-04,ASIANPAINT,,,1504.8,1525,1503,1519,1409222,2138970559.1
2019-04-05,ASIANPAINT,,,1520,1523.65,1503,1514.45,1129222,1709122384.05
2019-04-08,ASIANPAINT,,,1514,1514,1486,1496.35,925518,1385024925.8
2019-04-09,ASIANPAINT,,,1464.7,1474.9,1437.2,1444.85,2642226,3837200976.85
2019-04-10,ASIANPAINT,,,1449.8,1451,1405.35,1409.85,2608319,3714086776.7
2019-04-11,ASIANPAINT,,,1409.7,1431.95,1408,1423.15,1494450,2126556576.5
2019-04-12,ASIANPAINT,,,1432.75,1444.8,1425.8,1438.65,1510649,2172353608.4
2019-04-15,ASIANPAINT,,,1447.95,1451.45,1427,1431.55,791389,1139355423.4
2019-04-16,ASIANPAINT,,,1442.75,1464.9,1440.25,1459,1463057,2132878799.75
2019-04-18,ASIANPAINT,,,1464,1479.9,1460.3,1469.6,1425676,2095362705.35
2019-04-22,ASIANPAINT,,,1459.95,1459.95,1435,1443.35,737603,1065740050.4
2019-04-23,ASIANPAINT,,,1449,1454.9,1425.9,1431,601653,863222368.6
2019-04-24,ASIANPAINT,,,1436,1459.4,1431,1450.05,1154712,1674030811.95
2019-04-25,ASIANPAINT,,,1450,1460,1438.1,1447.95,1161847,1685225922.75
2019-04-26,ASIANPAINT,,,1450,1459.35,1436,1448.75,704193,1017384947.95
2019-04-30,ASIANPAINT,,,1456,1477,1455.3,1463.15,1525776,2235180776.05
2019-05-02,ASIANPAINT,,,1465,1472.9,1430.1,1436.6,774788,1125235337.5
2019-05-03,ASIANPAINT,,,1443.8,1456,1432.2,1438.55,1020007,1472806172.05
2019-05-06,ASIANPAINT,,,1434.95,1448.6,1408.55,1412.8,1161960,1653704404.05
2019-05-07,ASIANPAINT,,,1426.8,1426.8,1376.35,1387.8,2863939,4000436558.3
2019-05-08,ASIANPAINT,,,1382,1395,1362.6,1385.7,1414591,1951463399.55
2019-05-09,ASIANPAINT,,,1384.95,1393.65,1346.55,1354.2,2628463,3594676476.1
2019-05-10,ASIANPAINT,,,1314.1,1350,1314.1,1341.05,3476379,4641773918.5
2019-05-13,ASIANPAINT,,,1341.05,1345.25,1323.65,1332.5,862130,1148375776.4
2019-05-14,ASIANPAINT,,,1330,1334.75,1302.1,1320.25,2167873,2854712285.3
2019-05-15,ASIANPAINT,,,1326,1329,1301.7,1305.95,996276,1305402941
2019-05-16,ASIANPAINT,,,1312,1314,1295.85,1304.4,726485,946306372.25
2019-05-17,ASIANPAINT,,,1305,1330.75,1301,1320,860934,1135139004.4
2019-05-20,ASIANPAINT,,,1340,1378.4,1335,1373.95,976630,1329509560.35
2019-05-21,ASIANPAINT,,,1384,1384,1352.7,1357.75,1166297,1595474035.25
2019-05-22,ASIANPAINT,,,1360.5,1373.75,1348.05,1368.45,840075,1147129242.3
2019-05-23,ASIANPAINT,,,1389,1389,1357.7,1367.75,1527569,2097149879.45
2019-05-24,ASIANPAINT,,,1392,1400.45,1376.15,1384.5,980933,1361630557.85
2019-05-27,ASIANPAINT,,,1386.9,1390.7,1362.7,1366.85,782730,1071868859.1
2019-05-28,ASIANPAINT,,,1369.95,1388.85,1360,1364.35,1562891,2139729578.55
2019-05-29,ASIANPAINT,,,1360.8,1366.95,1347.1,1358.25,582768,790185455.9
2019-05-30,ASIANPAINT,,,1365,1392,1353.9,1374.6,1032259,1418121726.35
2019-05-31,ASIANPAINT,,,1381,1428,1381,1407.3,2559888,3616197969.85
2019-06-03,ASIANPAINT,,,1431.95,1464.95,1430,1459.25,2867897,4164148929.9
2019-06-04,ASIANPAINT,,,1455,1455,1417.05,1421.5,1493226,2131868309.65
2019-06-06,ASIANPAINT,,,1434.95,1461.85,1424.9,1428.55,1985857,2865672221.2
2019-06-07,ASIANPAINT,,,1429,1439.85,1413.05,1418.35,878470,1250966706.75
2019-06-10,ASIANPAINT,,,1429,1442,1418.5,1422.6,800967,1145620485
2019-06-11,ASIANPAINT,,,1428,1433.35,1409.5,1425.5,743047,1058034437.85
2019-06-12,ASIANPAINT,,,1429.95,1439.9,1421,1425.45,874293,1249019914.15
2019-06-13,ASIANPAINT,,,1429,1438.9,1422.2,1429.45,1572720,2249115932.45
2019-06-14,ASIANPAINT,,,1430,1431.75,1411,1412.75,546091,775089160.9
2019-06-17,ASIANPAINT,,,1417,1425,1398.9,1401.95,962166,1355917308.05
2019-06-18,ASIANPAINT,,,1405,1410.4,1376.05,1380.05,1177437,1630952692.85
2019-06-19,ASIANPAINT,,,1382,1396.4,1372,1381.15,692212,957954521.3
2019-06-20,ASIANPAINT,,,1365.55,1404.9,1360.7,1392.05,991210,1376360395.85
2019-06-21,ASIANPAINT,,,1379.95,1394.65,1372,1383,1242165,1718217548.75
2019-06-24,ASIANPAINT,,,1386,1398,1368.25,1376.15,757055,1043086864.85
2019-06-25,ASIANPAINT,,,1371,1372.45,1360.35,1363.1,1388994,1895767532.4
2019-06-26,ASIANPAINT,,,1360,1369.55,1352,1359.95,960174,1308339115.9
2019-06-27,ASIANPAINT,,,1361.1,1369.65,1358.15,1361.4,2113899,2885136598.95
2019-06-28,ASIANPAINT,,,1365,1371.9,1350.1,1358.15,1131371,1535831171.05
2019-07-01,ASIANPAINT,,,1368,1374.5,1351.05,1353.85,739182,1007358762.85
2019-07-02,ASIANPAINT,,,1356,1360,1340.7,1345.75,1171118,1578295992.6
2019-07-03,ASIANPAINT,,,1356.05,1371,1349.5,1352,1378288,1873062155.15
2019-07-04,ASIANPAINT,,,1356,1366.35,1351.15,1359.7,902077,1227425016.1
2019-07-05,ASIANPAINT,,,1363.9,1373.45,1351.45,1358.7,966162,1318055589.05
2019-07-08,ASIANPAINT,,,1358,1358.4,1332.7,1340.25,866416,1162058239.8
2019-07-09,ASIANPAINT,,,1344.9,1344.9,1291.25,1321,2037332,2663303959.55
2019-07-10,ASIANPAINT,,,1317.8,1340.35,1312.05,1322.95,1115080,1479195862.1
2019-07-11,ASIANPAINT,,,1317,1337,1311.05,1332.45,757323,1005793501.75
2019-07-12,ASIANPAINT,,,1332.45,1369.55,1325.45,1361.95,1050985,1419239536.7
2019-07-15,ASIANPAINT,,,1362.85,1367,1347.05,1353.15,666533,904115133.05
2019-07-16,ASIANPAINT,,,1352,1375,1345,1372.3,782642,1069798270.15
2019-07-17,ASIANPAINT,,,1377,1404.85,1375.5,1395.9,1599926,2226419096.9
2019-07-18,ASIANPAINT,,,1395,1395.35,1377.2,1384.95,802222,1111664010
2019-07-19,ASIANPAINT,,,1390.1,1399.4,1365,1369.1,842552,1159928889.3
2019-07-22,ASIANPAINT,,,1367.8,1410,1359.05,1404.2,1279369,1783416447.45
2019-07-23,ASIANPAINT,,,1409,1443.95,1401.85,1429.35,2262423,3230082283.85
2019-07-24,ASIANPAINT,,,1430.5,1493.5,1395.15,1483.4,7400250,10756764457
2019-07-25,ASIANPAINT,,,1481.3,1503.85,1459.05,1495.85,4194809,6237079307.15
2019-07-26,ASIANPAINT,,,1488.1,1530.8,1485.6,1526.45,2420636,3661747204.25
2019-07-29,ASIANPAINT,,,1524.9,1538.25,1506.6,1513.25,1634196,2484001784.85
2019-07-30,ASIANPAINT,,,1511.1,1527,1502.7,1508.75,1436383,2175478308.25
2019-07-31,ASIANPAINT,,,1507,1525,1495.15,1521.1,1249734,1888515174.75
2019-08-01,ASIANPAINT,,,1515,1531.45,1493.65,1504.7,2263295,3412201931.15
2019-08-02,ASIANPAINT,,,1509,1550,1504.5,1545.2,3044783,4661342540.8
2019-08-05,ASIANPAINT,,,1533.2,1551,1521.7,1525.4,1443728,2211537140.1
2019-08-06,ASIANPAINT,,,1530,1569.85,1524.05,1565.85,2056715,3198154163.8
2019-08-07,ASIANPAINT,,,1563.3,1575,1551.9,1559.2,1583322,2474151055.95
2019-08-08,ASIANPAINT,,,1565.75,1569.7,1540.3,1565.9,1579565,2451429470.8
2019-08-09,ASIANPAINT,,,1569.2,1581.9,1561,1575.5,1154542,1818060254.85
2019-08-13,ASIANPAINT,,,1573.5,1594,1568,1573.35,1612748,2551991361.95
2019-08-14,ASIANPAINT,,,1574.5,1575.5,1552.5,1569.7,1113095,1743713510.3
2019-08-16,ASIANPAINT,,,1571,1600.85,1561,1597.45,1682359,2663318101.75
2019-08-19,ASIANPAINT,,,1599,1609.55,1582.2,1586.45,1322246,2109173419.45
2019-08-20,ASIANPAINT,,,1585,1599.5,1582.7,1595.15,1024331,1629626744.9
2019-08-21,ASIANPAINT,,,1585.25,1595,1578.55,1589.15,704009,1118013511.2
2019-08-22,ASIANPAINT,,,1585.2,1593.9,1566.3,1570.2,985590,1553760356.05
2019-08-23,ASIANPAINT,,,1569.9,1583.35,1555.65,1580.4,984637,1545118975.25
2019-08-26,ASIANPAINT,,,1590,1600,1577.15,1597.55,1153556,1833798503.95
2019-08-27,ASIANPAINT,,,1600,1607.45,1585.5,1599.45,1581449,2526205897.3
2019-08-28,ASIANPAINT,,,1599.2,1606.75,1590.6,1603.15,565676,904439156.05
2019-08-29,ASIANPAINT,,,1602.85,1619.9,1589,1615.25,861692,1381024584.75
2019-08-30,ASIANPAINT,,,1616,1622.5,1595.1,1616.2,1181516,1899862481.85
2019-09-03,ASIANPAINT,,,1608,1609.6,1573.55,1576.75,1289263,2047794381.7
2019-09-04,ASIANPAINT,,,1579,1582.6,1527.8,1535.15,2381389,3672305903
2019-09-05,ASIANPAINT,,,1537,1545.9,1515.25,1519.75,1506173,2296019295.75
2019-09-06,ASIANPAINT,,,1524,1539.45,1519.75,1532.4,801338,1225769858.5
2019-09-09,ASIANPAINT,,,1530.55,1545,1524.2,1540.6,812836,1249763933.1
2019-09-11,ASIANPAINT,,,1545,1565,1542.65,1561.45,1541300,2402023811.45
2019-09-12,ASIANPAINT,,,1570,1570,1537.15,1540.3,753116,1167444016
2019-09-13,ASIANPAINT,,,1540,1553.15,1528,1548.2,547381,842989928.35
2019-09-16,ASIANPAINT,,,1510,1526.95,1502.1,1521.3,1811073,2740069557.75
2019-09-17,ASIANPAINT,,,1527.4,1543.3,1518.6,1530.9,1353034,2073376661.9
2019-09-18,ASIANPAINT,,,1542.15,1560.95,1535,1547.75,1057300,1638621931.5
2019-09-19,ASIANPAINT,,,1553.9,1563.5,1545,1553.9,879908,1370142792.15
2019-09-20,ASIANPAINT,,,1559,1725.25,1542.1,1671,3962166,6541884973.25
2019-09-23,ASIANPAINT,,,1697.85,1820,1697.85,1802.75,4253004,7607708109.55
2019-09-24,ASIANPAINT,,,1802.8,1802.95,1752,1765.9,2028042,3581090615.8
2019-09-25,ASIANPAINT,,,1784,1784,1728.25,1751.8,1794074,3132616079.2
2019-09-26,ASIANPAINT,,,1761.8,1780,1751.9,1770.95,1674004,2953500560.45
2019-09-27,ASIANPAINT,,,1770,1781.4,1735.35,1776.3,1115289,1959293725.4
2019-09-30,ASIANPAINT,,,1768,1770,1737.05,1762.15,1041807,1825955783.65
2019-10-01,ASIANPAINT,,,1768.95,1799.9,1757,1766.1,1317945,2342544415.95
2019-10-03,ASIANPAINT,,,1765,1768.25,1732.2,1748.95,1010826,1764649312.1
2019-10-04,ASIANPAINT,,,1753.9,1761.7,1717.1,1724.4,1231811,2145454584.55
2019-10-07,ASIANPAINT,,,1724.95,1742.95,1717.85,1725.15,562559,973407551.4
2019-10-09,ASIANPAINT,,,1725.7,1778,1725.7,1773.45,1777552,3114278347.65
2019-10-10,ASIANPAINT,,,1765,1793,1756.5,1778.6,1599166,2843395183.95
2019-10-11,ASIANPAINT,,,1787.6,1801.8,1764.05,1790.25,1442236,2574739456.1
2019-10-14,ASIANPAINT,,,1790,1806.3,1784.7,1798.7,881724,1584923056.9
2019-10-15,ASIANPAINT,,,1807.7,1825,1796,1803.1,1204392,2182298150.7
2019-10-16,ASIANPAINT,,,1808.5,1814,1756.55,1765.7,1403020,2493163098.6
2019-10-17,ASIANPAINT,,,1772,1816.65,1756,1812.3,1722055,3086333325.3
2019-10-18,ASIANPAINT,,,1815,1824.45,1786.7,1816.75,1682488,3047171233.35
2019-10-22,ASIANPAINT,,,1822.7,1825,1775,1780.2,2135313,3835813903.6
2019-10-23,ASIANPAINT,,,1762.4,1800,1762,1767.4,3369253,5987084439.25
2019-10-24,ASIANPAINT,,,1778,1794.95,1753.05,1790.5,1497854,2661637767.5
2019-10-25,ASIANPAINT,,,1797,1808.4,1785.05,1796.3,1202154,2161820478.4
2019-10-29,ASIANPAINT,,,1792.1,1820,1772.55,1814.25,1050123,1891788213.5
2019-10-30,ASIANPAINT,,,1830,1830,1804,1821.3,1133258,2059025241.35
2019-10-31,ASIANPAINT,,,1826.3,1834.8,1803.5,1809.6,1297114,2361600602.65
2019-11-01,ASIANPAINT,,,1816,1821,1762,1766.35,1527660,2716801083.85
2019-11-04,ASIANPAINT,,,1775,1790,1766.2,1785.9,821893,1462280643.65
2019-11-05,ASIANPAINT,,,1780,1797.8,1767.6,1793.85,1251974,2230948344.6
2019-11-06,ASIANPAINT,,,1789,1815,1780.6,1797.6,1136777,2049796835.05
2019-11-07,ASIANPAINT,,,1810,1830.9,1798.2,1826.95,1380635,2505212213.8
2019-11-08,ASIANPAINT,,,1826,1826.8,1790.8,1794.85,1077136,1943964124.95
2019-11-11,ASIANPAINT,,,1789.95,1793.95,1768,1773.95,860384,1526894572.85
2019-11-13,ASIANPAINT,,,1773.75,1787,1756.7,1770.45,983760,1741576489.5
2019-11-14,ASIANPAINT,,,1778,1800,1766.45,1771.85,1116800,1988563051.35
2019-11-15,ASIANPAINT,,,1780.85,1784,1756.3,1760.7,729613,1291305089.5
2019-11-18,ASIANPAINT,,,1760.7,1765.45,1734.5,1739,1273055,2218768393.55
2019-11-19,ASIANPAINT,,,1747.95,1748,1718.5,1721.35,1187377,2051962881.6
2019-11-20,ASIANPAINT,,,1729.9,1748.85,1715.45,1723.5,1374382,2375207490.25
2019-11-21,ASIANPAINT,,,1727.9,1734.85,1711,1720.35,913095,1571547945.8
2019-11-22,ASIANPAINT,,,1710,1713.95,1676,1682.75,1275334,2158137177.85
2019-11-25,ASIANPAINT,,,1684,1718,1666.15,1710.7,1320689,2231099334.3
2019-11-26,ASIANPAINT,,,1718,1728.85,1687.6,1710.3,2714721,4643433858.8
2019-11-27,ASIANPAINT,,,1714,1731,1704.6,1715.35,883771,1519018140.95
2019-11-28,ASIANPAINT,,,1718.25,1727.55,1701.75,1714.6,691147,1184737862.05
2019-11-29,ASIANPAINT,,,1715,1720.4,1677.35,1706.15,1890290,3202571030.65
2019-12-02,ASIANPAINT,,,1706.2,1742.5,1698.35,1738.25,1476972,2542067515.8
2019-12-03,ASIANPAINT,,,1740,1750.95,1725,1736.45,1374317,2387650519.75
2019-12-04,ASIANPAINT,,,1731.2,1734.4,1710.25,1720.3,853421,1469111631.25
2019-12-05,ASIANPAINT,,,1717.4,1738.15,1707,1715.85,971984,1674567540.35
2019-12-06,ASIANPAINT,,,1722.9,1747.6,1712.85,1716.65,1031777,1787493473.85
2019-12-09,ASIANPAINT,,,1725,1732.9,1711,1726.35,751290,1294384773.5
2019-12-10,ASIANPAINT,,,1726,1732,1709,1713.15,686580,1179447193.3
2019-12-11,ASIANPAINT,,,1718,1741.6,1713.25,1738.2,827804,1433675810.7
2019-12-12,ASIANPAINT,,,1740.35,1754,1728.1,1750.65,802332,1397762219.3
2019-12-13,ASIANPAINT,,,1751,1757.7,1735.55,1743.95,960033,1674305445.1
2019-12-16,ASIANPAINT,,,1744,1752,1728.05,1731.45,707437,1229295981.25
2019-12-17,ASIANPAINT,,,1735.2,1748.95,1730.25,1745.4,873024,1519513535.45
2019-12-18,ASIANPAINT,,,1749.25,1782,1733.65,1778.45,1476506,2603265852
2019-12-19,ASIANPAINT,,,1778.8,1807.8,1775.6,1803.1,2554245,4588398436
2019-12-20,ASIANPAINT,,,1804.95,1809,1795,1799.25,1419128,2554769428.1
2019-12-23,ASIANPAINT,,,1795.8,1814.6,1786.2,1807.55,659899,1186987468
2019-12-24,ASIANPAINT,,,1812,1826,1799.05,1803.45,896574,1625128352.9
2019-12-26,ASIANPAINT,,,1799.4,1819.7,1797.05,1809.6,1161570,2101513325.05
2019-12-27,ASIANPAINT,,,1811,1826,1800.6,1812.25,930468,1687790328.9
2019-12-30,ASIANPAINT,,,1810,1818.45,1798.7,1802.3,562492,1015495058.35
2019-12-31,ASIANPAINT,,,1805,1805,1781.1,1784.95,928396,1662597305.7
2020-01-01,ASIANPAINT,,,1790.2,1802.55,1783.2,1793.2,397285,712846264.85
2020-01-02,ASIANPAINT,,,1791,1799.9,1783.4,1790.65,411266,736917175.1
2020-01-03,ASIANPAINT,,,1779.8,1779.8,1747.05,1751.4,1318628,2318156816.05
2020-01-06,ASIANPAINT,,,1737.95,1738,1694,1707.15,1871804,3198688794.8
2020-01-07,ASIANPAINT,,,1711,1740.5,1711,1724.4,1033650,1787440105.5
2020-01-08,ASIANPAINT,,,1696,1736,1695,1728.8,1006057,1727117748.25
2020-01-09,ASIANPAINT,,,1763,1775,1741,1772.55,1781733,3132410683.65
2020-01-10,ASIANPAINT,,,1772,1797.3,1760,1792.55,1256612,2241507018.2
2020-01-13,ASIANPAINT,,,1799,1807.95,1794.35,1804.9,823821,1484038698.9
2020-01-14,ASIANPAINT,,,1805,1821.65,1804.8,1819.15,775629,1409023303.7
2020-01-15,ASIANPAINT,,,1817.5,1845,1810.1,1842.25,1252925,2292114308.85
2020-01-16,ASIANPAINT,,,1835.95,1848,1828.75,1835.15,1031569,1894437205.15
2020-01-17,ASIANPAINT,,,1835.6,1838.9,1815,1830.05,862204,1575058915.4
2020-01-20,ASIANPAINT,,,1838,1862.25,1833.6,1848.75,1091453,2020549413.3
2020-01-21,ASIANPAINT,,,1839.95,1842.55,1793.85,1810.75,2101561,3805838775.65
2020-01-22,ASIANPAINT,,,1815,1818.7,1766.85,1779.25,3415306,6118736746.75
2020-01-23,ASIANPAINT,,,1779,1789,1757.1,1776.1,1885275,3335210411.65
2020-01-24,ASIANPAINT,,,1783.65,1799.9,1780.25,1786.8,1195596,2141728953.65
2020-01-27,ASIANPAINT,,,1787,1805.75,1780,1788.35,969054,1737752480.8
2020-01-28,ASIANPAINT,,,1794,1794,1773,1779.1,873291,1554522884.6
2020-01-29,ASIANPAINT,,,1787,1803.85,1781,1796.95,873805,1568267257.5
2020-01-30,ASIANPAINT,,,1800,1808.9,1786,1805,1005975,1806986275.8
2020-01-31,ASIANPAINT,,,1810,1824,1788.7,1795.65,1169614,2114917428.7
2020-02-03,ASIANPAINT,,,1768.8,1872.9,1765,1867.65,2854532,5230126639.85
2020-02-04,ASIANPAINT,,,1870,1896.75,1855.05,1891.3,1830049,3436113182.95
2020-02-05,ASIANPAINT,,,1889,1890,1866.15,1873.5,1344016,2521669515.75
2020-02-06,ASIANPAINT,,,1878,1882.4,1845,1856.8,995386,1855288642.1
2020-02-07,ASIANPAINT,,,1856.8,1876.5,1850.6,1858.7,632858,1178874027.8
2020-02-10,ASIANPAINT,,,1867,1872.75,1837.2,1869.5,747711,1390658492.85
2020-02-11,ASIANPAINT,,,1880,1894.5,1872.75,1878.1,1093021,2058575028.65
2020-02-12,ASIANPAINT,,,1880,1916.7,1878.2,1893.7,1616826,3074317246.95
2020-02-13,ASIANPAINT,,,1889,1901.95,1868.05,1874.05,638878,1200140825.05
2020-02-14,ASIANPAINT,,,1876.5,1899.65,1870,1877.05,771464,1453971747.05
2020-02-17,ASIANPAINT,,,1879.9,1893.5,1870.6,1881.4,676579,1274689448.65
2020-02-18,ASIANPAINT,,,1879.9,1879.9,1861,1863.65,683421,1275360982.6
2020-02-19,ASIANPAINT,,,1870.1,1892.75,1851.35,1884.9,723351,1352302765.15
2020-02-20,ASIANPAINT,,,1883,1886,1839.05,1842.25,1401879,2603230827.45
2020-02-24,ASIANPAINT,,,1845.25,1853,1814,1818.95,1310832,2403233356.7
2020-02-25,ASIANPAINT,,,1838.4,1843.55,1820.2,1826.1,897257,1643488476.05
2020-02-26,ASIANPAINT,,,1826,1845,1820,1826.65,1909619,3499430672.2
2020-02-27,ASIANPAINT,,,1829.85,1852,1810.45,1843.8,1643273,3007218467.15
2020-02-28,ASIANPAINT,,,1820,1842.1,1783.15,1797.95,2964119,5352586443.95
2020-03-02,ASIANPAINT,,,1815.1,1837.45,1769.25,1786.8,1219296,2211444937.2
2020-03-03,ASIANPAINT,,,1780.05,1818,1767,1800.55,1392463,2504502817.65
2020-03-04,ASIANPAINT,,,1804.05,1857.45,1804.05,1847.95,3050469,5618222983.85
2020-03-05,ASIANPAINT,,,1854,1882,1852.1,1874.45,2062439,3859666392.8
2020-03-06,ASIANPAINT,,,1840,1884.4,1835,1877.45,1393659,2603485184.4
2020-03-09,ASIANPAINT,,,1888,1915.9,1848,1867.15,3420762,6406788079.45
2020-03-11,ASIANPAINT,,,1874.95,1905,1851.5,1882.85,3194206,6001364037.2
2020-03-12,ASIANPAINT,,,1864.95,1874.8,1815,1843.35,6254349,11521562913.2
2020-03-13,ASIANPAINT,,,1785,1843.75,1669.85,1797.7,3878660,6889832169.5
2020-03-16,ASIANPAINT,,,1777,1777,1678.15,1683.4,2867373,4945148921.9
2020-03-17,ASIANPAINT,,,1699,1779.8,1670,1731.6,2643191,4600229501.4
2020-03-18,ASIANPAINT,,,1732,1758.55,1608,1618.2,3677445,6084935234.95
2020-03-19,ASIANPAINT,,,1540,1653.95,1431.2,1601.2,4906647,7534853574.4
2020-03-20,ASIANPAINT,,,1610,1757.4,1570.55,1742.95,3128644,5256665627.6
2020-03-23,ASIANPAINT,,,1578.6,1650,1490.75,1498.45,2155326,3346053532.55
2020-03-24,ASIANPAINT,,,1556.55,1598,1453.25,1524.85,3911847,6008584206.75
2020-03-25,ASIANPAINT,,,1446.55,1605.35,1446,1593.15,2196424,3386991100.45
2020-03-26,ASIANPAINT,,,1605,1650,1574,1616.95,2622119,4225192939.45
2020-03-27,ASIANPAINT,,,1664.8,1665.25,1550.2,1604.15,2102479,3373172975.1
2020-03-30,ASIANPAINT,,,1591.15,1619.5,1559.05,1594.95,1844011,2944229357.75
2020-03-31,ASIANPAINT,,,1625,1690,1601.8,1666.5,2789179,4637008477.4
2020-04-01,ASIANPAINT,,,1650.05,1655,1584.25,1603.2,1559456,2513258286.8
2020-04-03,ASIANPAINT,,,1615.1,1616,1517.25,1520.9,2925847,4494204301.45
2020-04-07,ASIANPAINT,,,1540,1635,1538,1623.8,2733614,4367787113.1
2020-04-08,ASIANPAINT,,,1623.8,1687.8,1600,1608.95,2382216,3911658954.15
2020-04-09,ASIANPAINT,,,1640,1678.9,1618.95,1651.35,1489546,2462771944.15
2020-04-13,ASIANPAINT,,,1646,1703.65,1602.85,1680.85,2586216,4271342073.75
2020-04-15,ASIANPAINT,,,1703.65,1736.75,1683.8,1718.2,2508280,4308753478.45
2020-04-16,ASIANPAINT,,,1691,1752.3,1684.75,1743.1,1821296,3157710101.3
2020-04-17,ASIANPAINT,,,1763,1783.7,1727.1,1756.25,1398782,2448815834.25
2020-04-20,ASIANPAINT,,,1758.25,1758.65,1705.65,1730.45,1431055,2473613926.15
2020-04-21,ASIANPAINT,,,1710,1753.95,1700,1726,1594930,2766584236.65
2020-04-22,ASIANPAINT,,,1717.1,1822,1712.25,1813,3727806,6681826891.45
2020-04-23,ASIANPAINT,,,1807,1845.4,1801.05,1821.65,2573566,4708089469.85
2020-04-24,ASIANPAINT,,,1815.05,1842.8,1814,1827.55,2744934,5023085163.5
2020-04-27,ASIANPAINT,,,1840,1859.8,1818.1,1851.35,1770892,3259884040.3
2020-04-28,ASIANPAINT,,,1847.2,1864,1806.3,1824.4,1934920,3526966215.85
2020-04-29,ASIANPAINT,,,1846.9,1847,1755.9,1767.5,2931170,5247915313.7
2020-04-30,ASIANPAINT,,,1795,1797,1741,1758.7,2926355,5150751402.45
2020-05-04,ASIANPAINT,,,1718,1751,1671.5,1676.8,2942445,5025312925.6
2020-05-05,ASIANPAINT,,,1681,1692.9,1578.25,1619.15,5867979,9492265104.15
2020-05-06,ASIANPAINT,,,1615,1638.7,1577,1610.65,3937921,6343069965.25
2020-05-07,ASIANPAINT,,,1609.95,1628.7,1545.2,1594.3,5256263,8292382691.35
2020-05-08,ASIANPAINT,,,1611.8,1638,1570,1578.4,5644457,9011042147.7
2020-05-11,ASIANPAINT,,,1583,1599,1555,1569.6,3767769,5930384190.55
2020-05-12,ASIANPAINT,,,1539,1543.75,1512,1523.35,4504103,6866303712.55
2020-05-13,ASIANPAINT,,,1579.8,1579.8,1533.35,1563.3,2940518,4585838801.75
2020-05-14,ASIANPAINT,,,1553.3,1557.6,1517,1522.4,2592411,3959383649.45
2020-05-15,ASIANPAINT,,,1529,1560,1510,1552.95,2860615,4388306083.1
2020-05-18,ASIANPAINT,,,1558,1558.55,1498.1,1501.1,2871937,4343866641.65
2020-05-19,ASIANPAINT,,,1510,1516.95,1482.95,1503.95,3164137,4750748443.65
2020-05-20,ASIANPAINT,,,1503.95,1514,1492.65,1500.05,2057409,3089633801.35
2020-05-21,ASIANPAINT,,,1503,1583.5,1501,1574.3,3846059,5957344111.95
2020-05-22,ASIANPAINT,,,1568.8,1625,1555.4,1617.9,5203737,8344441605.05
2020-05-26,ASIANPAINT,,,1625,1656.95,1620,1629.85,3552863,5822182894.1
2020-05-27,ASIANPAINT,,,1631,1636.85,1595.95,1619.45,2260057,3653983298.95
2020-05-28,ASIANPAINT,,,1622,1656.95,1615.25,1643.6,3138920,5155460140.15
2020-05-29,ASIANPAINT,,,1639,1699,1633.1,1683.1,3533009,5903021959.2
2020-06-01,ASIANPAINT,,,1706.5,1711.9,1681.5,1693.25,2529270,4285354677.95
2020-06-02,ASIANPAINT,,,1693.25,1733,1680,1709.3,2440602,4185769379.95
2020-06-03,ASIANPAINT,,,1724,1744,1705.85,1716.55,3088907,5314701625.35
2020-06-04,ASIANPAINT,,,1716.45,1719.6,1627,1633.75,4388932,7270019712.65
2020-06-05,ASIANPAINT,,,1650,1659.35,1621,1638.55,2884206,4723154108.6
2020-06-08,ASIANPAINT,,,1657,1666,1629,1634.25,2046545,3370163898
2020-06-09,ASIANPAINT,,,1640,1695,1636.75,1642.05,3671965,6130517886.45
2020-06-10,ASIANPAINT,,,1648,1675.1,1627.9,1635.95,2069326,3406213947.7
2020-06-11,ASIANPAINT,,,1635.95,1646,1607,1610.6,1888436,3064940120.8
2020-06-12,ASIANPAINT,,,1580,1642.95,1577.5,1637.35,2391556,3857776296.35
2020-06-15,ASIANPAINT,,,1629,1650.65,1602.1,1618.2,1681190,2724656459.55
2020-06-16,ASIANPAINT,,,1639,1640.25,1607.65,1621.7,1497691,2429293092.7
2020-06-17,ASIANPAINT,,,1607.55,1622.65,1590.4,1595.4,1812882,2913349374.95
2020-06-18,ASIANPAINT,,,1595.4,1612.2,1587.3,1597.8,1417293,2265086378.1
2020-06-19,ASIANPAINT,,,1597.8,1630,1591.05,1622.5,2714342,4384458009.8
2020-06-22,ASIANPAINT,,,1633,1673.5,1624,1652.15,2034762,3357455044.5
2020-06-23,ASIANPAINT,,,1659.85,1689,1641,1683.9,2335063,3902504111.55
2020-06-24,ASIANPAINT,,,1684,1813.75,1684,1747.25,11545936,20413977025.95
2020-06-25,ASIANPAINT,,,1740,1747,1683.15,1689,4054986,6935185698.15
2020-06-26,ASIANPAINT,,,1710,1710.35,1670.7,1686.75,2130096,3592037427.55
2020-06-29,ASIANPAINT,,,1687,1708.45,1674.05,1691.95,2753482,4650536117.5
2020-06-30,ASIANPAINT,,,1708.9,1718,1681.65,1687.45,1960731,3323782713.4
2020-07-01,ASIANPAINT,,,1698,1698,1680.05,1688,1661301,2805818190.3
2020-07-02,ASIANPAINT,,,1700,1704,1660.1,1686.45,2038399,3427829697.45
2020-07-03,ASIANPAINT,,,1695.4,1720,1690,1695.65,1988941,3386779496.65
2020-07-06,ASIANPAINT,,,1708.95,1712,1692.15,1708.85,1236745,2107637025.05
2020-07-07,ASIANPAINT,,,1708.95,1749.9,1705.85,1745.75,2983383,5179612175.2
2020-07-08,ASIANPAINT,,,1750,1761.8,1680.05,1686.25,2725947,4668655187.5
2020-07-09,ASIANPAINT,,,1694,1722,1692.1,1717.25,1904670,3252661393.55
2020-07-10,ASIANPAINT,,,1707.95,1711,1695.2,1703.5,1156048,1968139427.35
2020-07-13,ASIANPAINT,,,1708,1732.9,1700,1705.65,1289791,2213649824
2020-07-14,ASIANPAINT,,,1705.65,1718,1682.1,1688.4,1347140,2284814263.75
2020-07-15,ASIANPAINT,,,1700,1713.6,1663.3,1671.65,1611411,2711791833.25
2020-07-16,ASIANPAINT,,,1679.8,1697.1,1645.1,1693.2,1442725,2413397703.35
2020-07-17,ASIANPAINT,,,1695,1742.5,1689.75,1717.9,2308827,3974250423.5
2020-07-20,ASIANPAINT,,,1727,1757.35,1720.25,1751.6,1848600,3213805540.6
2020-07-21,ASIANPAINT,,,1761,1771.75,1719,1724.25,2088527,3639054843.8
2020-07-22,ASIANPAINT,,,1724.25,1736.4,1691,1695.75,1300414,2222221080.9
2020-07-23,ASIANPAINT,,,1690,1740,1687,1727.8,2375218,4108084143.7
2020-07-24,ASIANPAINT,,,1724,1727,1682,1712.05,3971575,6762518097.9
2020-07-27,ASIANPAINT,,,1717.2,1788,1717.2,1778.15,6470525,11392844183.85
2020-07-28,ASIANPAINT,,,1779,1792.65,1751.05,1759.65,2534098,4481653941.55
2020-07-29,ASIANPAINT,,,1770,1779.9,1730,1740.15,1531031,2685611531.95
2020-07-30,ASIANPAINT,,,1752,1778,1728.1,1743.35,2113984,3714182622.8
2020-07-31,ASIANPAINT,,,1754,1770.9,1710.4,1715.5,1678643,2922735772.3
2020-08-03,ASIANPAINT,,,1729,1735,1697.5,1705.5,1437475,2459717597.25
2020-08-04,ASIANPAINT,,,1719,1735,1708.55,1713.95,1815427,3126636553.4
2020-08-05,ASIANPAINT,,,1718,1741.95,1712.5,1716.3,1416804,2446071871.6
2020-08-06,ASIANPAINT,,,1732.05,1752.1,1720.1,1727.55,1914542,3323180928.45
2020-08-07,ASIANPAINT,,,1727.55,1816.9,1725.7,1806.25,5166090,9217300845.6
2020-08-10,ASIANPAINT,,,1810,1824.3,1777,1782.35,1892637,3390492622.45
2020-08-11,ASIANPAINT,,,1800,1837.8,1780,1789.55,3039964,5506537516.95
2020-08-12,ASIANPAINT,,,1789.95,1806,1772,1797.25,1679098,3008091097.9
2020-08-13,ASIANPAINT,,,1806.4,1815,1788,1802.55,1192385,2150699797.8
2020-08-14,ASIANPAINT,,,1818.7,1830,1795.5,1802.55,1868406,3392572951.8
2020-08-17,ASIANPAINT,,,1820,1842.5,1801.85,1836.7,1634206,2982476523.85
2020-08-18,ASIANPAINT,,,1831,1884,1831,1874.1,2586321,4813941672.05
2020-08-19,ASIANPAINT,,,1890,1902.4,1872.55,1885.7,1947114,3678983250.7
2020-08-20,ASIANPAINT,,,1867.95,1880,1857.05,1874.9,1538979,2874143631.35
2020-08-21,ASIANPAINT,,,1887.9,1973.25,1880.75,1958,5688305,11002261201.3
2020-08-24,ASIANPAINT,,,1958,1996,1940,1962.15,3996333,7862961859.65
2020-08-25,ASIANPAINT,,,1964.25,2016.85,1964,2000.6,3544554,7052209208.45
2020-08-26,ASIANPAINT,,,2000.95,2009,1955.5,1971.4,2245860,4428320982.3
2020-08-27,ASIANPAINT,,,1980.9,2009,1970.05,1982.5,3116307,6196875781.65
2020-08-28,ASIANPAINT,,,1994,1997,1953.3,1958.1,1842553,3619878280.1
2020-08-31,ASIANPAINT,,,1977,1983.9,1881.25,1899.1,2738546,5270796403.45
2020-09-01,ASIANPAINT,,,1925,1988,1907.75,1979.3,3068584,6014418385.25
2020-09-02,ASIANPAINT,,,1977.95,1997,1925,1943.95,2569603,5016689171.55
2020-09-03,ASIANPAINT,,,1950.2,1987.85,1945,1978,1931667,3808112647.95
2020-09-04,ASIANPAINT,,,1958,1993.7,1951,1956.35,1930422,3798995024.85
2020-09-07,ASIANPAINT,,,1965,2003.65,1948.1,1982.1,2855493,5655609672.8
2020-09-08,ASIANPAINT,,,1987.5,2001.95,1952,1960.35,2401054,4761058800.1
2020-09-09,ASIANPAINT,,,1960.35,1993.9,1958,1979.05,2776804,5490717417.8
2020-09-10,ASIANPAINT,,,1985.05,2069.7,1981,2056.55,5081254,10297042470.6
2020-09-11,ASIANPAINT,,,2063,2069.95,2022,2035.95,2599525,5297136069.45
2020-09-14,ASIANPAINT,,,2050,2054,2005,2031.2,2142458,4336210408.25
2020-09-15,ASIANPAINT,,,2045,2049.55,2009.05,2017.55,1997410,4040470762.95
2020-09-16,ASIANPAINT,,,2027,2027,1994.15,2012.1,1717740,3445037499.05
2020-09-17,ASIANPAINT,,,2000,2045,2000,2007.95,2416941,4893949544.45
2020-09-18,ASIANPAINT,,,2026.3,2044.35,2015,2028.4,3021436,6130583275.5
2020-09-21,ASIANPAINT,,,2036.4,2057,1962.3,1972.55,2518364,5065843149.2
2020-09-22,ASIANPAINT,,,1990.2,1995.7,1926.35,1937.5,1974860,3851625633.2
2020-09-23,ASIANPAINT,,,1940,1990,1928.3,1946.55,2732964,5353615584.85
2020-09-24,ASIANPAINT,,,1941.55,1945,1907.75,1918.35,1906183,3669874608.1
2020-09-25,ASIANPAINT,,,1925.25,1955,1908,1925.6,1939344,3743410933.85
2020-09-28,ASIANPAINT,,,1938,1958,1930,1945.6,1137313,2211237370.8
2020-09-29,ASIANPAINT,,,1960,1989.95,1954,1959.95,1965398,3870643352.15
2020-09-30,ASIANPAINT,,,1966.1,2004,1958.15,1986.4,2518983,5003551373.35
2020-10-01,ASIANPAINT,,,2007,2049.35,1992.05,2040.45,2014304,4069802686.3
2020-10-05,ASIANPAINT,,,2040.45,2042.7,2011,2028,1554873,3148652916.4
2020-10-06,ASIANPAINT,,,2050,2097.9,2045.1,2090,3152388,6551843682.95
2020-10-07,ASIANPAINT,,,2080,2118.8,2073.95,2105,2429595,5112223744.6
2020-10-08,ASIANPAINT,,,2104.5,2107.95,2072.05,2088.65,1427500,2979471754.8
2020-10-09,ASIANPAINT,,,2094,2108.9,2045.15,2050.6,1636939,3373931694.3
2020-10-12,ASIANPAINT,,,2067.9,2086.45,2041.25,2077.85,2182836,4523478098.65
2020-10-13,ASIANPAINT,,,2077,2114,2054.05,2064.65,2619253,5448013217.3
2020-10-14,ASIANPAINT,,,2070,2085.5,2055,2071.35,1530567,3166494925.6
2020-10-15,ASIANPAINT,,,2070,2124,2066.05,2090.45,4001883,8399324894.15
2020-10-16,ASIANPAINT,,,2089.95,2090,2055.55,2061.2,2017718,4176034531.65
2020-10-19,ASIANPAINT,,,2079.95,2079.95,2056.5,2070.1,1338404,2767669147.95
2020-10-20,ASIANPAINT,,,2077.9,2131.8,2067.35,2118.5,2377723,4989175769.35
2020-10-21,ASIANPAINT,,,2130,2143.85,2081.25,2114.3,2895442,6133983498.45
2020-10-22,ASIANPAINT,,,2114.2,2116.85,2076.8,2099.9,2755693,5767233306.45
2020-10-23,ASIANPAINT,,,2113.5,2129.4,2096,2120.25,3070722,6498328623.95
2020-10-26,ASIANPAINT,,,2116.35,2116.35,2070.05,2080.45,1278236,2666244728.55
2020-10-27,ASIANPAINT,,,2085,2207.35,2085,2197.8,4964904,10766748199.25
2020-10-28,ASIANPAINT,,,2199.8,2218.55,2150.15,2159.55,3166049,6899372989.95
2020-10-29,ASIANPAINT,,,2162,2233.25,2161.1,2225.45,4795796,10588529663.95
2020-10-30,ASIANPAINT,,,2210.1,2242.85,2195.5,2211.5,3006197,6663869711.35
2020-11-02,ASIANPAINT,,,2198,2225.9,2166.1,2172.85,1772571,3867058021.05
2020-11-03,ASIANPAINT,,,2193.9,2193.9,2146.75,2154.65,1781465,3860860898.25
2020-11-04,ASIANPAINT,,,2160,2213.85,2156,2169.45,2189957,4786295029.05
2020-11-05,ASIANPAINT,,,2190,2245.7,2183.65,2238.3,2671841,5930532113.55
2020-11-06,ASIANPAINT,,,2233.95,2248,2202.5,2209.05,2395965,5320973963.45
2020-11-09,ASIANPAINT,,,2249,2249,2214.15,2225.2,1691773,3767818058
2020-11-10,ASIANPAINT,,,2225.2,2238.55,2189,2199.75,1879561,4152004568.8
2020-11-11,ASIANPAINT,,,2205,2223,2157.3,2181.7,2387398,5203710019.5
2020-11-12,ASIANPAINT,,,2172,2201.75,2162,2171.8,1626054,3542743454.85
2020-11-13,ASIANPAINT,,,2180.5,2206.55,2172,2179.95,1560060,3415142633.8
2020-11-17,ASIANPAINT,,,2206.4,2221.9,2182,2187.65,1699293,3735709086.55
2020-11-18,ASIANPAINT,,,2185,2210,2166.1,2195.75,1817170,3986603737.45
2020-11-19,ASIANPAINT,,,2175,2195,2156.7,2161.7,2669522,5792247626.1
2020-11-20,ASIANPAINT,,,2163.35,2190.05,2160.55,2166.55,2196113,4775431426.95
2020-11-23,ASIANPAINT,,,2160.55,2196.95,2138.8,2186.25,4002609,8638444909.6
2020-11-24,ASIANPAINT,,,2192.9,2231,2191,2207.9,2954306,6545111994.7
2020-11-25,ASIANPAINT,,,2197.25,2208.7,2150,2154.3,1682365,3654528459.2
2020-11-26,ASIANPAINT,,,2160,2177.45,2117.15,2155.3,2247478,4809391902.6
2020-11-27,ASIANPAINT,,,2170,2244.6,2165,2215.3,10036402,22166501519.45
2020-12-01,ASIANPAINT,,,2275,2275,2206.2,2230.05,2235498,4987977027.9
2020-12-02,ASIANPAINT,,,2241,2325.95,2236,2315.85,3305952,7568697101.45
2020-12-03,ASIANPAINT,,,2340,2421.85,2316.25,2411.4,4334658,10298620541.45
2020-12-04,ASIANPAINT,,,2400,2445,2375,2438.75,2789953,6727247245
2020-12-07,ASIANPAINT,,,2440,2478.8,2437,2472.55,1762501,4334639701.5
2020-12-08,ASIANPAINT,,,2470.55,2484.2,2427.95,2438.9,2090950,5124020649.95
2020-12-09,ASIANPAINT,,,2450,2532.1,2447,2522.3,2022370,5030914337
2020-12-10,ASIANPAINT,,,2515.95,2552,2501,2526.05,2372909,5991012482.35
2020-12-11,ASIANPAINT,,,2516,2536.9,2495,2520.95,2171653,5456082720.15
2020-12-14,ASIANPAINT,,,2530,2553.9,2521,2548.15,1280339,3250751660.35
2020-12-15,ASIANPAINT,,,2535,2538.6,2502.5,2527.45,1283286,3241537024.75
2020-12-16,ASIANPAINT,,,2540,2587.9,2537.6,2582.45,1920875,4936495785.4
2020-12-17,ASIANPAINT,,,2569,2603.35,2557,2575.05,1750663,4511277273.2
2020-12-18,ASIANPAINT,,,2577,2636,2575.55,2601.5,4402604,11456634032
2020-12-21,ASIANPAINT,,,2595.45,2602.3,2539.1,2554.65,1383048,3559921964.9
2020-12-22,ASIANPAINT,,,2541,2613.6,2496.2,2600.8,1993090,5083524273.6
2020-12-23,ASIANPAINT,,,2604,2650,2604,2642.55,1339307,3515538871.55
2020-12-24,ASIANPAINT,,,2658,2658,2613,2648.25,1143202,3011011809.85
2020-12-28,ASIANPAINT,,,2654.25,2689.5,2629.55,2683.9,1226254,3261565297
2020-12-29,ASIANPAINT,,,2685,2712.45,2673,2696.8,1562853,4211683836.15
2020-12-30,ASIANPAINT,,,2694,2742.85,2680.35,2734.4,1614643,4385443402
2020-12-31,ASIANPAINT,,,2734.4,2772,2725.05,2764.5,1526325,4195433637.8
2021-01-01,ASIANPAINT,,,2759,2792,2750,2775.55,1246698,3459074594.4
2021-01-04,ASIANPAINT,,,2781.1,2791.1,2745,2753.7,1360486,3756568334.5
2021-01-05,ASIANPAINT,,,2753.7,2804.6,2732,2793.85,1299589,3596939393.6
2021-01-06,ASIANPAINT,,,2801.3,2822.45,2780,2805.35,1697884,4746117446.7
2021-01-07,ASIANPAINT,,,2801,2831.85,2781.5,2792.25,1142806,3212648014.25
2021-01-08,ASIANPAINT,,,2818,2849.8,2789.05,2844.7,1660967,4676817167.5
2021-01-11,ASIANPAINT,,,2845,2873.45,2824.6,2849.3,1517995,4323607757.75
2021-01-12,ASIANPAINT,,,2849.6,2850,2712.15,2720.55,6674890,18308584116
2021-01-13,ASIANPAINT,,,2760,2763,2678,2703.7,2862676,7758830162.25
2021-01-14,ASIANPAINT,,,2713,2736.65,2648,2663.9,2124950,5667305762.3
2021-01-15,ASIANPAINT,,,2660.9,2661.85,2580.55,2590.9,2570436,6722526251.75
2021-01-18,ASIANPAINT,,,2592,2619.85,2555.4,2588.2,2395168,6179776750.55
2021-01-19,ASIANPAINT,,,2615,2676.6,2590,2645.05,2558693,6749370607.25
2021-01-20,ASIANPAINT,,,2654,2707.15,2645.05,2697.25,2065439,5545842806.45
2021-01-21,ASIANPAINT,,,2726.95,2816.95,2695,2716.35,5015712,13766880686.55
2021-01-22,ASIANPAINT,,,2750,2768.85,2590,2596.65,4945564,13230701298.45
2021-01-25,ASIANPAINT,,,2612.85,2631.5,2501,2513.95,3520087,8945378389.45
2021-01-27,ASIANPAINT,,,2525,2525,2430.55,2436.6,2700415,6652370640.35
2021-01-28,ASIANPAINT,,,2420,2453.95,2401.05,2441.7,3035457,7362431076.85
2021-01-29,ASIANPAINT,,,2456,2484,2400,2407.35,2768673,6757159129.8
2021-02-01,ASIANPAINT,,,2426.6,2467.75,2376.9,2447.8,1797359,4341088630.85
2021-02-02,ASIANPAINT,,,2460,2520,2425.1,2463.65,2679428,6618128249.8
2021-02-03,ASIANPAINT,,,2503.85,2503.85,2438.35,2453.65,2409356,5938195517.3
2021-02-04,ASIANPAINT,,,2456,2456,2398,2401.8,3478562,8388020272.1
2021-02-05,ASIANPAINT,,,2420,2423.9,2370.8,2376.75,3303319,7884848894.75
2021-02-08,ASIANPAINT,,,2394,2434.9,2373.4,2416.85,3666313,8830996569.55
2021-02-09,ASIANPAINT,,,2432.5,2532.45,2423.65,2506.85,7178572,17932805677.75
2021-02-10,ASIANPAINT,,,2529,2555,2475,2510.6,4473123,11230851110.85
2021-02-11,ASIANPAINT,,,2524.95,2540,2495.1,2505.5,1446286,3632677617
2021-02-12,ASIANPAINT,,,2518,2523,2464.2,2486.1,1376085,3428888505.7
2021-02-15,ASIANPAINT,,,2495,2517.5,2448.55,2456.75,1634576,4055939411.8
2021-02-16,ASIANPAINT,,,2472,2475.1,2422,2450.25,1615849,3946730311.55
2021-02-17,ASIANPAINT,,,2436,2455.05,2382,2388.15,3178784,7643924159.85
2021-02-18,ASIANPAINT,,,2424,2479.6,2395.25,2470.75,4253843,10419860315.05
2021-02-19,ASIANPAINT,,,2470.9,2470.9,2400,2416.45,2244567,5446984959.65
2021-02-22,ASIANPAINT,,,2428.75,2448,2380,2387.05,2002642,4838083885.35
2021-02-23,ASIANPAINT,,,2375,2400,2315,2372.2,3267268,7684898465.35
2021-02-24,ASIANPAINT,,,2373,2409.35,2347.2,2361.35,1708526,4052246413.4
2021-02-25,ASIANPAINT,,,2375,2386.25,2336.2,2373.75,2839515,6696248242.4
2021-02-26,ASIANPAINT,,,2338.05,2360,2260,2277.2,3933813,9070547872.7
2021-03-01,ASIANPAINT,,,2300,2369.9,2300,2362.3,2545806,5951117727.05
2021-03-02,ASIANPAINT,,,2386,2402.55,2359,2390.4,2033586,4845215635.45
2021-03-03,ASIANPAINT,,,2406,2417.7,2375.8,2402.1,1591567,3809037820.25
2021-03-04,ASIANPAINT,,,2380,2435,2350,2417.1,2149984,5183797241
2021-03-05,ASIANPAINT,,,2399,2423.9,2377.1,2387.1,1953642,4685374414.55
2021-03-08,ASIANPAINT,,,2383,2413.5,2360.05,2382.7,1593838,3802454375.55
2021-03-09,ASIANPAINT,,,2400,2444,2396.15,2422.7,1800442,4363242349.8
2021-03-10,ASIANPAINT,,,2446,2446,2415.55,2431.95,1056102,2568472088.6
2021-03-12,ASIANPAINT,,,2442.8,2464.65,2397,2401.35,1279203,3106306661.75
2021-03-15,ASIANPAINT,,,2402.55,2427.55,2343.05,2355,1524455,3608442444.65
2021-03-16,ASIANPAINT,,,2379.2,2480,2375.35,2468.6,4230564,10332221370.3
2021-03-17,ASIANPAINT,,,2460,2460,2411.1,2422.95,1623187,3940408629.95
2021-03-18,ASIANPAINT,,,2468.85,2468.85,2390,2404.55,1851739,4481446307.3
2021-03-19,ASIANPAINT,,,2393,2434,2355.35,2411.25,3738079,8997812978.8
2021-03-22,ASIANPAINT,,,2390,2438.1,2390,2425.7,1489853,3605260435.55
2021-03-23,ASIANPAINT,,,2430,2433.95,2398.2,2410.3,1745466,4208590890.6
2021-03-24,ASIANPAINT,,,2410.3,2470,2410,2443.55,4132092,10128286841.2
2021-03-25,ASIANPAINT,,,2450.95,2469,2392,2402.2,2272545,5519665903.9
2021-03-26,ASIANPAINT,,,2425,2513.95,2409.1,2505.15,3084607,7655376385.65
2021-03-30,ASIANPAINT,,,2539.1,2583.45,2521.5,2578.05,2333410,5972357192.3
2021-03-31,ASIANPAINT,,,2578.05,2582.95,2531,2537.4,1616044,4126203985.35
2021-04-01,ASIANPAINT,,,2532,2564.55,2532,2551.75,1219588,3109711122
2021-04-05,ASIANPAINT,,,2558,2558,2484.5,2510.65,1268939,3184919119.35
2021-04-06,ASIANPAINT,,,2526,2620,2504.5,2611.6,3372846,8721612490.5
2021-04-07,ASIANPAINT,,,2605,2668.05,2600.1,2628.6,1937977,5124871995
2021-04-08,ASIANPAINT,,,2630,2658.4,2628,2650.65,897483,2376398265.7
2021-04-09,ASIANPAINT,,,2635,2655,2610.15,2630.8,1185017,3112683743.85
2021-04-12,ASIANPAINT,,,2578.2,2610,2555,2602.2,1427691,3694330762.55
2021-04-13,ASIANPAINT,,,2600,2626,2564.3,2570.7,1200230,3105153771.85
2021-04-15,ASIANPAINT,,,2590,2593.55,2537,2587.7,1209829,3107440016.15
2021-04-16,ASIANPAINT,,,2587.6,2693.5,2581.7,2663.7,2760777,7349145879.05
2021-04-19,ASIANPAINT,,,2650,2650,2566.85,2571.9,1552036,4020617648.5
2021-04-20,ASIANPAINT,,,2600,2604.7,2528.8,2553.65,1489287,3819647272.3
2021-04-22,ASIANPAINT,,,2555.65,2557,2488,2511.25,1690758,4243816466.05
2021-04-23,ASIANPAINT,,,2527.1,2565,2496.2,2517.95,1614593,4074399949.45
2021-04-26,ASIANPAINT,,,2530,2575,2530,2557.9,1103980,2823399610.85
2021-04-27,ASIANPAINT,,,2545,2579.9,2534,2574.35,866331,2218287556.55
2021-04-28,ASIANPAINT,,,2588,2620.25,2575,2614.55,1065561,2776751915.1
2021-04-29,ASIANPAINT,,,2630,2642,2570,2613.45,1295346,3377394306.1
2021-04-30,ASIANPAINT,,,2595,2605.8,2524.05,2536.4,1384907,3543511862.45
2021-05-03,ASIANPAINT,,,2510,2595.1,2505.6,2582.15,1034774,2647609978.2
2021-05-04,ASIANPAINT,,,2605,2617.95,2571.55,2587.15,1058140,2744545273.05
2021-05-05,ASIANPAINT,,,2617,2617,2546.1,2567.65,1220186,3142874058.15
2021-05-06,ASIANPAINT,,,2579.85,2581.85,2528,2549.05,1518119,3864407772.85
2021-05-07,ASIANPAINT,,,2555,2590,2541.5,2551.65,1416102,3629315843.9
2021-05-10,ASIANPAINT,,,2589,2589,2542.15,2556.95,1526814,3913374582.4
2021-05-11,ASIANPAINT,,,2533,2562,2521.3,2556.25,1168363,2973062779.8
2021-05-12,ASIANPAINT,,,2577,2588.95,2530,2556.2,2085630,5353691593.25
2021-05-14,ASIANPAINT,,,2620,2835.25,2601.55,2774.5,10543708,29178776832.2
2021-05-17,ASIANPAINT,,,2782,2824.2,2747.55,2782.75,2134352,5947812068.4
2021-05-18,ASIANPAINT,,,2797,2845,2789,2821.8,1328605,3739177174.55
2021-05-19,ASIANPAINT,,,2805.15,2849,2798.65,2815.85,1219067,3440732093.9
2021-05-20,ASIANPAINT,,,2814,2845,2778.5,2794.1,1211975,3407871552
2021-05-21,ASIANPAINT,,,2807,2854,2795,2832.5,1328308,3757194076.15
2021-05-24,ASIANPAINT,,,2846,2849,2808.2,2819.2,813091,2293559297.2
2021-05-25,ASIANPAINT,,,2836.9,2922.65,2822.75,2914.4,2730112,7913428013.2
2021-05-26,ASIANPAINT,,,2939.85,2947.9,2910.4,2941.6,1250531,3669459803.6
2021-05-27,ASIANPAINT,,,2950,2965,2902.25,2949.35,2415085,7100312827.05
2021-05-28,ASIANPAINT,,,2958.15,2963.8,2931.15,2940.7,711383,2095879007.05
2021-05-31,ASIANPAINT,,,2938,2989.95,2936.1,2977.5,2093635,6226120142.2
2021-06-01,ASIANPAINT,,,2965,2982.6,2915.1,2931,1194073,3525392391.75
2021-06-02,ASIANPAINT,,,2918.85,2933.75,2877.15,2903.7,2067842,6001222672.15
2021-06-03,ASIANPAINT,,,2919.6,2942,2904.05,2935.35,1404434,4102642761.4
2021-06-04,ASIANPAINT,,,2953,2990,2908,2924.9,1509084,4444572736.8
2021-06-07,ASIANPAINT,,,2930,2941,2903.95,2933.1,802415,2343455468.55
2021-06-08,ASIANPAINT,,,2928,2944.25,2907.5,2926.25,762931,2229321176.35
2021-06-09,ASIANPAINT,,,2930.8,2965,2919.6,2943.55,1340352,3948804440.1
2021-06-10,ASIANPAINT,,,2945,2959.3,2920.65,2950.6,1344559,3953834253.05
2021-06-11,ASIANPAINT,,,2960,2971.6,2938.6,2956.25,878445,2594573062.55
2021-06-14,ASIANPAINT,,,2955.1,2970,2916.5,2949.9,746823,2197440473.45
2021-06-15,ASIANPAINT,,,2970,3050,2960.95,3042.2,2262031,6837291109.25
2021-06-16,ASIANPAINT,,,3029,3042.2,3005.5,3018.7,859505,2598037094.2
2021-06-17,ASIANPAINT,,,3017.95,3073.95,3000.5,3060.3,1533864,4683523669.95
2021-06-18,ASIANPAINT,,,3061.55,3077.8,3016.05,3047.2,2293860,6982351087
2021-06-21,ASIANPAINT,,,3024.2,3079.15,3021.05,3068.55,720491,2208147851.8
2021-06-22,ASIANPAINT,,,3085,3092.85,3004.2,3010.8,1199238,3648212001.45
2021-06-23,ASIANPAINT,,,3030,3030,2983.5,2987.35,1009007,3027895738.4
2021-06-24,ASIANPAINT,,,2987.35,3049.7,2975.45,3043.25,985596,2971232263.5
2021-06-25,ASIANPAINT,,,3030.2,3053.5,2985,3003.9,786964,2365611038.9
2021-06-28,ASIANPAINT,,,3024,3038.85,2976.25,2982.95,891695,2676869204.5
2021-06-29,ASIANPAINT,,,2989,3023.85,2973.05,3001.5,1242734,3724165759.95
2021-06-30,ASIANPAINT,,,2999,3030,2985.65,2992.7,924522,2779600708.8
2021-07-01,ASIANPAINT,,,3008,3026.9,2997,3021.6,848235,2556846184.65
2021-07-02,ASIANPAINT,,,3032.95,3038.8,2999.75,3005,805542,2428543353.65
2021-07-05,ASIANPAINT,,,3020,3050,3007.1,3014.8,863343,2610146036
2021-07-06,ASIANPAINT,,,3003,3029.5,2996,3002.5,762630,2293712568.25
2021-07-07,ASIANPAINT,,,3065,3069,3011.25,3040.1,1234865,3746937365.9
2021-07-08,ASIANPAINT,,,3050,3059,3018.8,3028.3,907391,2752804512.05
2021-07-09,ASIANPAINT,,,3022,3039.15,3007,3010.6,547082,1650051148.05
2021-07-12,ASIANPAINT,,,3034.9,3042.85,2991.05,2999.4,765566,2303744133.35
2021-07-13,ASIANPAINT,,,3020,3021.1,2985.35,2993.85,703484,2109918847.25
2021-07-14,ASIANPAINT,,,3003,3007.75,2984.2,3001.95,470744,1411692035.85
2021-07-15,ASIANPAINT,,,3010,3011,2971.1,2983.6,635535,1896948406.1
2021-07-16,ASIANPAINT,,,2994,3006,2965,2989.3,1062548,3170082917.9
2021-07-19,ASIANPAINT,,,2989.3,2999.7,2965,2981.95,837836,2498124639.4
2021-07-20,ASIANPAINT,,,2996,3179.5,2979.55,3159.05,6755922,20879807643.9
2021-07-22,ASIANPAINT,,,3130,3165,3090,3106.75,1982572,6189275529.4
2021-07-23,ASIANPAINT,,,3106,3129.6,3078.05,3083.75,815329,2525382630.2
2021-07-26,ASIANPAINT,,,3079.95,3119,3051.2,3061.2,1136884,3503041092.2
2021-07-27,ASIANPAINT,,,3079.4,3081.5,3021.3,3028.65,904289,2751443573.75
2021-07-28,ASIANPAINT,,,3030.35,3033,2984,3004.1,996594,2991879258.15
2021-07-29,ASIANPAINT,,,3004.1,3039.95,2990.3,2997.45,762683,2293941139.5
2021-07-30,ASIANPAINT,,,3008,3008.65,2951.9,2958.45,1067423,3176959978.2
2021-08-02,ASIANPAINT,,,2985.6,2986.8,2960.65,2974.05,832285,2474167590
2021-08-03,ASIANPAINT,,,3020,3065,2994.2,3027,2433031,7376433470.5
2021-08-04,ASIANPAINT,,,3040.6,3053.3,3012,3018.6,659295,1994986884.05
2021-08-05,ASIANPAINT,,,3034,3040,2980.05,2988.4,693694,2078998829.25
2021-08-06,ASIANPAINT,,,2995,3001,2961.45,2966.45,744159,2214482965.15
2021-08-09,ASIANPAINT,,,2994.65,3015,2973.05,2992.55,825462,2472839795.9
2021-08-10,ASIANPAINT,,,2998,3008.3,2960.55,2977.15,724335,2162182309.05
2021-08-11,ASIANPAINT,,,2987.4,3001.45,2952.55,2972.6,987941,2937957454.25
2021-08-12,ASIANPAINT,,,2974,2985.25,2958,2975.5,438552,1303500119.25
2021-08-13,ASIANPAINT,,,2980.9,3002,2973.1,2988.7,572250,1712282906.75
2021-08-16,ASIANPAINT,,,2980,2984.15,2960,2971.4,461742,1372117123
2021-08-17,ASIANPAINT,,,2974,3044,2973.1,3015.3,2036757,6140370454.35
2021-08-18,ASIANPAINT,,,3048,3048,2992.55,3001.55,1375320,4144187220.15
2021-08-20,ASIANPAINT,,,3001.5,3124.05,3001.5,3112.95,3931334,12093291730.1
2021-08-23,ASIANPAINT,,,3159.05,3163.85,3051,3077.45,1578949,4911860565.9
2021-08-24,ASIANPAINT,,,3092.8,3092.8,3034.55,3045.95,763704,2326511025.6
2021-08-25,ASIANPAINT,,,3026,3070,3012.6,3038.05,797870,2424855943.6
2021-08-26,ASIANPAINT,,,3064,3084.5,3026.2,3039.65,1319516,4026716033.75
2021-08-27,ASIANPAINT,,,3040.45,3057.95,3020.5,3036.8,634375,1926474160.9
2021-08-30,ASIANPAINT,,,3056.7,3114.25,3048.05,3108.75,1051747,3251591995.4
2021-08-31,ASIANPAINT,,,3108.75,3210,3103.05,3201.35,2283290,7240542612.75
2021-09-01,ASIANPAINT,,,3230.05,3333,3215,3302.75,2423168,7990748247.4
2021-09-02,ASIANPAINT,,,3312.95,3319,3266.65,3301.6,847517,2793758705.4
2021-09-03,ASIANPAINT,,,3301.6,3344.95,3286.5,3338.8,832039,2763808801.75
2021-09-06,ASIANPAINT,,,3342,3347.7,3305.9,3315.55,664394,2205761264.15
2021-09-07,ASIANPAINT,,,3333.5,3394.6,3323.85,3336.25,1285818,4309638008.15
2021-09-08,ASIANPAINT,,,3345,3361.55,3297,3336.6,702598,2335135575.7
2021-09-09,ASIANPAINT,,,3305,3359,3305,3346.35,591745,1974477842.15
2021-09-13,ASIANPAINT,,,3346.6,3374,3330.35,3367.05,610920,2050174696.75
2021-09-14,ASIANPAINT,,,3384.9,3388.6,3356.85,3362.5,569412,1918134162.25
2021-09-15,ASIANPAINT,,,3361.85,3383.95,3346.95,3352.3,587855,1977987464.8
2021-09-16,ASIANPAINT,,,3350,3371,3335,3342.1,516746,1730435189.75
2021-09-17,ASIANPAINT,,,3352,3382,3285.05,3303.05,1545695,5138380614.9
2021-09-20,ASIANPAINT,,,3299.95,3315,3265,3271.55,689288,2267649635.85
2021-09-21,ASIANPAINT,,,3271.55,3335,3271,3309.2,922057,3051203771.75
2021-09-22,ASIANPAINT,,,3328.5,3329.95,3288.25,3317.5,825945,2732739872.6
2021-09-23,ASIANPAINT,,,3340,3340,3315,3320.65,694716,2310149118.8
2021-09-24,ASIANPAINT,,,3330,3505,3320.85,3448.6,2775975,9578032371.15
2021-09-27,ASIANPAINT,,,3461.6,3470,3417.65,3430.65,902449,3102026991.2
2021-09-28,ASIANPAINT,,,3424.9,3429.7,3350,3379.7,961271,3245526196.5
2021-09-29,ASIANPAINT,,,3365,3381.7,3310,3323.05,973387,3246172344.5
2021-09-30,ASIANPAINT,,,3329.9,3347.7,3220,3244.65,2077896,6775251151.3
2021-10-01,ASIANPAINT,,,3248,3252.95,3170,3177.85,1512332,4816349511.35
2021-10-04,ASIANPAINT,,,3202.8,3230.5,3178,3201.6,921241,2952622044.4
2021-10-05,ASIANPAINT,,,3208.55,3260,3191.65,3254.75,909337,2949227863.15
2021-10-06,ASIANPAINT,,,3262,3280,3200.65,3212.25,786378,2544499596.2
2021-10-07,ASIANPAINT,,,3220,3318,3220,3290.85,1177283,3861801274.9
2021-10-08,ASIANPAINT,,,3307,3329,3264.1,3306.9,882436,2914413923.4
2021-10-11,ASIANPAINT,,,3326.4,3344.35,3297.75,3306.05,460197,1530138024.45
2021-10-12,ASIANPAINT,,,3280,3335,3280,3323.25,564524,1869943533.35
2021-10-13,ASIANPAINT,,,3343,3358.9,3291.4,3323.5,770144,2561834675.4
2021-10-14,ASIANPAINT,,,3342,3352.95,3290,3297.8,648597,2150573527.1
2021-10-18,ASIANPAINT,,,3252.5,3283.95,3232,3241.5,1576121,5129221301.85
2021-10-19,ASIANPAINT,,,3260.9,3269.1,3176.1,3183.75,1042069,3355340423.15
2021-10-20,ASIANPAINT,,,3190,3219.95,3136.65,3169.6,1205540,3839131189.1
2021-10-21,ASIANPAINT,,,3194,3195.45,2920.45,3002,5103543,15412584387.95
2021-10-22,ASIANPAINT,,,2975,3002.95,2912.15,2982.4,2855592,8416371621.55
2021-10-25,ASIANPAINT,,,2950,2950,2857.25,2918.05,2161537,6277748600.8
2021-10-26,ASIANPAINT,,,2918.05,3024,2898,2969.8,1988263,5827138608.95
2021-10-27,ASIANPAINT,,,3029.2,3145,3029.2,3094.65,4609951,14304730935.15
2021-10-28,ASIANPAINT,,,3103,3147.6,3062,3116.3,1791065,5570377093.9
2021-10-29,ASIANPAINT,,,3125,3144.7,3083.3,3100.1,1118903,3478719734.15
2021-11-01,ASIANPAINT,,,3128,3142.25,3091.65,3121.8,750393,2341289761.65
2021-11-02,ASIANPAINT,,,3120,3139.8,3080,3103.35,881916,2739903748.6
2021-11-03,ASIANPAINT,,,3102.1,3182.9,3095,3170.65,879227,2764570508.45
2021-11-08,ASIANPAINT,,,3165,3181,3095.15,3138,787824,2468481779.6
2021-11-09,ASIANPAINT,,,3140,3155,3120,3145.15,668840,2098778332.2
2021-11-10,ASIANPAINT,,,3132,3136.65,3080.5,3108.3,872975,2710053849.8
2021-11-11,ASIANPAINT,,,3090,3106.65,3052,3063.5,958143,2941772475.2
2021-11-12,ASIANPAINT,,,3089,3128,3075.8,3122.9,682344,2118273975.2
2021-11-15,ASIANPAINT,,,3126,3180,3126,3168.7,696377,2205898130.8
2021-11-16,ASIANPAINT,,,3165,3209,3120.1,3151.7,1400107,4424689381.7
2021-11-17,ASIANPAINT,,,3170,3239.9,3165.05,3230.25,1616452,5203280368.95
2021-11-18,ASIANPAINT,,,3249.85,3260,3214,3226.85,1609821,5219239883.75
2021-11-22,ASIANPAINT,,,3241,3308.35,3215.05,3261.25,2146970,7028802293.25
2021-11-23,ASIANPAINT,,,3261.25,3288.3,3171.55,3185.55,1482618,4769155731.4
2021-11-24,ASIANPAINT,,,3186.05,3208.9,3150,3157,1056213,3359919163.8
2021-11-25,ASIANPAINT,,,3156.5,3173.35,3113,3144.25,728825,2286237710.55
2021-11-26,ASIANPAINT,,,3101,3167.35,3091,3143.1,1029110,3225319766.25
2021-11-29,ASIANPAINT,,,3131,3178.9,3071.9,3144.3,876651,2747176827.35
2021-11-30,ASIANPAINT,,,3116.15,3189,3116.15,3143.65,2340489,7386376690.5
2021-12-01,ASIANPAINT,,,3155.9,3199.75,3124.1,3138.15,1741820,5503967714.9
2021-12-02,ASIANPAINT,,,3160,3194,3152.25,3180.6,939320,2979272291.5
2021-12-03,ASIANPAINT,,,3185,3187.45,3106,3110.45,1216263,3820224962.15
2021-12-06,ASIANPAINT,,,3115,3115,3028.25,3038.3,1107363,3385138976.1
2021-12-07,ASIANPAINT,,,3040,3069,3016.45,3030.35,2056459,6233579440.65
2021-12-08,ASIANPAINT,,,3031.9,3123,3031,3108.5,1171484,3606099724.6
2021-12-09,ASIANPAINT,,,3152.4,3183.05,3111,3178.7,1287243,4061181886.1
2021-12-10,ASIANPAINT,,,3184,3292,3178.7,3283.15,2554394,8340592551.65
2021-12-13,ASIANPAINT,,,3285.1,3341,3270.95,3279.85,1265832,4181599570.9
2021-12-14,ASIANPAINT,,,3274,3305,3249,3297.5,863179,2836418229.1
2021-12-15,ASIANPAINT,,,3278.15,3313.95,3266.5,3301.95,811946,2676892688.25
2021-12-16,ASIANPAINT,,,3325,3325,3270.6,3298.6,502930,1658420466.7
2021-12-17,ASIANPAINT,,,3275,3293.3,3227.7,3243.7,1019403,3313379981.8
2021-12-20,ASIANPAINT,,,3227,3275,3181,3239.45,948872,3049657493.15
2021-12-21,ASIANPAINT,,,3247,3296,3240,3271.35,712026,2326400944.85
2021-12-22,ASIANPAINT,,,3275.7,3285.65,3241,3280.1,619865,2024455814.1
2021-12-23,ASIANPAINT,,,3290,3307.9,3250,3267.9,1051596,3430988449.8
2021-12-24,ASIANPAINT,,,3280,3300,3261,3284.8,651404,2138205846.2
2021-12-27,ASIANPAINT,,,3280.1,3284.75,3226.2,3272.4,640701,2087589102.45
2021-12-28,ASIANPAINT,,,3275.95,3375,3273,3368.2,1211648,4057074152.35
2021-12-29,ASIANPAINT,,,3372.2,3386,3346.2,3367.45,598421,2017168389.65
2021-12-30,ASIANPAINT,,,3363.25,3390,3350.3,3365.7,691223,2331339633.3
2021-12-31,ASIANPAINT,,,3390,3405,3361.4,3382.95,570671,1933317041
2022-01-03,ASIANPAINT,,,3383,3440.9,3383,3422.4,696276,2384925665.7
2022-01-04,ASIANPAINT,,,3434,3472.45,3415.05,3459.3,790886,2721361205.35
2022-01-05,ASIANPAINT,,,3470,3540,3452.05,3526.8,1024506,3597840737.85
2022-01-06,ASIANPAINT,,,3491.15,3537.55,3452.15,3514.65,1312743,4594353905.2
2022-01-07,ASIANPAINT,,,3514.65,3582,3496.55,3576.3,964364,3435968391.35
2022-01-10,ASIANPAINT,,,3580,3590,3527,3553.5,657511,2332812509.5
2022-01-11,ASIANPAINT,,,3550.6,3564,3495.05,3538.75,734344,2592530395.55
2022-01-12,ASIANPAINT,,,3556.9,3582.45,3534,3543.8,594543,2110749555.25
2022-01-13,ASIANPAINT,,,3560,3560,3450,3456.25,1153984,4035273931.75
2022-01-14,ASIANPAINT,,,3462,3462,3346,3364.4,1558978,5247444521.9
2022-01-17,ASIANPAINT,,,3364.4,3399,3321,3378.65,1103159,3693555745.3
2022-01-18,ASIANPAINT,,,3379.05,3396.45,3351,3373.7,558543,1884728112.2
2022-01-19,ASIANPAINT,,,3370,3370,3267.75,3280.4,1495218,4922397653.95
2022-01-20,ASIANPAINT,,,3282,3364.9,3222,3306.4,3075678,10095263934.75
2022-01-21,ASIANPAINT,,,3300.05,3324.95,3241.75,3274.85,1441694,4742374270.1
2022-01-24,ASIANPAINT,,,3268,3270,3135,3155.15,1575665,4993633028.45
2022-01-25,ASIANPAINT,,,3100,3156.95,3010.75,3147.1,2699779,8347064705.55
2022-01-27,ASIANPAINT,,,3140.1,3143,3071.25,3116.95,1834684,5695030457.6
2022-01-28,ASIANPAINT,,,3130,3170,3103,3110.85,892060,2799553587.2
2022-01-31,ASIANPAINT,,,3140,3193.45,3136.4,3152.25,944530,2986219523.55
2022-02-01,ASIANPAINT,,,3194,3212.35,3141.6,3196.25,1008915,3214719219.6
2022-02-02,ASIANPAINT,,,3204.8,3244.15,3192.15,3197.7,667265,2140570756.05
2022-02-03,ASIANPAINT,,,3212.85,3241.6,3190.2,3203,899753,2894066150.3
2022-02-04,ASIANPAINT,,,3188,3248.8,3176.05,3236.65,705765,2272315517.95
2022-02-07,ASIANPAINT,,,3234,3251.2,3143.1,3174.7,860393,2741659596
2022-02-08,ASIANPAINT,,,3179,3223.5,3166.2,3216.35,799206,2559814476.15
2022-02-09,ASIANPAINT,,,3230,3259,3222.75,3228.35,472725,1530485124.15
2022-02-10,ASIANPAINT,,,3220,3248,3176,3238.75,728666,2343516205.4
2022-02-11,ASIANPAINT,,,3229.95,3229.95,3182.5,3216.3,587840,1884344659.8
2022-02-14,ASIANPAINT,,,3140,3182.7,3120,3143.45,681236,2151859964.3
2022-02-15,ASIANPAINT,,,3140,3270,3132.85,3264.6,676844,2170643162.15
2022-02-16,ASIANPAINT,,,3280,3285.1,3223,3252.85,624320,2033873424.75
2022-02-17,ASIANPAINT,,,3273,3294.95,3236.4,3265.85,636735,2079090142.7
2022-02-18,ASIANPAINT,,,3236.15,3272,3230.05,3258.45,423801,1378558259.55
2022-02-21,ASIANPAINT,,,3235,3278.45,3204.15,3251.65,547472,1777747030.9
2022-02-22,ASIANPAINT,,,3120,3236.8,3120,3227.15,1147209,3667896992.75
2022-02-23,ASIANPAINT,,,3236.9,3296.9,3230,3237.2,935896,3054370761.8
2022-02-24,ASIANPAINT,,,3130,3197.8,3051.5,3069.05,1823450,5674961701.1
2022-02-25,ASIANPAINT,,,3105,3141.45,3083.05,3119.2,1239456,3861605391.45
2022-02-28,ASIANPAINT,,,3090,3190.5,3015,3174.65,1678348,5235678932.75
2022-03-02,ASIANPAINT,,,3107,3111.2,2991.1,3028.95,3014206,9148661680.5
2022-03-03,ASIANPAINT,,,3029,3051,2862,2871.9,4406840,12840524141.65
2022-03-04,ASIANPAINT,,,2863.8,2863.8,2662.05,2738.15,6979253,19043746111.8
2022-03-07,ASIANPAINT,,,2649.9,2727.95,2599.35,2708.45,3233760,8613037070.95
2022-03-08,ASIANPAINT,,,2690,2736.95,2638,2723.4,2611102,6986435011.6
2022-03-09,ASIANPAINT,,,2750,2890,2665.05,2874.95,4076068,11313931703.05
2022-03-10,ASIANPAINT,,,3000,3040,2891.2,2912.8,3971987,11717024241.6
2022-03-11,ASIANPAINT,,,2917,2939.95,2882.35,2932,1265493,3694819746.85
2022-03-14,ASIANPAINT,,,2950,2972.35,2917.3,2962.8,1214217,3587004074.3
2022-03-15,ASIANPAINT,,,2998,3032,2966,2987.15,1857685,5560038745
2022-03-16,ASIANPAINT,,,3043,3050,3010.75,3042,1287234,3903390408.8
2022-03-17,ASIANPAINT,,,3113.5,3163.3,3076.5,3136.6,2867519,8993939231
2022-03-21,ASIANPAINT,,,3117.3,3117.3,3030.1,3045.75,1259015,3869306020.9
2022-03-22,ASIANPAINT,,,3024,3062.7,2975,3051.15,1515772,4573600058.2
2022-03-23,ASIANPAINT,,,3060,3079.9,3005,3016.8,948403,2870372395
2022-03-24,ASIANPAINT,,,2969.5,3038.95,2950.55,3025.35,1243917,3742841261.4
2022-03-25,ASIANPAINT,,,3025.35,3064.55,2991,3046.95,1083275,3269624533.15
2022-03-28,ASIANPAINT,,,3046.95,3058.6,2995.65,3027.45,680332,2056655069.85
2022-03-29,ASIANPAINT,,,3069,3087.7,3012.7,3042.6,1120936,3421241769.65
2022-03-30,ASIANPAINT,,,3078,3094.35,3055.9,3081.55,849545,2614814910.25
2022-03-31,ASIANPAINT,,,3115,3129.25,3066.1,3079.95,1464862,4538199345.85
2022-04-01,ASIANPAINT,,,3110,3121,3087.65,3114.15,637392,1977929341.2
2022-04-04,ASIANPAINT,,,3124.95,3143,3093.5,3118,873264,2723337477.5
2022-04-05,ASIANPAINT,,,3110,3157,3080,3140.8,805874,2527300571.4
2022-04-06,ASIANPAINT,,,3137,3165,3113,3154,736379,2315096301.75
2022-04-07,ASIANPAINT,,,3154,3208.95,3145.5,3155,1025244,3250852120.7
2022-04-08,ASIANPAINT,,,3168,3220,3151.2,3206.25,678898,2164672430.95
2022-04-11,ASIANPAINT,,,3184,3222,3150,3157.45,672652,2136848927.95
2022-04-12,ASIANPAINT,,,3154.7,3162.1,3114.15,3128.65,794265,2491527601.15
2022-04-13,ASIANPAINT,,,3117.2,3121.9,3066.1,3080.65,1121350,3458745383.45
2022-04-18,ASIANPAINT,,,3056,3058,3013,3021.55,1032504,3131315753.5
2022-04-19,ASIANPAINT,,,3030,3059.2,2970,2991.2,749782,2264911711.9
2022-04-20,ASIANPAINT,,,2991.3,3089.5,2980,3083,838182,2556564462.65
2022-04-21,ASIANPAINT,,,3089.8,3174.4,3086.05,3158.25,1069035,3367651382.75
2022-04-22,ASIANPAINT,,,3121.5,3173.3,3113.25,3164.4,681191,2146704513.2
2022-04-25,ASIANPAINT,,,3134,3155.1,3095.1,3130.6,1096774,3427844264.5
2022-04-26,ASIANPAINT,,,3130,3148.7,3105.8,3125.65,1703441,5322744328.95
2022-04-27,ASIANPAINT,,,3096,3164,3085.95,3148.35,963536,3018698286.1
2022-04-28,ASIANPAINT,,,3190,3268,3170,3247.7,2001838,6474540862.75
2022-04-29,ASIANPAINT,,,3249,3278,3221.3,3237.2,1088970,3541955687.7
2022-05-02,ASIANPAINT,,,3195,3211.5,3154.05,3200,595522,1896246489.3
2022-05-04,ASIANPAINT,,,3178,3194.7,3081.45,3100.85,1120002,3511543114.3
2022-05-05,ASIANPAINT,,,3104.75,3126.95,3070,3076.55,724601,2247005829.9
2022-05-06,ASIANPAINT,,,3020,3052.4,3003.9,3016.25,923941,2798979859.45
2022-05-09,ASIANPAINT,,,3000.85,3038.8,2975,3005.25,998324,2989123029.45
2022-05-10,ASIANPAINT,,,3051,3138.75,3036,3086.35,2460016,7579812535.9
2022-05-11,ASIANPAINT,,,3090.4,3109.55,2979,3053.65,1883969,5710671314.85
2022-05-12,ASIANPAINT,,,3042,3078,2988,3039.95,1254245,3811996647.85
2022-05-13,ASIANPAINT,,,3074.4,3116.25,3035.3,3064,1121729,3451609492.55
2022-05-16,ASIANPAINT,,,3089.9,3089.9,2985.2,2999.9,733044,2214144817.25
2022-05-17,ASIANPAINT,,,2998.9,3056.6,2951,3050,1179081,3542190924.05
2022-05-18,ASIANPAINT,,,3030,3128.8,3026,3100.1,1379763,4266921456.45
2022-05-19,ASIANPAINT,,,3000.5,3071.7,3000.45,3046.9,772390,2351308679.65
2022-05-20,ASIANPAINT,,,3080,3125,3070,3109.95,778957,2421613908.45
2022-05-23,ASIANPAINT,,,3143.95,3188,3130.05,3174.2,813294,2580732152.25
2022-05-24,ASIANPAINT,,,3174.75,3183.65,3070,3086.85,691307,2157438284.2
2022-05-25,ASIANPAINT,,,3039,3039,2826.3,2838.05,3381427,9798211579.5
2022-05-26,ASIANPAINT,,,2850,2860,2718.55,2840.15,3212196,8952330576.5
2022-05-27,ASIANPAINT,,,2868,2869,2781,2834.85,1879534,5290185437.25
2022-05-30,ASIANPAINT,,,2880,2884,2817,2844,2525482,7214544864.95
2022-05-31,ASIANPAINT,,,2844,2878,2811,2859.65,2408221,6881627243.55
2022-06-01,ASIANPAINT,,,2859.65,2939.9,2832.05,2852.5,1770795,5103786366.4
2022-06-02,ASIANPAINT,,,2870.2,2919,2848,2908.55,1164197,3358099749.35
2022-06-03,ASIANPAINT,,,2905,2919.45,2856,2886.9,1228489,3548967209.85
2022-06-06,ASIANPAINT,,,2871.1,2872,2807.7,2817.45,1193698,3385901720.2
2022-06-07,ASIANPAINT,,,2800,2804,2731,2744.7,1403598,3856894022.85
2022-06-08,ASIANPAINT,,,2771.9,2775,2700,2705.2,1743575,4743499271.3
2022-06-09,ASIANPAINT,,,2680,2697.6,2633.75,2686.8,1857501,4959011643.25
2022-06-10,ASIANPAINT,,,2665,2736,2652,2708.75,1592920,4317078845.5
2022-06-13,ASIANPAINT,,,2669.95,2683,2642.5,2660.75,1674206,4457577986.2
2022-06-14,ASIANPAINT,,,2617,2666.35,2585,2635.4,2296040,6035578078.35
2022-06-15,ASIANPAINT,,,2650,2683.6,2627.1,2661.15,928842,2464930593.15
2022-06-16,ASIANPAINT,,,2694.95,2725.45,2640,2657.45,1280628,3414360260.7
2022-06-17,ASIANPAINT,,,2650.1,2657,2560,2580.2,2043251,5307304376.5
2022-06-20,ASIANPAINT,,,2600,2673.35,2588.35,2660.7,1595360,4199552280.15
2022-06-21,ASIANPAINT,,,2674.95,2710,2640,2678.35,1042074,2799244172.55
2022-06-22,ASIANPAINT,,,2688,2707.95,2626.35,2666.35,1871760,4976146449.25
2022-06-23,ASIANPAINT,,,2674.95,2767.95,2674.95,2758.2,1612872,4406561716.85
2022-06-24,ASIANPAINT,,,2775,2784.8,2726,2760.9,2215583,6089276681.7
2022-06-27,ASIANPAINT,,,2779.9,2827.65,2765,2820.95,1295734,3616317646.05
2022-06-28,ASIANPAINT,,,2780,2784.8,2704.3,2726.5,1838358,5011776651.35
2022-06-29,ASIANPAINT,,,2706.5,2719,2678,2697.8,1066354,2880691739
2022-06-30,ASIANPAINT,,,2714.85,2726.95,2680,2695.2,1291447,3489107252
2022-07-01,ASIANPAINT,,,2704.9,2780,2685,2773.15,1477191,4055329858.2
2022-07-04,ASIANPAINT,,,2775.15,2798,2744.8,2790.3,653147,1812218718.1
2022-07-05,ASIANPAINT,,,2785,2812.3,2760,2766.6,1073043,2991254174.7
2022-07-06,ASIANPAINT,,,2830.55,2869,2805.15,2861.4,2085735,5931323930.95
2022-07-07,ASIANPAINT,,,2901.4,2932,2876.8,2891.4,1469087,4272459331.4
2022-07-08,ASIANPAINT,,,2880,2888,2840.5,2879.8,1274148,3648114905.75
2022-07-11,ASIANPAINT,,,2874,2940.55,2851.35,2933.05,1081885,3144619942.3
2022-07-12,ASIANPAINT,,,2920,2923.25,2885.4,2893.2,1115524,3235043947.25
2022-07-13,ASIANPAINT,,,2949,2968.95,2926.05,2941.2,2153712,6336749577.05
2022-07-14,ASIANPAINT,,,2952.1,2954.85,2912.4,2939.15,882479,2592244436.8
2022-07-15,ASIANPAINT,,,2949.95,2985,2940.45,2978.15,1668006,4954296634.85
2022-07-18,ASIANPAINT,,,2994.75,3025,2988.4,3017.85,823390,2479763970.65
2022-07-19,ASIANPAINT,,,2983.45,3023,2978.15,3019.1,638171,1918305393.8
2022-07-20,ASIANPAINT,,,3033,3044.7,3000,3006.45,867436,2623342426.1
2022-07-21,ASIANPAINT,,,2981,3084.95,2981,3066.1,1184060,3598795793.75
2022-07-22,ASIANPAINT,,,3066.1,3092.75,3048,3067.4,1268141,3890517390.15
2022-07-25,ASIANPAINT,,,3069.5,3117.2,3051.65,3104.95,985844,3045946603.6
2022-07-26,ASIANPAINT,,,3096,3149.8,3053,3108.5,2876310,8935820789.4
2022-07-27,ASIANPAINT,,,3118.95,3193,3096,3186.05,1976407,6221050958.6
2022-07-28,ASIANPAINT,,,3198,3280,3182,3272.4,1332572,4326265918.55
2022-07-29,ASIANPAINT,,,3285.4,3354.35,3275,3333.75,1836550,6101808875.4
2022-08-01,ASIANPAINT,,,3340.05,3355,3314.5,3324.55,1076122,3584724704.2
2022-08-02,ASIANPAINT,,,3331,3404.75,3325.6,3396.15,1650536,5566042882.3
2022-08-03,ASIANPAINT,,,3404,3448,3371.25,3439.65,1169005,3987719657.4
2022-08-04,ASIANPAINT,,,3455,3476.95,3410.9,3460.5,981434,3388355014.85
2022-08-05,ASIANPAINT,,,3475,3491.95,3451.55,3473.9,792478,2753794270.95
2022-08-08,ASIANPAINT,,,3465,3476.95,3436.55,3458.45,724644,2502889177.25
2022-08-10,ASIANPAINT,,,3441,3449.85,3396,3411.65,1089295,3720258498.15
2022-08-11,ASIANPAINT,,,3450,3477.95,3390,3405.2,1410533,4840981839.75
2022-08-12,ASIANPAINT,,,3399,3434.8,3383,3427.85,548472,1871432763.85
2022-08-16,ASIANPAINT,,,3470,3509.45,3455.3,3501,911189,3181665643.6
2022-08-17,ASIANPAINT,,,3517.95,3545.65,3504.6,3523.7,817912,2883641144.3
2022-08-18,ASIANPAINT,,,3525,3542.7,3515.55,3535.35,599877,2118529544.75
2022-08-19,ASIANPAINT,,,3520,3538.5,3464,3482.55,581829,2031387583.15
2022-08-22,ASIANPAINT,,,3462.1,3485.55,3333.2,3349.75,2336567,7902397719.05
2022-08-23,ASIANPAINT,,,3333,3383.95,3316.85,3356.6,831446,2792543578.9
2022-08-24,ASIANPAINT,,,3339.6,3385,3302,3378.85,1182154,3957109439.2
2022-08-25,ASIANPAINT,,,3375,3405.15,3351.2,3362.5,615392,2081037116.85
2022-08-26,ASIANPAINT,,,3379.35,3384.5,3305.65,3323.55,1384783,4611015696.8
2022-08-29,ASIANPAINT,,,3247,3348.35,3236.7,3343.25,1031166,3425548271.75
2022-08-30,ASIANPAINT,,,3331,3409.75,3331,3391.6,1426459,4819516012.1
2022-09-01,ASIANPAINT,,,3315,3474.4,3315,3446.55,1417762,4866584837.7
2022-09-02,ASIANPAINT,,,3489,3489,3425,3431.05,740821,2558441049.2
2022-09-05,ASIANPAINT,,,3425.05,3450,3405.55,3424.8,518438,1775167846.55
2022-09-06,ASIANPAINT,,,3420,3434.55,3384,3395.25,540937,1839925508.55
2022-09-07,ASIANPAINT,,,3392,3435,3385.95,3400.35,682921,2326296661.8
2022-09-08,ASIANPAINT,,,3450,3484.65,3427.4,3450.15,1143090,3948474291.6
2022-09-09,ASIANPAINT,,,3483.7,3483.7,3433.45,3441.85,702805,2430004904.5
2022-09-12,ASIANPAINT,,,3441.85,3453.65,3423,3432.2,641280,2204239495.95
2022-09-13,ASIANPAINT,,,3432,3459,3414.65,3422.2,776044,2668187534.1
2022-09-14,ASIANPAINT,,,3380,3448.5,3380,3438.95,816678,2806117707.8
2022-09-15,ASIANPAINT,,,3440,3458.75,3389.1,3395.4,590182,2010913848.4
2022-09-16,ASIANPAINT,,,3412.4,3420,3309.55,3322.55,1598265,5341350686.05
2022-09-19,ASIANPAINT,,,3320.65,3342.1,3231.3,3316.25,1013563,3336714583.45
2022-09-20,ASIANPAINT,,,3335.6,3410,3334,3393.2,708184,2398007552.9
2022-09-21,ASIANPAINT,,,3405,3424.9,3348,3356.05,605378,2040797517.5
2022-09-22,ASIANPAINT,,,3356.05,3440,3315.65,3436,829396,2816589456.75
2022-09-23,ASIANPAINT,,,3435,3437.95,3382.7,3395.25,513370,1748248760.5
2022-09-26,ASIANPAINT,,,3370,3468,3354,3438.05,1429914,4898083341.9
2022-09-27,ASIANPAINT,,,3454.85,3500,3431.05,3470.65,1455383,5045930338.3
2022-09-28,ASIANPAINT,,,3451,3582.9,3420,3570.65,1843428,6502375921.6
2022-09-29,ASIANPAINT,,,3563.45,3563.45,3372.4,3384.8,2624894,9032410231.65
2022-09-30,ASIANPAINT,,,3402,3411.9,3285.25,3342.45,2159720,7216167310.75
2022-10-03,ASIANPAINT,,,3348,3352.5,3285.75,3302.9,934543,3094639985.4
2022-10-04,ASIANPAINT,,,3330,3368.35,3312.05,3337.75,994382,3319759538
2022-10-06,ASIANPAINT,,,3337.75,3366.75,3311.7,3328.95,922770,3081212451.2
2022-10-07,ASIANPAINT,,,3318,3359.6,3287.25,3343.7,774544,2572161748.85
2022-10-10,ASIANPAINT,,,3280,3299,3260.2,3277.95,734377,2406724476.85
2022-10-11,ASIANPAINT,,,3290.5,3360,3274,3298.7,1411316,4703218409.3
2022-10-12,ASIANPAINT,,,3335,3339.5,3206,3248.2,1812549,5896114169.3
2022-10-13,ASIANPAINT,,,3230.1,3258.2,3193.9,3209,779890,2507524871.95
2022-10-14,ASIANPAINT,,,3235,3246,3180,3185.5,845765,2716316837.35
2022-10-17,ASIANPAINT,,,3185.5,3218,3170.1,3197.6,1067773,3415793706.55
2022-10-18,ASIANPAINT,,,3218,3250,3212,3225.85,1015424,3279021580.35
2022-10-19,ASIANPAINT,,,3242,3245.7,3196.35,3212.75,943543,3035186051.8
2022-10-20,ASIANPAINT,,,3198,3241.85,3101.8,3140.9,2284352,7224430976.5
2022-10-21,ASIANPAINT,,,3140,3164.75,3072.65,3092.4,1738731,5402034320.8
2022-10-25,ASIANPAINT,,,3134,3135,3079.9,3084.9,1016316,3153224248.15
2022-10-27,ASIANPAINT,,,3123,3123,3033,3043.45,2005709,6133269516.15
2022-10-28,ASIANPAINT,,,3058.7,3071.6,3040,3053.4,715736,2184222313.05
2022-10-31,ASIANPAINT,,,3082,3113,3061.05,3107.7,814364,2516740522
2022-11-01,ASIANPAINT,,,3110.5,3164.4,3110.5,3159.4,939335,2952799018.15
2022-11-02,ASIANPAINT,,,3158,3159.95,3122.1,3131.9,787012,2467071199.35
2022-11-03,ASIANPAINT,,,3105,3148.75,3105,3141.3,563798,1760584844.6
2022-11-04,ASIANPAINT,,,3148,3185,3125.9,3181.35,609757,1926753747.85
2022-11-07,ASIANPAINT,,,3186,3198,3097.45,3103.55,1669943,5207612075.1
2022-11-09,ASIANPAINT,,,3146,3146,3080,3086.5,1391333,4308720770.35
2022-11-10,ASIANPAINT,,,3086,3086,3033.5,3045.15,1375007,4197339860.35
2022-11-11,ASIANPAINT,,,3090.7,3098,3048,3055.4,810288,2481714736.65
2022-11-14,ASIANPAINT,,,3056,3077.95,3041.05,3053.2,811702,2478287985.35
2022-11-15,ASIANPAINT,,,3068.5,3095,3042,3079.3,873840,2673367892.45
2022-11-16,ASIANPAINT,,,3079.3,3093,3051,3083.05,770953,2366787371.1
2022-11-17,ASIANPAINT,,,3092,3096.55,3060,3071.6,706271,2175039305.55
2022-11-18,ASIANPAINT,,,3095,3114.85,3055.75,3095.5,1258576,3886330030.55
2022-11-21,ASIANPAINT,,,3105,3110.35,3066.2,3095.3,612194,1891481184.5
2022-11-22,ASIANPAINT,,,3104,3119.5,3072.3,3103.85,764079,2372739785.6
2022-11-23,ASIANPAINT,,,3111,3114.8,3090,3100.8,488341,1514584759.2
2022-11-24,ASIANPAINT,,,3117.95,3120.25,3092,3115.3,571872,1776694923.8
2022-11-25,ASIANPAINT,,,3115.3,3119.8,3075.25,3108.15,898769,2783154950.2
2022-11-28,ASIANPAINT,,,3108.15,3159,3096.7,3151.2,914689,2872527728.5
2022-11-29,ASIANPAINT,,,3157,3169,3127.15,3135.05,877720,2759158879.55
2022-11-30,ASIANPAINT,,,3139.9,3199.95,3133.3,3175.15,2547283,8073363775.45
2022-12-01,ASIANPAINT,,,3191,3197,3161.25,3179.35,761717,2422651358.4
2022-12-02,ASIANPAINT,,,3173.15,3174.3,3134,3143.45,932259,2930000922.85
2022-12-05,ASIANPAINT,,,3130,3168.7,3112.5,3156.9,926122,2914969954.75
2022-12-06,ASIANPAINT,,,3125,3169,3125,3161.7,958365,3019856144
2022-12-07,ASIANPAINT,,,3180,3234.7,3176.4,3226.5,1832282,5874082333.4
2022-12-08,ASIANPAINT,,,3230,3240.9,3202.65,3221.45,851312,2740007865.2
2022-12-09,ASIANPAINT,,,3235,3242.35,3206,3226.95,847879,2737383331.3
2022-12-12,ASIANPAINT,,,3227,3230,3141.9,3166.35,1323816,4190239499.4
2022-12-13,ASIANPAINT,,,3185,3185,3142.65,3178.5,886601,2804306293.8
2022-12-14,ASIANPAINT,,,3179,3195,3125,3145.95,1103870,3483567474.05
2022-12-15,ASIANPAINT,,,3142,3161.2,3116.7,3130.6,799124,2504151134.4
2022-12-16,ASIANPAINT,,,3115,3117,3050.3,3055.9,1192821,3668750929.75
2022-12-19,ASIANPAINT,,,3062,3088,3041,3080.95,655594,2016058002.15
2022-12-20,ASIANPAINT,,,3075.05,3088.65,3018,3082.15,739257,2256966546.15
2022-12-21,ASIANPAINT,,,3085,3112.45,3050.05,3069.65,616324,1896472131.55
2022-12-22,ASIANPAINT,,,3074,3093.5,3038.05,3088.55,663202,2036137139.35
2022-12-23,ASIANPAINT,,,3078.95,3086.85,3036,3057.9,1230858,3757795087.75
2022-12-26,ASIANPAINT,,,3057.9,3071.9,3028.8,3056.05,536884,1640158622.75
2022-12-27,ASIANPAINT,,,3060,3129,3056.3,3112.6,729041,2258817364.9
2022-12-28,ASIANPAINT,,,3109.95,3143.8,3105,3123.7,972274,3039597312.75
2022-12-29,ASIANPAINT,,,3101,3125,3092.55,3115.15,596265,1853315473.4
2022-12-30,ASIANPAINT,,,3130.75,3130.75,3071.3,3087.9,836220,2589983541.85
2023-01-02,ASIANPAINT,,,3087.9,3087.9,3021,3047.25,1015990,3090002805.3
2023-01-03,ASIANPAINT,,,3047,3059.95,3025,3028.25,860367,2615233418.6
2023-01-04,ASIANPAINT,,,3035,3050,3001.55,3016.85,836382,2534326084.1
2023-01-05,ASIANPAINT,,,3039.55,3046.6,2995.4,3004.35,1113920,3354997920.25
2023-01-06,ASIANPAINT,,,3010,3023.5,2952,2978.4,1045526,3110528372.6
2023-01-09,ASIANPAINT,,,2993.3,3017.65,2951,2984.15,808263,2416039832.95
2023-01-10,ASIANPAINT,,,2984.15,2985,2952.2,2960.35,864325,2559647728
2023-01-11,ASIANPAINT,,,2974.9,2974.9,2935,2940.4,890426,2624992636.05
2023-01-12,ASIANPAINT,,,2939,2939.85,2896,2915.95,1558620,4531659431.4
2023-01-13,ASIANPAINT,,,2925,2925,2871.75,2909.15,1507864,4373414295
2023-01-16,ASIANPAINT,,,2925,2929.6,2896,2916.05,644073,1876547210.5
2023-01-17,ASIANPAINT,,,2925,2944.85,2911.15,2940.9,716489,2102149550
2023-01-18,ASIANPAINT,,,2947.95,2960,2929.35,2945.25,893808,2634674245.75
2023-01-19,ASIANPAINT,,,2954.9,2973.6,2843.6,2866.15,2379947,6922039457.65
2023-01-20,ASIANPAINT,,,2848,2848,2781,2787.8,3171005,8892343263.2
2023-01-23,ASIANPAINT,,,2800,2800,2767.85,2784.45,1402260,3906182149.1
2023-01-24,ASIANPAINT,,,2795,2827.1,2784.45,2810.6,1061471,2985309543.15
2023-01-25,ASIANPAINT,,,2810.9,2811,2767.1,2775,857953,2383232311.65
2023-01-27,ASIANPAINT,,,2766.6,2772.85,2685.85,2722.65,1801498,4894875994.35
2023-01-30,ASIANPAINT,,,2724,2776,2696.25,2766.2,1171912,3208050667.85
2023-01-31,ASIANPAINT,,,2760,2779.95,2718.05,2725.85,1961805,5367308422.7
2023-02-01,ASIANPAINT,,,2749.8,2778,2704.8,2743.75,1176872,3238393022.9
2023-02-02,ASIANPAINT,,,2741,2741,2694,2705.65,1308570,3550866346.3
2023-02-03,ASIANPAINT,,,2705.65,2763.9,2700,2760.4,1278409,3495107992.55
2023-02-06,ASIANPAINT,,,2760.4,2765,2718,2754.2,1120284,3068465324.55
2023-02-07,ASIANPAINT,,,2762,2774.5,2748.15,2758.05,732250,2023398586.4
2023-02-08,ASIANPAINT,,,2768,2784,2744.3,2765.6,811956,2244719933.4
2023-02-09,ASIANPAINT,,,2781.95,2820.35,2766.15,2814.6,946372,2649305359.2
2023-02-10,ASIANPAINT,,,2830,2830.95,2793,2804.6,700072,1967124383.9
2023-02-13,ASIANPAINT,,,2814.5,2829,2780,2790.75,467228,1306407661.25
2023-02-14,ASIANPAINT,,,2804.75,2804.75,2765,2777,524746,1457918190.95
2023-02-15,ASIANPAINT,,,2777,2798.3,2754,2786.15,817717,2271643266.3
2023-02-16,ASIANPAINT,,,2797,2834.35,2790.1,2805.95,788964,2221721585.55
2023-02-17,ASIANPAINT,,,2802.95,2845.85,2785.5,2833.6,840526,2378370056.25
2023-02-20,ASIANPAINT,,,2845,2852,2812.1,2825.55,646218,1826501996.25
2023-02-21,ASIANPAINT,,,2837,2838.7,2805,2817.1,631934,1778026077.8
2023-02-22,ASIANPAINT,,,2809.95,2813.95,2780,2795.95,580270,1621730913.85
2023-02-23,ASIANPAINT,,,2805,2805.55,2700.1,2705.95,1790570,4885853128.2
2023-02-24,ASIANPAINT,,,2712.1,2762,2710,2738.5,1429040,3919826414.5
2023-02-27,ASIANPAINT,,,2740.4,2758.65,2725.05,2749.9,561317,1540528334.75
2023-02-28,ASIANPAINT,,,2750,2839,2727.45,2828.8,1815923,5100343163.4
2023-03-01,ASIANPAINT,,,2828,2853.3,2816.05,2840.9,816598,2317183671.2
2023-03-02,ASIANPAINT,,,2831,2849,2811,2833.9,604523,1712488953.55
2023-03-03,ASIANPAINT,,,2837.05,2852,2810.65,2828.85,679295,1919921555.35
2023-03-06,ASIANPAINT,,,2843,2884,2830.25,2864.55,1050267,3013998661.15
2023-03-08,ASIANPAINT,,,2870,2870,2827,2859.55,580250,1654225600.65
2023-03-09,ASIANPAINT,,,2862,2872.45,2836.85,2853.55,774224,2210782913.25
2023-03-10,ASIANPAINT,,,2844,2844,2807,2830.2,489978,1385436170.85
2023-03-13,ASIANPAINT,,,2823.5,2849.45,2772.2,2784.2,813217,2283030123.3
2023-03-14,ASIANPAINT,,,2782.95,2786.95,2740.05,2745.6,1060450,2924944075.85
2023-03-15,ASIANPAINT,,,2772.2,2866.35,2765.2,2827.4,2170346,6146077444.2
2023-03-16,ASIANPAINT,,,2850,2900,2828.7,2893.25,1755487,5046076223.35
2023-03-17,ASIANPAINT,,,2923.95,2923.95,2855.05,2862.65,1848073,5333714114.95
2023-03-20,ASIANPAINT,,,2915,2915,2831.05,2855.15,1074367,3059554893.6
2023-03-21,ASIANPAINT,,,2858.15,2887,2835,2839.1,691891,1975589123.55
2023-03-22,ASIANPAINT,,,2825,2853.15,2814.85,2839.85,731807,2076360314.8
2023-03-23,ASIANPAINT,,,2817.1,2823,2767.75,2797.8,1016581,2836887130.7
2023-03-24,ASIANPAINT,,,2797.8,2815.65,2772.85,2798.5,784111,2193201181.3
2023-03-27,ASIANPAINT,,,2798.5,2820,2786.5,2803.75,791560,2218267432.5
2023-03-28,ASIANPAINT,,,2791,2810.6,2765,2784.45,558581,1555342471.3
2023-03-29,ASIANPAINT,,,2784.45,2793.75,2755,2770.5,1087648,3013962064.15
2023-03-31,ASIANPAINT,,,2756.05,2775,2747.5,2761.65,1967803,5432793544.9
2023-04-03,ASIANPAINT,,,2746.95,2781.65,2708.65,2777,1035295,2851708612.55
2023-04-05,ASIANPAINT,,,2760,2811.55,2752.25,2808.5,668643,1862639464.75
2023-04-06,ASIANPAINT,,,2807.45,2825,2786.8,2809.85,627554,1763642312.9
2023-04-10,ASIANPAINT,,,2810,2810,2755.1,2776.35,1215461,3365813180
2023-04-11,ASIANPAINT,,,2790,2790,2750.05,2753.8,1246379,3437652395.85
2023-04-12,ASIANPAINT,,,2755.55,2806.2,2751,2786.75,2235399,6210323795.95
2023-04-13,ASIANPAINT,,,2786.7,2813.3,2782,2809.75,602597,1689563757.7
2023-04-17,ASIANPAINT,,,2825,2845.6,2806,2843.1,754555,2135695747.2
2023-04-18,ASIANPAINT,,,2848,2858.45,2830.1,2854.6,717724,2044535327.3
2023-04-19,ASIANPAINT,,,2836.35,2852.7,2800.65,2809.7,799624,2255150796.2
2023-04-20,ASIANPAINT,,,2820,2851,2813.15,2843.85,761101,2158514875.15
2023-04-21,ASIANPAINT,,,2847.1,2887,2847.1,2882.1,894930,2570689706.35
2023-04-24,ASIANPAINT,,,2882.1,2898,2852,2891.1,782967,2251059008.65
2023-04-25,ASIANPAINT,,,2891.05,2901.75,2864.15,2898,636120,1837929855.25
2023-04-26,ASIANPAINT,,,2896.95,2916.45,2888.05,2910,569221,1653725524.85
2023-04-27,ASIANPAINT,,,2915.5,2920,2893.85,2899.95,599461,1738798605.7
2023-04-28,ASIANPAINT,,,2919.95,2919.95,2846.6,2902.35,1080665,3117513630.2
2023-05-02,ASIANPAINT,,,2910.95,2933.7,2893,2899.55,663800,1930492996.1
2023-05-03,ASIANPAINT,,,2918,2962.4,2897,2929.7,1237193,3630068174.7
2023-05-04,ASIANPAINT,,,2948,2986.15,2922.15,2982.85,1008540,2991635748.4
2023-05-05,ASIANPAINT,,,2971,3025,2951.05,3012.95,1326561,3972730988.6
2023-05-08,ASIANPAINT,,,3015,3035.7,2993,3019.45,941879,2842283880.4
2023-05-09,ASIANPAINT,,,3016.05,3074.8,3010.75,3034.8,1025850,3126287115.85
2023-05-10,ASIANPAINT,,,3042.95,3057,3018.9,3041.4,751851,2284446148.65
2023-05-11,ASIANPAINT,,,3052.05,3156.15,3031.5,3139.75,3229605,9999610804.45
2023-05-12,ASIANPAINT,,,3139,3179.75,3086,3131.1,1998170,6278411068.7
2023-05-15,ASIANPAINT,,,3134.2,3168,3121.05,3132,810281,2552306646.95
2023-05-16,ASIANPAINT,,,3132,3165.7,3122.35,3138.1,822404,2588802311.35
2023-05-17,ASIANPAINT,,,3136,3147.95,3075.55,3092.45,835371,2589661628.75
2023-05-18,ASIANPAINT,,,3105.65,3125,3093.25,3109.05,498067,1549499468
2023-05-19,ASIANPAINT,,,3124,3127.95,3068.05,3084.45,633262,1957246280.1
2023-05-22,ASIANPAINT,,,3070,3105.6,3046,3084.9,659425,2033136415
2023-05-23,ASIANPAINT,,,3087,3127.95,3085,3120.6,581204,1811289391.65
2023-05-24,ASIANPAINT,,,3115,3133.15,3098,3101.5,439465,1368037166.55
2023-05-25,ASIANPAINT,,,3101.5,3129,3086,3123.55,500313,1556205162.55
2023-05-26,ASIANPAINT,,,3123,3136.95,3111.75,3128.4,568249,1776683403.35
2023-05-29,ASIANPAINT,,,3147.2,3155,3116.05,3137.4,535712,1676774540.05
2023-05-30,ASIANPAINT,,,3146.9,3155,3127.55,3144.4,506026,1590827208.4
2023-05-31,ASIANPAINT,,,3151.95,3219.35,3136.45,3192.95,2349066,7494260796.65
2023-06-01,ASIANPAINT,,,3235.35,3249.9,3207,3240.7,1104861,3575856348.15
2023-06-02,ASIANPAINT,,,3239.4,3249.95,3219,3237.25,781973,2531888968.15
2023-06-05,ASIANPAINT,,,3239.95,3239.95,3195,3199.75,492565,1580536275.7
2023-06-06,ASIANPAINT,,,3207.75,3238.9,3195,3212.75,577698,1858367579.4
2023-06-07,ASIANPAINT,,,3217,3229.25,3206.25,3224.8,470038,1513770533.85
2023-06-08,ASIANPAINT,,,3220,3247,3193,3212.25,561161,1804806404.2
2023-06-09,ASIANPAINT,,,3209.8,3238.9,3168.55,3180.55,1239045,3963489132.6
2023-06-12,ASIANPAINT,,,3185.2,3202.35,3151.15,3194.75,1029156,3272962229.95
2023-06-13,ASIANPAINT,,,3210,3272,3205.15,3262.85,1598821,5206621879.85
2023-06-14,ASIANPAINT,,,3265,3289.9,3253,3270.2,741615,2425163503.1
2023-06-15,ASIANPAINT,,,3276,3304,3273.35,3294.35,806994,2655828012.6
2023-06-16,ASIANPAINT,,,3291.75,3322,3286.55,3316.85,984671,3256430329.95
2023-06-19,ASIANPAINT,,,3318.85,3344.95,3303.25,3309.7,516915,1715404356
2023-06-20,ASIANPAINT,,,3315,3326.85,3277.1,3318.7,866290,2859001340.75
2023-06-21,ASIANPAINT,,,3318.7,3333,3300,3316.1,742456,2458944685.45
2023-06-22,ASIANPAINT,,,3325,3326.85,3242.45,3248.05,871640,2859761132.55
2023-06-23,ASIANPAINT,,,3265,3304.15,3253.05,3297.7,1260659,4143086640.4
2023-06-26,ASIANPAINT,,,3295,3315.35,3271.4,3308.15,592801,1957368597.4
2023-06-27,ASIANPAINT,,,3275,3344.5,3273.35,3326,914141,3039619506.95
2023-06-28,ASIANPAINT,,,3331,3355.25,3323.5,3348.25,713110,2384555468.75
2023-06-30,ASIANPAINT,,,3353,3449.6,3343.75,3362.05,1436363,4862364021
2023-07-03,ASIANPAINT,,,3365,3379.95,3337.2,3358.7,474224,1591530172.7
2023-07-04,ASIANPAINT,,,3358.7,3387,3331,3347.7,473663,1586106938.75
2023-07-05,ASIANPAINT,,,3351.35,3400,3340.75,3374.4,632406,2134462655.95
2023-07-06,ASIANPAINT,,,3410,3410,3367.8,3399.4,693995,2352956419.75
2023-07-07,ASIANPAINT,,,3385,3414,3337.15,3343.7,620761,2092190416.25
2023-07-10,ASIANPAINT,,,3345,3372.05,3293.95,3343.15,548838,1828913902.55
2023-07-11,ASIANPAINT,,,3349.95,3399.95,3345,3392.55,772158,2612485104.7
2023-07-12,ASIANPAINT,,,3408,3414.4,3362.25,3406.75,1025127,3478916060.6
2023-07-13,ASIANPAINT,,,3425,3425,3384.35,3398.55,750126,2550282726.25
2023-07-14,ASIANPAINT,,,3398.55,3439,3387,3429.75,832843,2841734117.75
2023-07-17,ASIANPAINT,,,3429.75,3473,3425,3460.4,817694,2820664301.15
2023-07-18,ASIANPAINT,,,3460,3523,3455.6,3513.45,962485,3364763490.45
2023-07-19,ASIANPAINT,,,3520,3530,3482.5,3514.65,620289,2173475302.15
2023-07-20,ASIANPAINT,,,3510.05,3535,3494.95,3526,589848,2076347154.2
2023-07-21,ASIANPAINT,,,3535.95,3537.95,3505,3517.7,857975,3017574294.1
2023-07-24,ASIANPAINT,,,3506,3568,3498.5,3543.7,680246,2403600498.55
2023-07-25,ASIANPAINT,,,3547.9,3547.9,3350,3400.4,2555630,8758536304.05
2023-07-26,ASIANPAINT,,,3399.85,3413,3365,3373,959076,3250525166
2023-07-27,ASIANPAINT,,,3390,3414,3351,3369.4,874078,2951640474.15
2023-07-28,ASIANPAINT,,,3375,3399,3364.5,3390.7,553750,1873090673.9
2023-07-31,ASIANPAINT,,,3323.2,3388,3323.15,3377.35,933890,3139457052.95
2023-08-01,ASIANPAINT,,,3372,3385,3338,3342.95,698667,2340301028.75
2023-08-02,ASIANPAINT,,,3341.2,3371.95,3330.65,3362.9,857218,2874041420.05
2023-08-03,ASIANPAINT,,,3370,3379.95,3317.95,3336.35,711067,2374297846.85
2023-08-04,ASIANPAINT,,,3338.15,3373.3,3323,3339.65,519248,1736908553.35
2023-08-07,ASIANPAINT,,,3316.05,3350,3316,3343,360358,1202697904.2
2023-08-08,ASIANPAINT,,,3343,3359.95,3332.65,3348.05,500258,1674200655.65
2023-08-09,ASIANPAINT,,,3332.55,3356.95,3303,3331,643222,2139329392.45
2023-08-10,ASIANPAINT,,,3310,3320,3230,3237.9,1253219,4076999776.8
2023-08-11,ASIANPAINT,,,3237.9,3248.95,3180,3185.35,919023,2940780182.8
2023-08-14,ASIANPAINT,,,3185.35,3209.9,3152.25,3202.6,815534,2597734022.95
2023-08-16,ASIANPAINT,,,3194.9,3208.85,3176.9,3194.05,597686,1906746025.95
2023-08-17,ASIANPAINT,,,3223.9,3224,3162,3183.25,873392,2778400870.7
2023-08-18,ASIANPAINT,,,3174.9,3185.5,3155,3163.55,592652,1877966411.85
2023-08-21,ASIANPAINT,,,3159.9,3187.5,3152.15,3182.3,353330,1120995437.05
2023-08-22,ASIANPAINT,,,3198.6,3198.6,3171,3179.7,377068,1200052464.85
2023-08-23,ASIANPAINT,,,3186,3196,3165.25,3168.8,370811,1178252480.1
2023-08-24,ASIANPAINT,,,3185,3232.9,3170.9,3225.6,1167742,3753835820.55
2023-08-25,ASIANPAINT,,,3224.9,3265,3216.2,3259.3,1363431,4425445993.35
2023-08-28,ASIANPAINT,,,3264.95,3272,3231.05,3259.7,707315,2304852064.95
2023-08-29,ASIANPAINT,,,3261,3289,3255.05,3285.7,533163,1747907929.95
2023-08-30,ASIANPAINT,,,3301.3,3302.85,3276.4,3294.7,599080,1970771024.45
2023-08-31,ASIANPAINT,,,3300.05,3302,3220,3256.1,1601967,5229384859.8
2023-09-01,ASIANPAINT,,,3241.1,3264.2,3217.1,3259.55,650131,2109482776.8
2023-09-04,ASIANPAINT,,,3259.55,3266.25,3216.1,3235.55,696213,2250828100.2
2023-09-05,ASIANPAINT,,,3245,3248.85,3220,3223.3,597022,1930016980.2
2023-09-06,ASIANPAINT,,,3209,3230,3195,3225.3,754106,2424921818.85
2023-09-07,ASIANPAINT,,,3225.3,3253.75,3201.25,3246.35,923108,2982238499.5
2023-09-08,ASIANPAINT,,,3250.55,3263.05,3232,3238.05,395918,1285764146.05
2023-09-11,ASIANPAINT,,,3242,3265,3242,3259.4,359345,1169200507.25
2023-09-12,ASIANPAINT,,,3260,3279.8,3243,3256.85,554905,1810448074.4
2023-09-13,ASIANPAINT,,,3245,3284.65,3225.3,3277.75,880907,2870266444.4
2023-09-14,ASIANPAINT,,,3282,3294.2,3223.25,3240.25,1102554,3578736751.1
2023-09-15,ASIANPAINT,,,3235,3240,3185,3196.65,1568607,5016626619.75
2023-09-18,ASIANPAINT,,,3200,3229.9,3190,3206.3,673602,2167115317.1
2023-09-20,ASIANPAINT,,,3206.3,3228,3195,3214.35,901084,2888675679.8
2023-09-21,ASIANPAINT,,,3210,3261.2,3180.55,3244.2,845739,2719086597.95
2023-09-22,ASIANPAINT,,,3234.95,3283.6,3221.15,3274.85,896521,2924621657
2023-09-25,ASIANPAINT,,,3272.3,3334.8,3271.15,3323.25,1422084,4714336174.2
2023-09-26,ASIANPAINT,,,3323,3324.9,3260.35,3292.8,834560,2743060927.4
2023-09-27,ASIANPAINT,,,3288,3309,3271.7,3301.8,516326,1700884872.25
2023-09-28,ASIANPAINT,,,3281.8,3289,3155,3170.35,2104381,6725874126.15
2023-09-29,ASIANPAINT,,,3195,3195,3134,3161.05,1550585,4899913073.05
2023-10-03,ASIANPAINT,,,3166.1,3227.8,3162,3166.85,1219145,3887155363.7
2023-10-04,ASIANPAINT,,,3164.95,3189,3151.35,3169.9,892584,2831132462.65
2023-10-05,ASIANPAINT,,,3210,3232.1,3174.3,3206.25,1002610,3208506367
2023-10-06,ASIANPAINT,,,3214.75,3217,3190,3195.75,814257,2605977189.8
2023-10-09,ASIANPAINT,,,3140.05,3163,3132.7,3152.8,700012,2207025609.45
2023-10-10,ASIANPAINT,,,3150,3164.9,3140.05,3151.5,847367,2669464652.25
2023-10-11,ASIANPAINT,,,3169,3185,3152.05,3163.9,1025317,3247876025.65
2023-10-12,ASIANPAINT,,,3186,3188.5,3150.05,3159.1,992531,3135431725.45
2023-10-13,ASIANPAINT,,,3150,3172,3128.25,3148.8,854688,2689927266.85
2023-10-16,ASIANPAINT,,,3124,3128,3096.1,3112.05,853011,2655758018.2
2023-10-17,ASIANPAINT,,,3137,3137,3091.8,3113.55,792640,2465856469.75
2023-10-18,ASIANPAINT,,,3110,3115.2,3090,3096.45,481985,1496344917.95
2023-10-19,ASIANPAINT,,,3087.7,3110.9,3076.1,3101.8,568124,1758727731.4
2023-10-20,ASIANPAINT,,,3092.5,3115.1,3064.55,3105.85,711434,2204334814.9
2023-10-23,ASIANPAINT,,,3096.05,3108.9,3064,3072,374476,1157490160.85
2023-10-25,ASIANPAINT,,,3093.4,3108,3052,3060.8,669290,2062523283.25
2023-10-26,ASIANPAINT,,,3051.1,3055,2940,2960.3,1834111,5475510150.55
2023-10-27,ASIANPAINT,,,2932.8,2974.65,2931,2955.15,1708185,5047160433.3
2023-10-30,ASIANPAINT,,,2974,2991.95,2939.1,2967.1,878885,2607159628.5
2023-10-31,ASIANPAINT,,,2969,3012.75,2966,2995.7,1152306,3451054390.8
2023-11-01,ASIANPAINT,,,2997.95,3008.9,2930,2934.55,1029990,3043165462.15
2023-11-02,ASIANPAINT,,,2961.05,2962,2934,2955.4,900125,2654401760.7
2023-11-03,ASIANPAINT,,,2957,2982.9,2942,2977.85,715997,2126441016.75
2023-11-06,ASIANPAINT,,,2998,3034.05,2983.85,3029.3,620959,1871838596.55
2023-11-07,ASIANPAINT,,,3029.3,3038.95,3002.2,3033.35,757998,2291279142.5
2023-11-08,ASIANPAINT,,,3058,3098.95,3046.2,3095.25,783400,2414188986.5
2023-11-09,ASIANPAINT,,,3100,3111.4,3074.05,3080.2,849702,2627643628.1
2023-11-10,ASIANPAINT,,,3070,3085,3040.1,3076.45,364232,1115647633.35
2023-11-13,ASIANPAINT,,,3098,3098,3065,3085.6,405941,1250134113.5
2023-11-15,ASIANPAINT,,,3085.7,3118.85,3078.7,3116.2,700017,2170906897.2
2023-11-16,ASIANPAINT,,,3119,3140.9,3097.6,3130.3,675454,2111463858.05
2023-11-17,ASIANPAINT,,,3150,3228.25,3145.65,3168.9,1430175,4572143138.9
2023-11-20,ASIANPAINT,,,3168.9,3171.9,3132,3140.35,406431,1278869993.5
2023-11-21,ASIANPAINT,,,3156.9,3156.9,3127,3133.25,409069,1282813126.2
2023-11-22,ASIANPAINT,,,3140,3157,3121.2,3133,489889,1537931540.4
2023-11-23,ASIANPAINT,,,3148,3171.4,3115.15,3122.95,792460,2487557657.05
2023-11-24,ASIANPAINT,,,3118,3139.8,3111,3136.15,756329,2364699220.4
2023-11-28,ASIANPAINT,,,3141.15,3160,3136.15,3148.35,647883,2040837993.45
2023-11-29,ASIANPAINT,,,3148.35,3170,3142,3148.35,620725,1960680377.4
2023-11-30,ASIANPAINT,,,3148.35,3153.95,3108.35,3119.9,1793116,5601766269.5
2023-12-01,ASIANPAINT,,,3146.95,3190.6,3140.25,3173.4,960196,3043767709.25
2023-12-04,ASIANPAINT,,,3190,3204.45,3166.5,3194.55,1018189,3244352091.95
2023-12-05,ASIANPAINT,,,3197,3247.65,3180,3226.25,1005550,3235377814.6
2023-12-06,ASIANPAINT,,,3265,3289,3232.95,3252.55,1229158,4014589483.95
2023-12-07,ASIANPAINT,,,3284,3299.95,3246.85,3251.8,1071725,3501675559.25
2023-12-08,ASIANPAINT,,,3255,3269.8,3227.8,3232,895852,2903535270.85
2023-12-11,ASIANPAINT,,,3230,3245,3185.5,3233,910426,2923149196.6
2023-12-12,ASIANPAINT,,,3228,3257.05,3210,3224.75,1019030,3293219184.2
2023-12-13,ASIANPAINT,,,3240,3254.95,3190.3,3243.65,1052079,3389223419.7
2023-12-14,ASIANPAINT,,,3255,3258.6,3218,3241.35,923107,2988496890.3
2023-12-15,ASIANPAINT,,,3250,3326.35,3242,3313.9,1631687,5365262123.4
2023-12-18,ASIANPAINT,,,3313,3335.8,3296,3332.05,911936,3029490833.8
2023-12-19,ASIANPAINT,,,3335.95,3353.9,3300.15,3336.05,780448,2598531549.85
2023-12-20,ASIANPAINT,,,3336.05,3359.95,3282.65,3297.15,979762,3260440870.2
2023-12-21,ASIANPAINT,,,3280,3320,3271.85,3302.95,1585879,5227175386.6
2023-12-22,ASIANPAINT,,,3309.9,3350.8,3287,3341.3,930563,3099863702.2
2023-12-26,ASIANPAINT,,,3349.95,3391.9,3345.2,3383.35,600190,2022925133.05
2023-12-27,ASIANPAINT,,,3381.05,3409.95,3354,3404.45,837182,2826614984.65
2023-12-28,ASIANPAINT,,,3405,3419.95,3373.05,3397.25,779250,2643732575.2
2023-12-29,ASIANPAINT,,,3410,3422.95,3383.9,3402.4,615676,2094008563.4
2024-01-01,ASIANPAINT,,,3403,3411.8,3389.15,3396.1,283951,964615249.85
2024-01-02,ASIANPAINT,,,3396,3398.9,3345,3391.35,552394,1864837635.55
2024-01-03,ASIANPAINT,,,3391.35,3399,3365,3373.6,379131,1283191878.95
2024-01-04,ASIANPAINT,,,3372,3401.25,3363.8,3379.95,777127,2630794902.25
2024-01-05,ASIANPAINT,,,3379.95,3380.4,3348,3355.55,416956,1402751510.35
2024-01-08,ASIANPAINT,,,3355,3376.5,3294.85,3298.4,545884,1813483826.75
2024-01-09,ASIANPAINT,,,3310,3315,3262.25,3267.5,670704,2205522435.2
2024-01-10,ASIANPAINT,,,3292,3293,3258.2,3286.85,691087,2264157869.2
2024-01-11,ASIANPAINT,,,3286.85,3309.2,3270.7,3288.2,537469,1765643934.3
2024-01-12,ASIANPAINT,,,3294.95,3294.95,3244,3277.8,673004,2197818060.5
2024-01-15,ASIANPAINT,,,3282.2,3287.2,3258.6,3273.9,728116,2380131693.25
2024-01-16,ASIANPAINT,,,3274.95,3320,3273.9,3296.9,748215,2469416279.5
2024-01-17,ASIANPAINT,,,3294.1,3304.35,3193.05,3242.3,2239241,7308999438.65
2024-01-18,ASIANPAINT,,,3257.95,3257.95,3048.6,3163.85,1979174,6229311861.1
2024-01-19,ASIANPAINT,,,3177.8,3201.55,3148.6,3165.85,936201,2968757419.35
2024-01-20,ASIANPAINT,,,3179.9,3189.2,3130.35,3138.8,275937,870982603.55
2024-01-23,ASIANPAINT,,,3087.55,3109,3021.55,3054.7,2365225,7240683404.7
2024-01-24,ASIANPAINT,,,3055,3055,2976.1,2999.45,2665932,7995380686.9
2024-01-25,ASIANPAINT,,,3010.05,3016,2942.3,2949.2,2001961,5928987578.85
2024-01-29,ASIANPAINT,,,2940.05,2988.45,2940.05,2976.05,1862723,5535215219.5
2024-01-30,ASIANPAINT,,,2990,3005,2951.05,2954.1,1273188,3786074346.25
2024-01-31,ASIANPAINT,,,2966,2971.9,2948.05,2957.85,1771244,5235584031.15
2024-02-01,ASIANPAINT,,,2961,2972.85,2919.95,2929.35,3006472,8818024560.35
2024-02-02,ASIANPAINT,,,2950,2962.35,2924.05,2936.3,1881911,5539425205.4
2024-02-05,ASIANPAINT,,,2950,2965,2912,2917.35,923435,2714053455.5
2024-02-06,ASIANPAINT,,,2931,2947,2902.65,2930.95,1471312,4303648767.45
2024-02-07,ASIANPAINT,,,2957,3002.95,2936.05,2981.15,1134012,3364843397.4
2024-02-08,ASIANPAINT,,,2999.75,2999.75,2919.8,2929.6,1633654,4807756583.6
2024-02-09,ASIANPAINT,,,2930,2959,2910.55,2951.65,1144765,3364027574.45
2024-02-12,ASIANPAINT,,,2951.65,2964.95,2920.05,2953.8,614469,1808984058.55
2024-02-13,ASIANPAINT,,,2964.95,2981.25,2945.7,2971.6,717118,2128069980.5
2024-02-14,ASIANPAINT,,,2969.9,2980.8,2936.05,2976.4,750339,2216062148.85
2024-02-15,ASIANPAINT,,,2980,3024.5,2967.45,3016.55,1068730,3203975021.3
2024-02-16,ASIANPAINT,,,3035,3035,3000,3007.9,1179473,3562391587.1
2024-02-19,ASIANPAINT,,,3007.9,3018.7,2987.5,2998.1,560700,1683452581.5
2024-02-20,ASIANPAINT,,,2998.1,3017.1,2972.1,3011.65,729371,2188067985.05
2024-02-21,ASIANPAINT,,,3012.05,3026.75,2983.5,3001.8,927130,2791576252
2024-02-22,ASIANPAINT,,,2983,3027.2,2932.1,3017.4,2615821,7800229559.05
2024-02-23,ASIANPAINT,,,2999,3005,2966.2,2985.95,1650523,4922109873.85
2024-02-26,ASIANPAINT,,,2920,2930,2847.8,2868.45,3524491,10126002330.9
2024-02-27,ASIANPAINT,,,2855,2870,2850.1,2859.55,1296180,3706784500.6
2024-02-28,ASIANPAINT,,,2850.15,2859.4,2785.5,2794.35,2472196,6940885579.35
2024-02-29,ASIANPAINT,,,2785,2838,2776.75,2821.9,2284424,6420187047.8
2024-03-01,ASIANPAINT,,,2832.9,2845.95,2815.05,2831.75,978174,2769700529.9
2024-03-04,ASIANPAINT,,,2860,2860.95,2828,2831.75,971299,2754763776.7
2024-03-05,ASIANPAINT,,,2834,2834.85,2805,2820.4,736381,2078267723.4
2024-03-06,ASIANPAINT,,,2827.95,2839,2777.75,2827.3,1723066,4845072755.85
2024-03-07,ASIANPAINT,,,2825,2894,2825,2870.55,1564364,4489207109.35
2024-03-11,ASIANPAINT,,,2895.55,2896.55,2853.1,2876.85,866546,2489819913.95
2024-03-12,ASIANPAINT,,,2880,2899.9,2865.45,2876.15,663186,1911909308.4
2024-03-13,ASIANPAINT,,,2878.6,2887.25,2835,2860.15,955841,2731509386.65
2024-03-14,ASIANPAINT,,,2860,2898.05,2841,2892.25,1381741,3985587935.2
2024-03-15,ASIANPAINT,,,2895,2896.95,2850,2867.55,1356226,3896900843.55
2024-03-18,ASIANPAINT,,,2866,2866,2817.25,2846.5,940424,2669223600.4
2024-03-19,ASIANPAINT,,,2840,2840,2801,2815.1,1199135,3373029859.7
2024-03-20,ASIANPAINT,,,2815.1,2837.05,2797.55,2824.9,818910,2306641646.85
2024-03-21,ASIANPAINT,,,2845,2845.4,2806,2821.15,1167680,3301616043.45
2024-03-22,ASIANPAINT,,,2821.15,2855.15,2808,2841.5,1652689,4677025707.35
2024-03-26,ASIANPAINT,,,2820,2844.15,2810,2814.65,1372390,3872040833.45
2024-03-27,ASIANPAINT,,,2817.95,2842.85,2817.7,2830.5,1156231,3273815626.6
2024-03-28,ASIANPAINT,,,2835.05,2868,2819,2846.75,1864623,5306465925.6
2024-04-01,ASIANPAINT,,,2860.95,2886.45,2852.35,2871,558086,1601153520.4
2024-04-02,ASIANPAINT,,,2874.05,2892.4,2856,2874.2,562473,1617077347.25
2024-04-03,ASIANPAINT,,,2845,2884.55,2845,2869.35,816676,2341057057.7
2024-04-04,ASIANPAINT,,,2870,2943.25,2851.25,2918.3,1831347,5312424693.85
2024-04-05,ASIANPAINT,,,2924,2927.75,2880,2883.45,1155672,3353047551.7
2024-04-08,ASIANPAINT,,,2908,2908.95,2873.8,2892,570695,1649224098.35
2024-04-09,ASIANPAINT,,,2893,2916.45,2845,2857.15,1017670,2920844644.25
2024-04-10,ASIANPAINT,,,2883.3,2899.1,2858,2896.75,740495,2134711455.2
2024-04-12,ASIANPAINT,,,2890,2893,2845,2854.5,1766311,5047159853.3
2024-04-15,ASIANPAINT,,,2830.2,2853.5,2812.35,2844.4,884519,2510624389.2
2024-04-16,ASIANPAINT,,,2827.65,2841.45,2820,2830,911249,2579407314.8
2024-04-18,ASIANPAINT,,,2855,2859.2,2800.1,2807.7,1732434,4895857242.7
2024-04-19,ASIANPAINT,,,2790,2822.1,2766.15,2808.55,1337807,3731828290.4
2024-04-22,ASIANPAINT,,,2846.6,2846.6,2814.05,2841.85,676040,1916496076.1
2024-04-23,ASIANPAINT,,,2852,2877.95,2844,2874.9,929062,2662348565.55
2024-04-24,ASIANPAINT,,,2882.95,2883.1,2860,2867.75,718441,2061336486.4
2024-04-25,ASIANPAINT,,,2865,2869.9,2829.05,2861.45,1594152,4544702819.4
2024-04-26,ASIANPAINT,,,2870,2878.2,2837.05,2844.15,625507,1786432251.25
2024-04-29,ASIANPAINT,,,2844.15,2873.95,2839,2868.2,566219,1622242766
2024-04-30,ASIANPAINT,,,2855,2912,2855,2875.9,1290649,3729527049.55
2024-05-02,ASIANPAINT,,,2875.1,2988,2875.1,2975.4,2493406,7350609795.55
2024-05-03,ASIANPAINT,,,2983.05,2997,2909.25,2929.75,1594445,4692984701.35
2024-05-06,ASIANPAINT,,,2950,2959,2911.2,2932.15,768806,2257553195.3
2024-05-07,ASIANPAINT,,,2947,2967.95,2904,2913,629534,1844086138.65
2024-05-08,ASIANPAINT,,,2900,2905,2821,2843.3,1652877,4706913138.05
2024-05-09,ASIANPAINT,,,2828,2853.95,2703.8,2710.1,3547959,9798999188.55
2024-05-10,ASIANPAINT,,,2699,2792.6,2670.1,2771.25,2478584,6837900078.45
2024-05-13,ASIANPAINT,,,2771.25,2895,2754.1,2879.25,2748823,7839198201.75
2024-05-14,ASIANPAINT,,,2879,2888,2842,2866.15,999330,2864330363.75
2024-05-15,ASIANPAINT,,,2866.15,2874.25,2806.15,2813.7,1230520,3489365278.45
2024-05-16,ASIANPAINT,,,2821.05,2837.6,2786.55,2814.05,1534319,4301443504.6
2024-05-17,ASIANPAINT,,,2814.6,2838.2,2786.1,2809.9,1325150,3721729477.65
2024-05-21,ASIANPAINT,,,2815,2866.95,2801,2851.8,921822,2622249016.8
2024-05-22,ASIANPAINT,,,2851.8,2895,2836.6,2885.75,933846,2688568407.95
2024-05-23,ASIANPAINT,,,2885,2921.25,2877.3,2903.75,1181894,3425881206.8
2024-05-24,ASIANPAINT,,,2910.2,2910.2,2867,2874.75,755822,2179295662.85
2024-05-27,ASIANPAINT,,,2887.9,2898.3,2855.55,2872.3,817091,2352287254.4
2024-05-28,ASIANPAINT,,,2875.85,2921,2864,2911.2,1084544,3143120141.7
2024-05-29,ASIANPAINT,,,2896,2921.7,2881.1,2900.15,1758297,5107664054.8
2024-05-30,ASIANPAINT,,,2875.25,2910.85,2875,2883.7,1344426,3885333695.3
2024-05-31,ASIANPAINT,,,2883.7,2906,2855.6,2881.2,2520363,7263060163.5
2024-06-03,ASIANPAINT,,,2950,2950,2860.05,2866.45,952701,2745256624.95
2024-06-04,ASIANPAINT,,,2880,2897,2775.75,2857.65,2683847,7670515984.55
2024-06-05,ASIANPAINT,,,2864.5,3027.3,2864.5,2961.75,2410576,7172367696.6
2024-06-06,ASIANPAINT,,,2960,2961.75,2882.25,2904.8,1689408,4929738361.25
2024-06-07,ASIANPAINT,,,2904.8,2943.1,2888.85,2927.7,1600180,4679533601.75
2024-06-10,ASIANPAINT,,,2928,2951.9,2915,2937.55,876867,2573629171.05
2024-06-11,ASIANPAINT,,,2915,2920.35,2895,2902.45,855430,2488140426.2
2024-06-12,ASIANPAINT,,,2909,2918,2865.65,2905.8,1701770,4920597117.95
2024-06-13,ASIANPAINT,,,2929,2929,2905,2910,726380,2115645015.1
2024-06-14,ASIANPAINT,,,2910,2931.35,2905.1,2921.6,982815,2871043073.05
2024-06-18,ASIANPAINT,,,2921.6,2928,2905,2918.5,741098,2161437869.1
2024-06-19,ASIANPAINT,,,2918,2920,2882.65,2891.7,1018294,2949698632.65
2024-06-20,ASIANPAINT,,,2885,2924.5,2872.4,2915.5,1129752,3283019639.35
2024-06-21,ASIANPAINT,,,2925,2928,2880.1,2890.85,1722379,4985713403
2024-06-24,ASIANPAINT,,,2883,2899.95,2871.4,2896.05,892125,2575019859.65
2024-06-25,ASIANPAINT,,,2876,2894.95,2856,2858.45,1217792,3499661269.55
2024-06-26,ASIANPAINT,,,2860.2,2873.85,2844.05,2863.35,960622,2749722792.75
2024-06-27,ASIANPAINT,,,2860.75,2903,2845,2880.85,1628022,4679825283.05
2024-06-28,ASIANPAINT,,,2865,2932,2862.2,2917.05,1206712,3517556522.7
2024-07-01,ASIANPAINT,,,2889.3,2939,2888,2927.8,1104110,3224747087.05
2024-07-02,ASIANPAINT,,,2927.8,2936,2912,2925.6,1064295,3111815663.05
2024-07-03,ASIANPAINT,,,2929.7,2948.95,2916,2925.55,925189,2714682877.6
2024-07-04,ASIANPAINT,,,2940,2968.45,2923,2934.9,968666,2852878532.3
2024-07-05,ASIANPAINT,,,2937.15,2946.9,2913.1,2935.9,817429,2395195710.15
2024-07-08,ASIANPAINT,,,2935.9,2935.9,2890.7,2898.15,828260,2403674177.6
2024-07-09,ASIANPAINT,,,2908.95,2913.2,2890,2905,685431,1990848226.25
2024-07-10,ASIANPAINT,,,2900.05,3014.5,2894.35,2996.45,2299950,6831561456.5
2024-07-11,ASIANPAINT,,,2999,3030,2973,3022.05,1968980,5927369218.8
2024-07-12,ASIANPAINT,,,3025,3052,2970.9,2999.15,1879930,5656716521.1
2024-07-15,ASIANPAINT,,,2999,2999,2932.55,2956.5,2425341,7175683580.4
2024-07-16,ASIANPAINT,,,2959,3015.95,2941.5,2974.45,2085611,6217096947.95
2024-07-18,ASIANPAINT,,,2875,2957.9,2842,2931.55,5384611,15679125504.85
2024-07-19,ASIANPAINT,,,2925,2980,2917.25,2946.05,2164746,6396837442.55
2024-07-22,ASIANPAINT,,,2937,2973.35,2917.15,2934.3,1616347,4754777012.15
2024-07-23,ASIANPAINT,,,2934.3,2947.3,2886,2897.1,1906312,5544642541
2024-07-24,ASIANPAINT,,,2901,2927,2886.2,2912.8,1476148,4292630553.45
2024-07-25,ASIANPAINT,,,2892.05,2908.7,2885.25,2901.4,1239922,3592207689.3
2024-07-26,ASIANPAINT,,,2902.2,2964.45,2900.7,2950.15,1359780,4003474150.05
2024-07-29,ASIANPAINT,,,2953.05,2965.1,2936,2954.7,854408,2519195555.4
2024-07-30,ASIANPAINT,,,2973.5,3032.8,2970,3005.05,2144591,6454269850.55
2024-07-31,ASIANPAINT,,,3005.05,3098,3005.05,3084.45,3549501,10916681612.3
2024-08-01,ASIANPAINT,,,3088,3128.95,3062.8,3099.35,1675122,5189968471.15
2024-08-02,ASIANPAINT,,,3070,3129.05,3060,3106.7,1348780,4189486747.3
2024-08-05,ASIANPAINT,,,3069.95,3145,3055.3,3093.4,2019141,6260642149.6
2024-08-06,ASIANPAINT,,,3101.7,3135,3086.05,3101.75,885743,2759946792.5
2024-08-07,ASIANPAINT,,,3101.75,3118.5,3060.05,3101.45,1907105,5893581945.65
2024-08-08,ASIANPAINT,,,3080,3089.7,2990.4,3005.4,1280109,3876159960.85
2024-08-09,ASIANPAINT,,,3039,3052.75,2966,3040.6,1665414,5015058264.1
2024-08-12,ASIANPAINT,,,3020,3084,3003.7,3053.2,1736881,5297604231.75
2024-08-13,ASIANPAINT,,,3054.9,3059.8,3013,3023.55,502260,1520943645.4
2024-08-14,ASIANPAINT,,,3034.8,3034.8,2994.05,3025.85,454671,1371385382
2024-08-16,ASIANPAINT,,,3054,3054,3003,3048.15,514229,1558275567.55
2024-08-19,ASIANPAINT,,,3053.95,3087.85,3038.35,3076.3,542858,1665814594.2
2024-08-20,ASIANPAINT,,,3096,3106.35,3078,3103.2,668282,2070318511.65
2024-08-21,ASIANPAINT,,,3101,3170.6,3084.05,3151.55,1186536,3727054259.95
2024-08-22,ASIANPAINT,,,3167,3198.65,3156.05,3186.6,1540888,4909720413.55
2024-08-23,ASIANPAINT,,,3190,3198.6,3148.75,3154.65,779284,2465354965.35
2024-08-26,ASIANPAINT,,,3155,3177.45,3141.5,3171.35,472874,1496462539.95
2024-08-27,ASIANPAINT,,,3154,3203.65,3150,3166.2,1003501,3193917624.15
2024-08-28,ASIANPAINT,,,3152.95,3165.5,3118.8,3125.5,538366,1688663684.45
2024-08-29,ASIANPAINT,,,3125.5,3143.95,3092.7,3115.85,849866,2648052661.35
2024-08-30,ASIANPAINT,,,3130.05,3166.75,3110.7,3126.8,1567031,4907995960.05
2024-09-02,ASIANPAINT,,,3148,3184,3139.6,3150.95,702358,2216146359.9
2024-09-03,ASIANPAINT,,,3164.95,3174.55,3147.5,3154.85,577471,1824510722.7
2024-09-04,ASIANPAINT,,,3155.5,3252,3155.5,3231.65,2379110,7676748459.45
2024-09-05,ASIANPAINT,,,3240,3257,3217,3238.25,1482119,4801805690
2024-09-06,ASIANPAINT,,,3238,3285.9,3225.35,3273.7,2131256,6959675271.85
2024-09-09,ASIANPAINT,,,3273.7,3314,3258,3280.75,1272289,4177934330.6
2024-09-10,ASIANPAINT,,,3290,3310,3270.9,3295.05,928920,3061115127.1
2024-09-11,ASIANPAINT,,,3315,3382.95,3315,3367.45,2561892,8604019495.95
2024-09-12,ASIANPAINT,,,3370,3393,3340.3,3383.25,1643536,5544828604.6
2024-09-13,ASIANPAINT,,,3355.55,3369.7,3320.9,3358.05,1029400,3448090898.6
2024-09-16,ASIANPAINT,,,3360,3394.9,3330.6,3335.8,1019280,3421184305
2024-09-17,ASIANPAINT,,,3335.8,3349.9,3301.8,3312.8,586834,1948261684.6
2024-09-18,ASIANPAINT,,,3312.8,3324.85,3251.55,3274.65,410510,1347860703.85
2024-09-19,ASIANPAINT,,,3294,3320,3275,3293.85,963456,3176109126.6
2024-09-20,ASIANPAINT,,,3304,3324.8,3266.05,3306.95,1504277,4972072194.6
2024-09-23,ASIANPAINT,,,3316.95,3324.9,3273.2,3277.45,522775,1718654865.7
2024-09-24,ASIANPAINT,,,3277.45,3297.75,3241.1,3248.4,1057933,3457921906.4
2024-09-25,ASIANPAINT,,,3252,3252,3206.75,3244.75,740636,2391202343.4
2024-09-26,ASIANPAINT,,,3250,3285.85,3227.1,3277.05,951080,3101193912.05
2024-09-27,ASIANPAINT,,,3290.95,3337.95,3277.05,3310.75,1315996,4359423052.1
2024-09-30,ASIANPAINT,,,3310.75,3358,3305.15,3329.1,1088162,3629855462.65
2024-10-01,ASIANPAINT,,,3317,3328.95,3244.05,3277.35,968660,3167047543.55
2024-10-03,ASIANPAINT,,,3192.3,3225.9,3126.5,3149.3,1741363,5507935530.1
2024-10-04,ASIANPAINT,,,3135,3156.75,3054.55,3072.5,1551818,4807655328.65
2024-10-07,ASIANPAINT,,,3075,3098.55,3038,3062.25,909812,2784571947.3
2024-10-08,ASIANPAINT,,,3058,3099,3045.65,3088.05,817718,2518252922.45
2024-10-09,ASIANPAINT,,,3095.55,3146.7,3071.75,3078.85,1225598,3800755073.15
2024-10-10,ASIANPAINT,,,3090.05,3095,3043,3059.1,1161933,3554940363.8
2024-10-11,ASIANPAINT,,,3059.2,3064,3026,3037.2,976017,2967037962.35
2024-10-14,ASIANPAINT,,,3037,3055,3017.2,3039.15,716011,2176069508.4
2024-10-15,ASIANPAINT,,,3075,3096.8,3047.65,3067.1,1242322,3816523237.45
2024-10-16,ASIANPAINT,,,3088,3103.55,3066.1,3082.1,764001,2354035992.8
2024-10-17,ASIANPAINT,,,3082.9,3085,3037,3055.85,674481,2059421914.05
2024-10-18,ASIANPAINT,,,3057,3069,2980.6,2992.15,899318,2714147955.15
2024-10-21,ASIANPAINT,,,3007.05,3057,3000.55,3049.2,806970,2446114222.65
2024-10-22,ASIANPAINT,,,3054,3057.95,2995.25,3006.85,541838,1635016971.6
2024-10-23,ASIANPAINT,,,2999.95,3026.5,2972.05,2989.7,624689,1873975356.55
2024-10-24,ASIANPAINT,,,2989.7,3002.3,2951,2972,571259,1698721046.05
2024-10-25,ASIANPAINT,,,2975.5,3015.55,2952,2958,1047769,3122938107.2
2024-10-28,ASIANPAINT,,,2987.9,3021.7,2963.05,3001.85,504961,1516224588.5
2024-10-29,ASIANPAINT,,,3020,3028,2941.1,2992.85,613459,1827739369.7
2024-10-30,ASIANPAINT,,,3006,3006,2963.55,2996.65,812725,2429574195.65
2024-10-31,ASIANPAINT,,,2994.2,2996.5,2919,2935.65,1031171,3038232477.6
2024-11-04,ASIANPAINT,,,2962.15,2962.15,2885.5,2915.3,1146008,3335145770.85
2024-11-05,ASIANPAINT,,,2895,2918.8,2872.7,2887.3,935516,2708401892.15
2024-11-06,ASIANPAINT,,,2890.5,2907.85,2860,2897.3,1817087,5242139767.65
2024-11-07,ASIANPAINT,,,2900,2904.95,2825,2842.85,1112515,3176141257.3
2024-11-08,ASIANPAINT,,,2842.85,2847,2762.4,2769.45,2060486,5745322672.7
2024-11-11,ASIANPAINT,,,2565.05,2598.75,2506,2543.1,8855022,22506855546.95
2024-11-12,ASIANPAINT,,,2535,2535,2470,2474.85,3445983,8605693685.3
2024-11-13,ASIANPAINT,,,2470,2498,2451.1,2470.5,1803849,4457359090.55
2024-11-14,ASIANPAINT,,,2482.8,2501.75,2466.2,2483.15,1206975,2994427872.3
2024-11-18,ASIANPAINT,,,2520,2520,2470.8,2483.7,945477,2357435512.15
2024-11-19,ASIANPAINT,,,2488,2503.2,2472.35,2483.7,941558,2343395970.15
2024-11-21,ASIANPAINT,,,2454.7,2465.95,2425,2428.15,1377624,3359313627.2
2024-11-22,ASIANPAINT,,,2430,2493.95,2422.95,2472.2,3805854,9374065272.65
2024-11-25,ASIANPAINT,,,2505,2507.95,2450.05,2459.7,1857124,4581878684.45
2024-11-26,ASIANPAINT,,,2459.9,2518,2457.6,2505,1152258,2882897491.1
2024-11-27,ASIANPAINT,,,2517.5,2517.65,2480,2491.9,864733,2154841813.85
2024-11-28,ASIANPAINT,,,2500,2506,2453.3,2458.05,1506233,3717832912.45
2024-11-29,ASIANPAINT,,,2458.05,2491.5,2455.05,2479.6,1030935,2556363987.2
2024-12-02,ASIANPAINT,,,2479.6,2486,2461.35,2479.05,914674,2264067727.5
2024-12-03,ASIANPAINT,,,2494,2494,2463.5,2469.4,1344774,3322229911.65
2024-12-04,ASIANPAINT,,,2478.9,2479.1,2453.2,2459.45,1005016,2478164524.35
2024-12-05,ASIANPAINT,,,2465,2466.9,2423.9,2452.2,3190866,7797976360.9
2024-12-06,ASIANPAINT,,,2468,2468,2427,2429.7,1736042,4229341851.15
2024-12-09,ASIANPAINT,,,2438.15,2439,2387,2391.85,2301291,5521865063.35
2024-12-10,ASIANPAINT,,,2399.9,2404.65,2385.05,2388.9,1657888,3963746939.6
2024-12-11,ASIANPAINT,,,2399.75,2428,2392.65,2417.3,1337745,3229981540.5
2024-12-12,ASIANPAINT,,,2413,2415,2380.7,2389.55,1089049,2608230600.9
2024-12-13,ASIANPAINT,,,2389.55,2412,2354,2407.65,1150900,2748117983.75
2024-12-16,ASIANPAINT,,,2419.95,2419.95,2386.15,2402.25,987790,2368387855.65
2024-12-17,ASIANPAINT,,,2388,2399.9,2350.5,2356,1258249,2981907230.1
2024-12-18,ASIANPAINT,,,2356.8,2372.7,2341,2345.45,855724,2017239137.85
2024-12-19,ASIANPAINT,,,2325,2325,2265.35,2291.85,2784410,6364400825.25
2024-12-20,ASIANPAINT,,,2297,2318,2276,2282.35,1719699,3946630739.2
2024-12-23,ASIANPAINT,,,2300,2302.55,2266.05,2279.2,855677,1953722773.7
2024-12-24,ASIANPAINT,,,2282.1,2295,2277.15,2284,601634,1375437152.75
2024-12-26,ASIANPAINT,,,2284,2287.45,2256.5,2262.4,1267383,2873763813.2
2024-12-27,ASIANPAINT,,,2270.25,2290.8,2260.05,2271.4,822000,1869588002.05
2024-12-30,ASIANPAINT,,,2280.25,2298.8,2256.8,2288.25,1076978,2452839310.7
2024-12-31,ASIANPAINT,,,2280,2297.65,2273,2281.35,685486,1565857129.3
2025-01-01,ASIANPAINT,,,2280,2323.2,2280,2304.65,1067329,2465706808.35
2025-01-02,ASIANPAINT,,,2314,2347.95,2294,2343.25,1342922,3125638365.7
2025-01-03,ASIANPAINT,,,2344,2348.95,2322.15,2335.95,1355358,3168278875.65
2025-01-06,ASIANPAINT,,,2335.95,2340,2256.7,2267.15,1191044,2718712345.65
2025-01-07,ASIANPAINT,,,2272,2316,2272,2292.6,740798,1700879585.5
2025-01-08,ASIANPAINT,,,2287.05,2338,2272.7,2334.35,1439655,3323261023.35
2025-01-09,ASIANPAINT,,,2341.9,2361.4,2321.3,2350.2,1362314,3197947715.2
2025-01-10,ASIANPAINT,,,2335.6,2348.9,2316,2320.75,1214382,2828428867.5
2025-01-13,ASIANPAINT,,,2291.75,2301.9,2246.4,2252.65,1181928,2685467190.4
2025-01-14,ASIANPAINT,,,2269,2286.35,2237,2239.95,1317678,2967215703.55
2025-01-15,ASIANPAINT,,,2249,2253.75,2220,2229.7,1308999,2916962123.95
2025-01-16,ASIANPAINT,,,2239,2239.85,2207.8,2215.6,1936132,4292658861.25
2025-01-17,ASIANPAINT,,,2225.65,2269.05,2212.5,2261,878871,1977515476.85
2025-01-20,ASIANPAINT,,,2272.25,2286.9,2251,2280.55,555730,1264478025.35
2025-01-21,ASIANPAINT,,,2280.55,2315,2255,2260.35,1410331,3221318199.95
2025-01-22,ASIANPAINT,,,2270,2270,2244.9,2262.1,835523,1886055484.7
2025-01-23,ASIANPAINT,,,2262.1,2301.8,2246.2,2276.35,1142498,2605952417.25
2025-01-24,ASIANPAINT,,,2283,2296.55,2255.05,2262.4,543217,1235187855.45
2025-01-27,ASIANPAINT,,,2255.3,2277.75,2246.2,2251.5,1097947,2484215160.45
2025-01-28,ASIANPAINT,,,2260,2267.05,2234.1,2241.8,897503,2020930748.45
2025-01-29,ASIANPAINT,,,2241.8,2246.8,2212.05,2223.15,1281122,2850587861.1
2025-01-30,ASIANPAINT,,,2223.15,2259.25,2215,2249.85,1155749,2593055630.55
2025-01-31,ASIANPAINT,,,2255,2305,2234.85,2300.8,1292925,2948269208.7
2025-02-01,ASIANPAINT,,,2312,2389,2285.3,2351.15,1318652,3093674162.85
2025-02-03,ASIANPAINT,,,2351.15,2364.45,2277.7,2292.25,1070392,2472481932.9
2025-02-04,ASIANPAINT,,,2304.65,2418.6,2263.75,2354.35,5373740,12601180853.7
2025-02-05,ASIANPAINT,,,2269,2295.55,2237.25,2275.2,3474657,7879837292.45
2025-02-06,ASIANPAINT,,,2287.2,2298.9,2260.25,2263.4,1285982,2925006807.85
2025-02-07,ASIANPAINT,,,2266,2276.3,2243.2,2271,1336756,3021527893.6
2025-02-10,ASIANPAINT,,,2271.05,2278,2254,2270.15,1181565,2678729501.15
2025-02-11,ASIANPAINT,,,2279,2282.9,2226,2240.85,1607952,3610719513.2
2025-02-12,ASIANPAINT,,,2241.85,2247.95,2185.7,2228.25,1181718,2619371809.05
2025-02-13,ASIANPAINT,,,2228.25,2249.95,2220,2236.4,921923,2062108958.45
2025-02-14,ASIANPAINT,,,2236.4,2250.55,2203,2231.3,1380052,3068508976.4
2025-02-17,ASIANPAINT,,,2231.3,2260,2226.05,2250.85,923979,2077033206.25
2025-02-18,ASIANPAINT,,,2248,2251.95,2218.75,2237.6,735853,1642444694.15
2025-02-19,ASIANPAINT,,,2237.6,2249.8,2226.1,2239.1,645236,1444575842.95
2025-02-20,ASIANPAINT,,,2239.1,2257.1,2231.05,2249.05,637444,1433327262.8
2025-02-21,ASIANPAINT,,,2249.05,2265.8,2237,2257.6,755633,1700851811.35
2025-02-24,ASIANPAINT,,,2245.9,2259,2241,2246.2,765060,1721098413.6
2025-02-25,ASIANPAINT,,,2246.2,2257.1,2217.7,2224.75,947724,2122652414.65
2025-02-27,ASIANPAINT,,,2214,2228.4,2198,2213.65,1027196,2272965793.5
2025-02-28,ASIANPAINT,,,2210,2211.35,2175.8,2179.75,1701193,3719003064.95
2025-03-03,ASIANPAINT,,,2179.75,2193.35,2129,2166.4,959075,2067430347
2025-03-04,ASIANPAINT,,,2154.05,2159.85,2124.75,2132.1,2181015,4669465647.15
2025-03-05,ASIANPAINT,,,2132,2182.8,2124.75,2164.15,1535212,3313036251.6
2025-03-06,ASIANPAINT,,,2189.85,2275,2183.1,2267.7,1985096,4457070034.45
2025-03-07,ASIANPAINT,,,2267.7,2277.95,2248,2270,921429,2086915604.7
2025-03-10,ASIANPAINT,,,2270,2293,2261.85,2278.6,1072395,2446483758.8
2025-03-11,ASIANPAINT,,,2274,2290.9,2257.9,2287.4,601228,1371817056.15
2025-03-12,ASIANPAINT,,,2287.4,2295.95,2247,2251.3,749232,1694379970
2025-03-13,ASIANPAINT,,,2255.25,2257.2,2222.5,2231.3,747500,1673995004.85
2025-03-17,ASIANPAINT,,,2205,2239.25,2196.05,2219.55,838016,1853094353.45
2025-03-18,ASIANPAINT,,,2230.65,2290,2222.75,2273.95,816364,1846673569.2
2025-03-19,ASIANPAINT,,,2274,2287.95,2267.85,2280.7,663342,1512003146.95
2025-03-20,ASIANPAINT,,,2290,2307,2268.75,2287.2,1166849,2671231103.95
2025-03-21,ASIANPAINT,,,2291.65,2314.5,2277.85,2300.4,1624115,3739093016.95
2025-03-24,ASIANPAINT,,,2302.4,2330.25,2302.1,2322.5,1100353,2547788335.3
2025-03-25,ASIANPAINT,,,2325,2344.5,2308,2330.75,1828005,4251579023.8
2025-03-26,ASIANPAINT,,,2340,2340.95,2304,2323.15,1934492,4486225170.45
2025-03-27,ASIANPAINT,,,2315,2350.1,2290.5,2338.1,1497869,3490826200.35
2025-03-28,ASIANPAINT,,,2343.95,2364,2325,2340.65,1281871,3004027398.6
2025-04-01,ASIANPAINT,,,2342,2361.7,2305.75,2316,970583,2258365027.6
2025-04-02,ASIANPAINT,,,2328,2328.4,2292.15,2306.65,792695,1826196169.7
2025-04-03,ASIANPAINT,,,2295,2354.9,2289.8,2349.4,608846,1424439299.45
2025-04-04,ASIANPAINT,,,2349.4,2363.95,2302.8,2356.05,1163188,2718599396.85
2025-04-07,ASIANPAINT,,,2190,2354,2190,2341.35,1745827,4066309645.1
2025-04-08,ASIANPAINT,,,2356,2420,2356,2394.2,1876867,4495681154.35
2025-04-09,ASIANPAINT,,,2400,2429.45,2390.9,2411.15,1186947,2866811898.2
2025-04-11,ASIANPAINT,,,2439.5,2448,2380.25,2393.6,968152,2320426188
2025-04-15,ASIANPAINT,,,2414.9,2425,2385,2415.7,1141279,2749444084.7
2025-04-16,ASIANPAINT,,,2405.1,2468.5,2403.7,2459.9,1166700,2859611268.6
2025-04-17,ASIANPAINT,,,2459.9,2476.4,2431,2467.9,885842,2181085537.1
2025-04-21,ASIANPAINT,,,2465.9,2470.9,2441,2445,541913,1330797649.8
2025-04-22,ASIANPAINT,,,2445,2450,2413.5,2432,543658,1323769901.6
2025-04-23,ASIANPAINT,,,2437,2456.6,2425.6,2453.1,744696,1819920596.4
2025-04-24,ASIANPAINT,,,2450,2491,2435.9,2464.4,1203452,2967336184.4
2025-04-25,ASIANPAINT,,,2464.3,2468.7,2413.7,2431.6,702217,1708355787.6
2025-04-28,ASIANPAINT,,,2419.9,2459.8,2405,2452.2,554922,1354485970.8
2025-04-29,ASIANPAINT,,,2460,2472,2441.6,2451.1,1235066,3033872117.5
2025-04-30,ASIANPAINT,,,2450,2462.2,2401.5,2425.7,1479678,3598936957
2025-05-02,ASIANPAINT,,,2425,2444.9,2398,2409.8,928084,2247136438.6
2025-05-05,ASIANPAINT,,,2423.1,2475,2423.1,2436.9,1229593,3017608685.6
2025-05-06,ASIANPAINT,,,2442,2449.9,2391.1,2418,702819,1696015229.2
2025-05-07,ASIANPAINT,,,2388,2405.7,2318.5,2334.1,1711760,4043139077
2025-05-08,ASIANPAINT,,,2322,2349.1,2293.5,2302.6,2292261,5315292783
2025-05-09,ASIANPAINT,,,2246.6,2331.8,2245,2299.6,1503010,3457441372.6
2025-05-12,ASIANPAINT,,,2330,2378.5,2321,2356.4,940135,2216852600.7
2025-05-13,ASIANPAINT,,,2354,2358,2315.1,2324.6,1220489,2842270299
2025-05-14,ASIANPAINT,,,2319,2319,2277.1,2282.3,1549845,3546048010.4
2025-05-15,ASIANPAINT,,,2285,2335.5,2268,2329.9,1675016,3863590864
2025-05-16,ASIANPAINT,,,2333.9,2355,2315,2353.6,785113,1837268694.2
2025-05-19,ASIANPAINT,,,2353.6,2378.9,2326.6,2331.4,552961,1297928267.5
2025-05-20,ASIANPAINT,,,2347.5,2347.7,2291.4,2295.6,1095846,2527289936
2025-05-21,ASIANPAINT,,,2296,2316.2,2290,2312.4,469330,1083076347.7
2025-05-22,ASIANPAINT,,,2309.2,2310,2283.1,2299.2,916504,2105208273.1
2025-05-23,ASIANPAINT,,,2301.8,2329,2295,2315.5,458035,1060977681.9
2025-05-26,ASIANPAINT,,,2316,2338,2302.8,2327.2,1258062,2917099101.9
2025-05-27,ASIANPAINT,,,2313.1,2351.6,2301.1,2327.6,2485428,5797981367.6
2025-05-28,ASIANPAINT,,,2327.6,2333,2300.3,2303.2,774808,1788386495.7
2025-05-29,ASIANPAINT,,,2303.2,2309,2286.5,2294.3,1414643,3244658118.7
2025-05-30,ASIANPAINT,,,2296.5,2304,2255,2259.1,3610474,8173046111.5
2025-06-02,ASIANPAINT,,,2259.1,2272.3,2257.9,2266.7,702789,1592180294.9
2025-06-03,ASIANPAINT,,,2272.6,2287.3,2246.7,2255.7,792587,1790540599.8
2025-06-04,ASIANPAINT,,,2249.5,2261,2240.9,2249,768084,1727151815.7
2025-06-05,ASIANPAINT,,,2251.1,2261,2233,2243.5,996615,2236494687.3
2025-06-06,ASIANPAINT,,,2249.1,2252.6,2239,2245.2,822087,1845464870.7
2025-06-09,ASIANPAINT,,,2240,2255.8,2236,2247.9,1041859,2340993113.8
2025-06-10,ASIANPAINT,,,2240,2240,2215.2,2218.9,1809078,4021564944.3
2025-06-11,ASIANPAINT,,,2209,2225.9,2207.2,2208.8,1431027,3168720833.5
2025-06-12,ASIANPAINT,,,2224,2263,2208.1,2219.4,3417375,7644803902
2025-06-13,ASIANPAINT,,,2175,2217.1,2174.8,2214.2,1786808,3936259598.6
2025-06-16,ASIANPAINT,,,2214.2,2250,2209.3,2244.8,1301826,2908099540
2025-06-17,ASIANPAINT,,,2231,2281,2227,2264.8,1540986,3489541462.2
2025-06-18,ASIANPAINT,,,2257,2284,2255,2281.4,1131156,2571276672
2025-06-19,ASIANPAINT,,,2270,2285,2264,2268,524936,1194609089.7
2025-06-20,ASIANPAINT,,,2267,2289.9,2263,2285.7,1945030,4441432827.3
2025-06-23,ASIANPAINT,,,2261.2,2272.8,2253.9,2264.1,596186,1349508429.4
2025-06-24,ASIANPAINT,,,2305,2309.7,2268.9,2275.3,1044179,2386826686.1
2025-06-25,ASIANPAINT,,,2276.1,2294.3,2275.4,2279.9,807391,1842073400.2
2025-06-26,ASIANPAINT,,,2287,2292.6,2280.2,2289.8,921519,2108187443.9
2025-06-27,ASIANPAINT,,,2283,2364.5,2277.1,2358.7,1555259,3632156218.3
2025-06-30,ASIANPAINT,,,2362,2369.9,2326.1,2341.1,785414,1838797546
2025-07-01,ASIANPAINT,,,2380.5,2400,2350.2,2369.5,1232160,2923027853.1
2025-07-02,ASIANPAINT,,,2340,2430,2327,2419.4,1936060,4618993872.2
2025-07-03,ASIANPAINT,,,2428.9,2464.4,2425,2430.9,1547489,3782822817.8
2025-07-04,ASIANPAINT,,,2430.9,2443,2412,2424.2,602320,1460265353.9
2025-07-07,ASIANPAINT,,,2423.3,2465.1,2421,2442.8,869054,2125438016.9
2025-07-08,ASIANPAINT,,,2440.5,2488,2437.3,2484.6,1136367,2805613212.2
2025-07-09,ASIANPAINT,,,2520.5,2535,2492.9,2498.9,2328785,5847545663.9
2025-07-10,ASIANPAINT,,,2507.3,2512,2445.1,2451.2,932978,2308743113.1
2025-07-11,ASIANPAINT,,,2447.5,2484.8,2435.5,2439.2,1050466,2580476380.1
2025-07-14,ASIANPAINT,,,2431.1,2448.6,2391,2401.6,891624,2145638312.6
2025-07-15,ASIANPAINT,,,2409.9,2415,2386.3,2393.5,610228,1462397463.3
2025-07-16,ASIANPAINT,,,2381,2422.4,2371,2410.5,1200913,2888301085.2
2025-07-17,ASIANPAINT,,,2404.1,2414,2394,2398.9,526164,1264229735.3
2025-07-18,ASIANPAINT,,,2400.6,2405,2372.3,2382.4,599552,1429740039.3
2025-07-21,ASIANPAINT,,,2382.4,2408,2360.8,2375.4,390934,927244568.9
2025-07-22,ASIANPAINT,,,2375.4,2380.8,2361.3,2365.2,411317,973945345.9
2025-07-23,ASIANPAINT,,,2363,2384.7,2352.6,2375.4,368999,872301520.9
2025-07-24,ASIANPAINT,,,2375.4,2380,2341,2352.1,506960,1194573369.3
2025-07-25,ASIANPAINT,,,2340,2350.5,2325.8,2336.2,383636,896546545.9
2025-07-28,ASIANPAINT,,,2336.2,2366.4,2320,2359.6,650364,1528910548.3
2025-07-29,ASIANPAINT,,,2359,2418.3,2325,2401.5,1742815,4159305149.8
2025-07-30,ASIANPAINT,,,2409,2443.8,2366.5,2415.8,1685818,4077205818.8
2025-07-31,ASIANPAINT,,,2401.4,2417.2,2373.5,2396.1,1274735,3059012568.5
2025-08-01,ASIANPAINT,,,2378,2472,2378,2431,2225293,5444503615.1
2025-08-04,ASIANPAINT,,,2443.2,2467,2439.6,2449.8,1165898,2859689906
2025-08-05,ASIANPAINT,,,2461.9,2463.7,2409.1,2436.8,659094,1603480439
2025-08-06,ASIANPAINT,,,2440,2505.6,2440,2491.2,2019109,5021094057.1
2025-08-07,ASIANPAINT,,,2484.1,2510,2466.9,2506.5,1502806,3743002537.3
2025-08-08,ASIANPAINT,,,2506.5,2511.7,2468.5,2475.6,1178226,2935702156.3
2025-08-11,ASIANPAINT,,,2463.9,2504.2,2452,2489.1,721135,1791520953.6
2025-08-12,ASIANPAINT,,,2489.1,2502.8,2474,2478.3,608984,1515259131.7
2025-08-13,ASIANPAINT,,,2479.8,2504.4,2461.2,2500.2,350844,875336847.9
2025-08-14,ASIANPAINT,,,2505,2534.9,2497.7,2528.7,1088550,2742413198.5
2025-08-18,ASIANPAINT,,,2550,2595,2536.6,2587.4,1755615,4517686760.7
2025-08-19,ASIANPAINT,,,2587.4,2595,2561.2,2579.4,698587,1801713644.4
2025-08-20,ASIANPAINT,,,2578,2579.3,2563.4,2570.1,308028,791956221.8
2025-08-21,ASIANPAINT,,,2574.9,2576,2559.3,2566.6,781082,2004458783.1
2025-08-22,ASIANPAINT,,,2562.8,2569.3,2501.1,2504.5,523774,1319457472.4
2025-08-25,ASIANPAINT,,,2516,2522.5,2476,2492.9,766497,1911606922.9
2025-08-26,ASIANPAINT,,,2481.1,2523.3,2468,2481.4,7106393,17649019058.8
2025-08-28,ASIANPAINT,,,2465,2528,2465,2489,1485769,3723234769.7
2025-08-29,ASIANPAINT,,,2491,2531.6,2490,2518.6,1798653,4520402451.2
2025-09-01,ASIANPAINT,,,2518,2577.8,2515.1,2570.2,1314833,3365906195.7
2025-09-02,ASIANPAINT,,,2569,2571.9,2531,2540,1024054,2610885776.3
2025-09-03,ASIANPAINT,,,2530,2565.1,2527.3,2553.9,925847,2361533560.3
2025-09-04,ASIANPAINT,,,2553.9,2583,2553,2568.6,933071,2398337278.7
2025-09-05,ASIANPAINT,,,2565,2602,2565,2579.9,1153436,2977275502.9
2025-09-08,ASIANPAINT,,,2579.9,2589.6,2526.4,2530.8,742880,1894727092.8
2025-09-09,ASIANPAINT,,,2540,2551.6,2524.8,2537.3,702450,1782683504.9
2025-09-10,ASIANPAINT,,,2537.3,2555,2525.1,2543.3,520584,1321251315.4
2025-09-11,ASIANPAINT,,,2541,2559.5,2535.7,2555.9,423961,1081716977.9
2025-09-12,ASIANPAINT,,,2560,2568.3,2537.2,2546.3,547539,1396674809.3
2025-09-15,ASIANPAINT,,,2535.1,2543.5,2498,2502.6,583051,1463134103
2025-09-16,ASIANPAINT,,,2495,2509.9,2474.5,2480.9,760790,1893458633.6
2025-09-17,ASIANPAINT,,,2482,2496.9,2480.8,2493.6,359627,894642603.9
2025-09-18,ASIANPAINT,,,2497.9,2506.2,2469.3,2478.7,400796,995696737.6
2025-09-19,ASIANPAINT,,,2475,2509.5,2468.5,2481.7,3731525,9273401995.4
2025-09-22,ASIANPAINT,,,2494.1,2503,2474.1,2482.7,872806,2171823851
2025-09-23,ASIANPAINT,,,2472.1,2483.8,2428,2446.9,1332111,3263485069.3
2025-09-24,ASIANPAINT,,,2446,2475,2443.2,2457.2,637749,1569639539.8
2025-09-25,ASIANPAINT,,,2458.5,2462.7,2388,2404,1518215,3663892010.1
2025-09-26,ASIANPAINT,,,2397.5,2400,2339,2342.8,1089446,2571028693.6
2025-09-29,ASIANPAINT,,,2342.9,2363.7,2329.2,2342.6,950369,2228469864.4
2025-09-30,ASIANPAINT,,,2352,2388.8,2340,2350,778874,1833117902
2025-10-01,ASIANPAINT,,,2353.4,2357,2321.2,2335.8,648279,1512551558.6
2025-10-03,ASIANPAINT,,,2342.2,2362.7,2336.1,2357.8,659872,1551000342.7
2025-10-06,ASIANPAINT,,,2355,2359.2,2334.1,2354.8,362107,850535067.3
2025-10-07,ASIANPAINT,,,2355,2371.4,2346,2352.8,498524,1176110967.3
2025-10-08,ASIANPAINT,,,2360,2369.4,2320,2328.5,701799,1639547744.8
2025-10-09,ASIANPAINT,,,2328.5,2341,2323.8,2336.4,587567,1370989777.5
2025-10-10,ASIANPAINT,,,2338.9,2357.8,2336.6,2340.2,1117236,2620577770.7
2025-10-13,ASIANPAINT,,,2340.2,2366.6,2337,2342.5,667732,1568954283.8
2025-10-14,ASIANPAINT,,,2342.4,2355,2308,2318.1,353345,822427063.9
2025-10-15,ASIANPAINT,,,2330,2384,2325,2375.1,753640,1783022180.8
2025-10-16,ASIANPAINT,,,2377,2420.8,2366.9,2409.7,715890,1713339299
2025-10-17,ASIANPAINT,,,2421,2544,2421,2507.8,3719960,9334553256.9
2025-10-20,ASIANPAINT,,,2507.8,2537.1,2500.7,2516,714986,1801119633.4
2025-10-23,ASIANPAINT,,,2518.9,2546,2496.8,2502.4,811738,2048084911.1
2025-10-24,ASIANPAINT,,,2495,2506.7,2486.3,2501.6,327596,818320317
2025-10-27,ASIANPAINT,,,2501.6,2530,2499.6,2518.8,550089,1385846403.6
2025-10-28,ASIANPAINT,,,2515,2528.6,2492,2509.3,1103957,2770513693.3
2025-10-29,ASIANPAINT,,,2520,2550.8,2512.5,2538.7,615292,1559722955.5
2025-10-30,ASIANPAINT,,,2535.5,2538.7,2513.3,2523.5,736486,1858842863.9
2025-10-31,ASIANPAINT,,,2523.4,2530,2505.3,2510.8,609128,1532103170.5
2025-11-03,ASIANPAINT,,,2496.2,2515.3,2495,2512.2,425210,1065258034.8
2025-11-04,ASIANPAINT,,,2510,2521,2479.7,2486.7,527087,1315651964
2025-11-06,ASIANPAINT,,,2560.1,2631,2560.1,2602.9,4448622,11586031696
2025-11-07,ASIANPAINT,,,2602.9,2618.9,2585,2613.8,791663,2059732475
2025-11-10,ASIANPAINT,,,2613.8,2666.8,2611.1,2650.4,1706880,4529510455.9
2025-11-11,ASIANPAINT,,,2650.4,2664.9,2633.4,2657.2,776404,2054650737.9
2025-11-12,ASIANPAINT,,,2660,2838.7,2642.1,2769.8,2859196,7839329437.1
2025-11-13,ASIANPAINT,,,2858.9,2897.1,2840,2879.4,5933630,17039398688.5
2025-11-14,ASIANPAINT,,,2865.1,2909.9,2862,2906.4,2494076,7230241805.2
2025-11-17,ASIANPAINT,,,2906.4,2926.9,2880,2887.9,1230683,3567612443.8
2025-11-18,ASIANPAINT,,,2886,2916,2862.1,2906,1819066,5280344681.7
2025-11-19,ASIANPAINT,,,2914,2916,2887.2,2893.7,1387906,4028671093.9
2025-11-20,ASIANPAINT,,,2897.4,2906.1,2852.5,2859.8,1062883,3048521729.9
2025-11-21,ASIANPAINT,,,2869,2895.6,2854.1,2876.6,857340,2462451544
2025-11-24,ASIANPAINT,,,2876,2896.5,2864.5,2879.2,5404326,15560766526.9
2025-11-25,ASIANPAINT,,,2899.9,2908.5,2869,2875.8,972417,2806587933.1
2025-11-26,ASIANPAINT,,,2880,2896.2,2857.6,2874,570376,1640809372.1
2025-11-27,ASIANPAINT,,,2880,2914.5,2871.4,2879.1,1158685,3347203855.3
2025-11-28,ASIANPAINT,,,2880,2889.9,2855.8,2874.4,748446,2151417620.2
2025-12-01,ASIANPAINT,,,2877.7,2887.5,2848,2867.6,499153,1428637555.3
2025-12-02,ASIANPAINT,,,2867,2962,2861.2,2954.4,2102147,6151586283.7
2025-12-03,ASIANPAINT,,,2969,2969.2,2932.6,2953.5,1252456,3691847992.4
2025-12-04,ASIANPAINT,,,2950,2985.7,2934,2957.2,1466098,4349271425.8
2025-12-05,ASIANPAINT,,,2955,2973.5,2941,2968.5,944978,2797578281.6
2025-12-08,ASIANPAINT,,,2970,2974.5,2914.8,2928.3,983544,2886037065.1
2025-12-09,ASIANPAINT,,,2910,2913.5,2788.5,2796,1839391,5175789766.7
2025-12-10,ASIANPAINT,,,2810,2824,2796.7,2804.5,845073,2371588651.5
2025-12-11,ASIANPAINT,,,2800,2811.6,2763.2,2779.4,777422,2163686674.4
2025-12-12,ASIANPAINT,,,2795,2797,2746,2764.8,977696,2706614447.5
2025-12-15,ASIANPAINT,,,2773.1,2802,2758.7,2780.2,1029674,2866876315.3
2025-12-16,ASIANPAINT,,,2793,2808,2776.1,2790.9,916244,2558631583.8
2025-12-17,ASIANPAINT,,,2800,2806.5,2772,2785.7,636499,1774625900.8
2025-12-18,ASIANPAINT,,,2780,2793.8,2755.3,2759.7,417994,1155775554.9
2025-12-19,ASIANPAINT,,,2766.4,2812.4,2759.7,2799.9,3895542,10897189760.2
2025-12-22,ASIANPAINT,,,2785.8,2823.1,2780.3,2807.6,463953,1300999073.9
2025-12-23,ASIANPAINT,,,2798,2819,2783.1,2807.8,431068,1208120827.5
2025-12-24,ASIANPAINT,,,2807.8,2824.7,2782,2785.5,512144,1434007847.3
2025-12-26,ASIANPAINT,,,2785,2794.4,2743,2746.5,532078,1466757575.6
2025-12-29,ASIANPAINT,,,2746.5,2793.8,2735,2775.4,815529,2253977239.6
2025-12-30,ASIANPAINT,,,2770.3,2792.4,2741,2758.3,4833527,13366391317.3
2025-12-31,ASIANPAINT,,,2755,2796.8,2754.9,2769.5,1274705,3539495798.2
2026-01-01,ASIANPAINT,,,2775.9,2782.7,2746.1,2752,327945,907249993
2026-01-02,ASIANPAINT,,,2755.8,2799,2755.8,2772.6,508884,1411222402.4
2026-01-05,ASIANPAINT,,,2770,2828,2769,2815.6,866733,2437581546.8
2026-01-06,ASIANPAINT,,,2820,2848.4,2811.6,2845.8,875891,2485422634
2026-01-07,ASIANPAINT,,,2845.8,2854.7,2801.1,2809.4,636748,1797299418.1
2026-01-08,ASIANPAINT,,,2795,2804.7,2770.1,2786.5,620031,1725299138.8
2026-01-09,ASIANPAINT,,,2789.9,2856.7,2786.2,2825.5,1657381,4689269490.4
2026-01-12,ASIANPAINT,,,2826,2900,2808,2896.4,1743901,4994112167.4
2026-01-13,ASIANPAINT,,,2900,2914.5,2870.8,2886.3,1051986,3036395120.3
2026-01-14,ASIANPAINT,,,2884,2884,2807.3,2813.9,958254,2712407016
2026-01-16,ASIANPAINT,,,2787.9,2826.5,2750.5,2756.9,1143463,3192296186.7
2026-01-19,ASIANPAINT,,,2756.9,2786.3,2724.7,2754,1342048,3716319610.1
2026-01-20,ASIANPAINT,,,2740,2740.1,2669.3,2675.6,911151,2465782705.8
2026-01-21,ASIANPAINT,,,2670,2688,2648,2661.1,914318,2437393473.6
2026-01-22,ASIANPAINT,,,2665.3,2729.9,2665.3,2703.8,1290346,3488631249.9
2026-01-23,ASIANPAINT,,,2703.8,2782.9,2690.8,2703.7,1786635,4901141899.6
2026-01-27,ASIANPAINT,,,2719.9,2734.7,2546,2622.8,3818761,10034319841.1
2026-01-28,ASIANPAINT,,,2535,2548.5,2451,2511.8,3430002,8553002482.2
2026-01-29,ASIANPAINT,,,2511.8,2514.9,2410,2416,3488159,8482751480.7
2026-01-30,ASIANPAINT,,,2417,2445,2400.5,2428.3,2048843,4972594558.1
2026-02-02,ASIANPAINT,,,2374.9,2429.5,2372,2402,1183482,2844234574.9
2026-02-03,ASIANPAINT,,,2525,2525,2391,2426,2233860,5423477544.6
2026-02-04,ASIANPAINT,,,2430,2463.8,2417.1,2452.7,970973,2377482103.6
2026-02-05,ASIANPAINT,,,2445,2455.8,2402.6,2432.1,1047405,2541786603.3
2026-02-06,ASIANPAINT,,,2432,2444,2386.1,2401.1,1043982,2506343304.3
2026-02-09,ASIANPAINT,,,2404,2426.2,2396.8,2417.4,669839,1615829263.6
2026-02-10,ASIANPAINT,,,2419,2420,2386.9,2393.6,1513620,3624948960.3
2026-02-11,ASIANPAINT,,,2399,2405.7,2376.3,2392.5,3177710,7581524292.7
2026-02-12,ASIANPAINT,,,2398,2413.9,2377,2410.5,607767,1459185362.7
2026-02-13,ASIANPAINT,,,2408.9,2411.8,2360.1,2366.4,675635,1608352322.4
2026-02-16,ASIANPAINT,,,2360,2405.1,2356.8,2397.2,683108,1631130020.3
2026-02-17,ASIANPAINT,,,2399.5,2452.4,2399.5,2437.4,1004356,2446421005.6
2026-02-18,ASIANPAINT,,,2440,2448.2,2416.5,2432.1,551809,1341158339.3
2026-02-19,ASIANPAINT,,,2420,2428,2391.1,2400.8,971600,2336285646.7
2026-02-20,ASIANPAINT,,,2378.2,2435.7,2376.1,2428.1,790329,1913505617.8
2026-02-23,ASIANPAINT,,,2424.7,2446.6,2411.5,2429.7,634365,1542408150.1
2026-02-24,ASIANPAINT,,,2413,2441.5,2403.7,2413.1,499660,1207176476.7
2026-02-25,ASIANPAINT,,,2416,2427.9,2400,2416.4,526764,1271877118
2026-02-26,ASIANPAINT,,,2416.1,2422.2,2382,2394.9,588742,1409827729.7
2026-02-27,ASIANPAINT,,,2385,2397.6,2359,2376.2,2531619,6016102713
2026-03-02,ASIANPAINT,,,2300,2337.9,2283.5,2307.1,2528308,5835298841.6
2026-03-04,ASIANPAINT,,,2260.7,2290.9,2216.3,2285.2,1610358,3645817586.4
2026-03-05,ASIANPAINT,,,2285.2,2313,2253.7,2287.8,925040,2102355049.5
2026-03-06,ASIANPAINT,,,2261.7,2307.9,2253.7,2279.5,979742,2240550607.8
2026-03-09,ASIANPAINT,,,2200,2230,2162.6,2220.8,2198153,4815798500.2
2026-03-10,ASIANPAINT,,,2251.6,2305.1,2251.6,2280.4,1192174,2706306584.2
2026-03-11,ASIANPAINT,,,2290,2302,2226,2232,687786,1554874263.9
2026-03-12,ASIANPAINT,,,2208,2249.9,2201,2221.2,1384055,3079904845.5
2026-03-13,ASIANPAINT,,,2204.7,2219.7,2190,2196.8,949233,2090114573.3
2026-03-16,ASIANPAINT,,,2185.4,2227.8,2175.1,2217.7,1111587,2452702443
2026-03-17,ASIANPAINT,,,2217.7,2261.5,2217.2,2238.2,875461,1957941898
2026-03-18,ASIANPAINT,,,2235.1,2270.4,2228.6,2262.1,844912,1901298329.5
2026-03-19,ASIANPAINT,,,2220,2239,2180.6,2186,889334,1953434541.3
2026-03-20,ASIANPAINT,,,2210.9,2224.5,2185,2195.4,875920,1928664416.5
2026-03-23,ASIANPAINT,,,2180,2180,2115,2121.3,978398,2092108841.1
2026-03-24,ASIANPAINT,,,2184,2224.5,2153.3,2217.3,1561016,3429455492.8
2026-03-25,ASIANPAINT,,,2225.1,2289.7,2222,2270.2,1270855,2877554227.6
2026-03-27,ASIANPAINT,,,2246.3,2269,2201.1,2207.4,1089010,2423608122.6
2026-03-30,ASIANPAINT,,,2185.3,2202.9,2151,2165.2,1513565,3285790677.2
2026-04-01,ASIANPAINT,,,2224.8,2246.6,2198.4,2225.8,1209900,2690436890.4
2026-04-02,ASIANPAINT,,,2185,2185.1,2142.4,2169,1854061,4010097653.4
2026-04-06,ASIANPAINT,,,2169,2193.2,2145.9,2184.3,2048228,4452338361.7
2026-04-07,ASIANPAINT,,,2167.7,2198.7,2145,2186.2,1793007,3909621490.1
2026-04-08,ASIANPAINT,,,2284.5,2336.9,2245.2,2282.4,2914767,6641871320.4
2026-04-09,ASIANPAINT,,,2275,2289.6,2252,2269.6,1980060,4497344728.3
2026-04-10,ASIANPAINT,,,2267.7,2376.9,2267.7,2360.7,3018178,7099721354.8
2026-04-13,ASIANPAINT,,,2279.9,2362.5,2262,2352.4,1734562,4044120223.3
2026-04-15,ASIANPAINT,,,2400.5,2426,2381,2423.1,1182431,2854423588.3
2026-04-16,ASIANPAINT,,,2435,2446.6,2411.6,2440.3,1496210,3643008751.9
2026-04-17,ASIANPAINT,,,2425,2486.1,2417.5,2464,1286575,3171250206.9
2026-04-20,ASIANPAINT,,,2470,2523.8,2456.5,2516.8,1203157,3012267119.9
2026-04-21,ASIANPAINT,,,2516.3,2582,2513.7,2543.6,1681872,4292672396.3
2026-04-22,ASIANPAINT,,,2500,2572,2500,2562.9,1126584,2877618609.9
2026-04-23,ASIANPAINT,,,2530,2541.7,2510,2521.4,1378614,3483970261.1
2026-04-24,ASIANPAINT,,,2521.4,2538.9,2470.7,2485.1,436871,1089049878.2
2026-04-27,ASIANPAINT,,,2503,2519.8,2475.5,2485.2,452134,1127962239
2026-04-28,ASIANPAINT,,,2475,2499,2456.1,2462.6,556571,1378249892.9
2026-04-29,ASIANPAINT,,,2469.9,2477.9,2438.6,2447.3,603585,1482047114.2
2026-04-30,ASIANPAINT,,,2426.7,2455.9,2385.5,2444.5,823684,1998631861.9
2026-05-04,ASIANPAINT,,,2460,2507,2442.3,2448.1,581159,1436513239.4
2026-05-05,ASIANPAINT,,,2430,2454.9,2415,2430,327682,796415379.2
2026-05-06,ASIANPAINT,,,2460,2529,2440.4,2519,1395987,3485858852.7
2026-05-07,ASIANPAINT,,,2534.6,2555.8,2511.3,2530.6,1053513,2666398925.5
2026-05-08,ASIANPAINT,,,2540,2607.4,2515.4,2599.9,2327900,6023599214.6
2026-05-11,ASIANPAINT,,,2578.9,2607.9,2555,2566.1,1271257,3280881847.7
2026-05-12,ASIANPAINT,,,2546.2,2555.7,2500,2505.5,628802,1582728545
2026-05-13,ASIANPAINT,,,2554,2642.4,2554,2617.6,3515018,9182847668.2
2026-05-14,ASIANPAINT,,,2620,2665.7,2610,2622.2,1040916,2739487168.9
2026-05-15,ASIANPAINT,,,2622.2,2640,2592.8,2605.6,796240,2079694121.2
2026-05-18,ASIANPAINT,,,2580.1,2619.4,2556,2614,898479,2336173106.1
2026-05-19,ASIANPAINT,,,2629,2646,2595.1,2600.7,688639,1803309833.7
2026-05-20,ASIANPAINT,,,2562,2614,2562,2598.6,586190,1524272270.2
2026-05-21,ASIANPAINT,,,2625,2648.3,2590.8,2598.8,1031843,2699911404.9
2026-05-22,ASIANPAINT,,,2606.1,2664.7,2600.2,2639.8,1556434,4123078772.6
2026-05-25,ASIANPAINT,,,2672,2684.1,2653.2,2657.8,815621,2175164617.6
2026-05-26,ASIANPAINT,,,2650,2664.3,2635.9,2647,486267,1289155442.6
2026-05-27,ASIANPAINT,,,2644.8,2689.6,2642,2671.9,858457,2295261030.1
2026-05-29,ASIANPAINT,,,2676.1,2748.2,2631.6,2671.6,5062328,13576140868
2026-06-01,ASIANPAINT,,,2732.6,2778.8,2626.7,2632.4,2224344,6015543946.6
2026-06-02,ASIANPAINT,,,2626.1,2672.1,2607.9,2660.7,1026319,2712464943.8
2026-06-03,ASIANPAINT,,,2652.1,2676,2624.7,2662.4,958774,2549256040.7
2026-06-04,ASIANPAINT,,,2663.9,2698.8,2644.9,2661.6,1840743,4918745220.3
2026-06-08,ASIANPAINT,,,2643.3,2675,2630.1,2659.2,1262904,3358445404.3
2026-06-09,ASIANPAINT,,,2666.2,2719,2661.5,2708.1,1416560,3822076947.6
2026-06-10,ASIANPAINT,,,2711.1,2744,2700,2715.1,1395772,3807637459.7
2026-06-11,ASIANPAINT,,,2693.9,2706.7,2671,2690.9,771558,2075018957.4
2026-06-12,ASIANPAINT,,,2725.7,2753,2709.4,2747.4,1078025,2951855820.6
2026-06-17,ASIANPAINT,,,2764,2768.9,2732.5,2738,557209,1528758164.8
2026-06-18,ASIANPAINT,,,2745,2765,2728.2,2755,600888,1650691682.8
2026-06-19,ASIANPAINT,,,2752.9,2752.9,2718.8,2732.9,838991,2291920744.3
2026-06-23,ASIANPAINT,,,2669,2695.4,2650.1,2661.2,1182151,3154256822.9
2026-06-24,ASIANPAINT,,,2662,2687.6,2653.6,2667.5,1264476,3374370550.8
2026-06-25,ASIANPAINT,,,2690,2690.7,2637.1,2645.2,2050810,5458972319.1
2026-06-29,ASIANPAINT,,,2631.3,2687.8,2630,2656.9,4752587,12624781985.8
2026-06-30,ASIANPAINT,,,2658,2672.1,2630.3,2635.7,1821479,4829694186.8
2026-07-01,ASIANPAINT,,,2648,2723,2624,2716.4,1097512,2958123980.5
2026-07-02,ASIANPAINT,,,2720,2759.9,2711,2744.5,1629567,4465311962.2
2026-07-03,ASIANPAINT,,,2744,2762.4,2730,2737.8,472124,1295040562
2026-07-06,ASIANPAINT,,,2724,2758,2722,2754.9,504943,1385986059.3
2026-07-07,ASIANPAINT,,,2750,2751.8,2726.4,2731.4,489066,1339371235.7
2026-07-08,ASIANPAINT,,,2676.6,2713.1,2653.3,2665.9,1481672,3965605175.5
2026-07-09,ASIANPAINT,,,2658,2722.8,2656,2673.8,918568,2473966589.6
2026-07-10,ASIANPAINT,,,2695,2728.2,2672.9,2677.8,982095,2641115554.4
2026-07-13,ASIANPAINT,,,2650.5,2664.4,2630.1,2652.1,1107802,2934994071.3
2026-07-14,ASIANPAINT,,,2604,2655.9,2579.9,2641,975301,2574739009.1
2026-07-15,ASIANPAINT,,,2644.9,2684,2644.9,2670,809114,2160536081.3
2026-07-16,ASIANPAINT,,,2688,2693.1,2660.1,2674.7,455037,1217685350.6
2026-07-17,ASIANPAINT,,,2665,2700,2665,2689,452284,1215666341.6
2026-07-20,ASIANPAINT,,,2689,2708.5,2666.7,2691.4,571087,1534371537.1
2026-07-21,ASIANPAINT,,,2695,2720,2680.5,2692.4,1000078,2695226139.9
2026-07-22,ASIANPAINT,,,2683,2700,2665.6,2692.8,528096,1417722249.3
2026-07-23,ASIANPAINT,,,2671.1,2693.4,2656,2668.8,584245,1560933357.1
2026-07-24,ASIANPAINT,,,2620.1,2657.1,2620.1,2637.9,645563,1706262276.4
2026-07-27,ASIANPAINT,,,2665.8,2723.9,2664.3,2710.2,715239,1938605521.5
2026-07-28,ASIANPAINT,,,2712,2749.8,2706.3,2736.2,1282146,3503528051.9
2026-07-29,ASIANPAINT,,,2746.2,2864,2718.5,2758.4,3803474,10602781039.8
2026-07-30,ASIANPAINT,,,2758.1,2767.9,2666.2,2746.2,2387024,6501968693.6
2026-07-31,ASIANPAINT,,,2773.9,2774.9,2732.4,2747.3,891738,2452144118.6
2026-08-03,ASIANPAINT,,,2770.9,2810,2762.1,2810,1040453,2890424435.5
2026-08-04,ASIANPAINT,,,2774.9,2807.3,2732.4,2775,820097,2273525548.6
2026-08-05,ASIANPAINT,,,2787,2787,2748.7,2760,688876,1902063473.1
2026-08-06,ASIANPAINT,,,2788,2788,2741.6,2755,797083,2196884703.3
2026-08-07,ASIANPAINT,,,2755,2755,2695,2735,1067986,2900458044.1
2026-08-10,ASIANPAINT,,,2724.7,2761.5,2713.5,2750,977656,2684335716.4
2026-08-11,ASIANPAINT,,,2742.1,2747.6,2720,2735.5,951134,2599739391.4
2026-08-12,ASIANPAINT,,,2733.2,2748.4,2698.2,2740,648174,1767398352.8
2026-08-13,ASIANPAINT,,,2725,2755.5,2720,2755.5,579435,1585563852.8
2026-08-14,ASIANPAINT,,,2751,2751,2690.3,2696.3,667311,1808986829.3
2026-08-17,ASIANPAINT,,,2694.5,2714.6,2687.5,2687.5,312900,845248926.5
2026-08-18,ASIANPAINT,,,2663.1,2670.1,2610.1,2628.4,1017022,2683041988.3
2026-08-19,ASIANPAINT,,,2625,2634.9,2601,2630.8,742443,1940201485.6
2026-08-20,ASIANPAINT,,,2635.1,2641.8,2607,2625.2,476939,1251558977
2026-08-21,ASIANPAINT,,,2620.2,2644,2615.5,2640,330334,868007102.5
2026-08-24,ASIANPAINT,,,2640.4,2642.7,2622,2640.8,355289,934318394.6
2026-08-25,ASIANPAINT,,,2631,2640,2605.2,2639.8,479480,1256534871.4
2026-08-26,ASIANPAINT,,,2660.9,2678.7,2626.5,2626.5,339110,898337657.7
2026-08-27,ASIANPAINT,,,2637.9,2655.9,2627.9,2631,525106,1387155598.3
2026-08-28,ASIANPAINT,,,2645,2645,2583.8,2608.7,482544,1257683631.8
2026-08-31,ASIANPAINT,,,2590,2653.6,2561.1,2653.6,1381178,3596538115.7
2026-09-01,ASIANPAINT,,,2645.3,2645.3,2545.2,2575.5,1046523,2700972338.9
2026-09-02,ASIANPAINT,,,2548,2548,2510.7,2527.5,497889,1256810334.9
2026-09-03,ASIANPAINT,,,2530,2544,2515.1,2541.6,589499,1491676218.2
2026-09-04,ASIANPAINT,,,2540,2553.9,2519.8,2527.3,399368,1012472116.7
2026-09-07,ASIANPAINT,,,2511.1,2523.5,2489.7,2500.9,240336,601439291.3
2026-09-08,ASIANPAINT,,,2499,2499,2474.1,2481.6,373248,928837138.7
2026-09-09,ASIANPAINT,,,2459.1,2489,2457.4,2489,432840,1071563011
2026-09-10,ASIANPAINT,,,2485.1,2498.1,2468.6,2498.1,549332,1365700921
2026-09-11,ASIANPAINT,,,2453.2,2472.5,2442.8,2472.5,653006,1607336557.4
2026-09-15,ASIANPAINT,,,2472.5,2473,2402.8,2402.8,539643,1310755516.4
2026-09-16,ASIANPAINT,,,2405.1,2444.5,2397.4,2416.6,591671,1437538996.1
2026-09-17,ASIANPAINT,,,2424,2454,2421,2454,486007,1185136206.8
2026-09-18,ASIANPAINT,,,2455.7,2474,2438,2451.3,1000730,2454984278
